Timestamp,User Count,Type,Name,Requests/s,Failures/s,50%,66%,75%,80%,90%,95%,98%,99%,99.9%,99.99%,100%,Total Request Count,Total Failure Count,Total Median Response Time,Total Average Response Time,Total Min Response Time,Total Max Response Time,Total Average Content Size
1791187007,0,,Aggregated,0.000000,0.000000,N/A,N/A,N/A,N/A,N/A,N/A,N/A,N/A,N/A,N/A,N/A,0,0,0,0.0,0,0,0
1791187008,0,,Aggregated,0.000000,0.000000,N/A,N/A,N/A,N/A,N/A,N/A,N/A,N/A,N/A,N/A,N/A,0,0,0,0.0,0,0,0
1791187009,0,,Aggregated,0.000000,0.000000,N/A,N/A,N/A,N/A,N/A,N/A,N/A,N/A,N/A,N/A,N/A,0,0,0,0.0,0,0,0
1791187010,0,,Aggregated,0.000000,0.000000,N/A,N/A,N/A,N/A,N/A,N/A,N/A,N/A,N/A,N/A,N/A,0,0,0,0.0,0,0,0
1791187011,0,,Aggregated,0.000000,0.000000,N/A,N/A,N/A,N/A,N/A,N/A,N/A,N/A,N/A,N/A,N/A,0,0,0,0.0,0,0,0
1791187012,0,,Aggregated,0.000000,0.000000,N/A,N/A,N/A,N/A,N/A,N/A,N/A,N/A,N/A,N/A,N/A,0,0,0,0.0,0,0,0
1791187013,0,,Aggregated,0.000000,0.000000,N/A,N/A,N/A,N/A,N/A,N/A,N/A,N/A,N/A,N/A,N/A,0,0,0,0.0,0,0,0
1791187014,0,,Aggregated,0.000000,0.000000,N/A,N/A,N/A,N/A,N/A,N/A,N/A,N/A,N/A,N/A,N/A,0,0,0,0.0,0,0,0
1791187015,0,,Aggregated,0.000000,0.000000,N/A,N/A,N/A,N/A,N/A,N/A,N/A,N/A,N/A,N/A,N/A,0,0,0,0.0,0,0,0
1791187016,0,,Aggregated,0.000000,0.000000,N/A,N/A,N/A,N/A,N/A,N/A,N/A,N/A,N/A,N/A,N/A,0,0,0,0.0,0,0,0
1791187017,0,,Aggregated,0.000000,0.000000,N/A,N/A,N/A,N/A,N/A,N/A,N/A,N/A,N/A,N/A,N/A,0,0,0,0.0,0,0,0
1791187018,0,,Aggregated,0.000000,0.000000,N/A,N/A,N/A,N/A,N/A,N/A,N/A,N/A,N/A,N/A,N/A,0,0,0,0.0,0,0,0
1791187019,0,,Aggregated,0.000000,0.000000,N/A,N/A,N/A,N/A,N/A,N/A,N/A,N/A,N/A,N/A,N/A,0,0,0,0.0,0,0,0
1791187020,0,,Aggregated,0.000000,0.000000,N/A,N/A,N/A,N/A,N/A,N/A,N/A,N/A,N/A,N/A,N/A,0,0,0,0.0,0,0,0
1791187021,0,,Aggregated,0.000000,0.000000,N/A,N/A,N/A,N/A,N/A,N/A,N/A,N/A,N/A,N/A,N/A,0,0,0,0.0,0,0,0
1791187022,0,,Aggregated,0.000000,0.000000,N/A,N/A,N/A,N/A,N/A,N/A,N/A,N/A,N/A,N/A,N/A,0,0,0,0.0,0,0,0
1791187023,0,,Aggregated,0.000000,0.000000,N/A,N/A,N/A,N/A,N/A,N/A,N/A,N/A,N/A,N/A,N/A,0,0,0,0.0,0,0,0
1791187024,0,,Aggregated,0.000000,0.000000,N/A,N/A,N/A,N/A,N/A,N/A,N/A,N/A,N/A,N/A,N/A,0,0,0,0.0,0,0,0
1791187025,0,,Aggregated,0.000000,0.000000,N/A,N/A,N/A,N/A,N/A,N/A,N/A,N/A,N/A,N/A,N/A,0,0,0,0.0,0,0,0
1791187026,0,,Aggregated,0.000000,0.000000,N/A,N/A,N/A,N/A,N/A,N/A,N/A,N/A,N/A,N/A,N/A,0,0,0,0.0,0,0,0
1791187027,0,,Aggregated,0.000000,0.000000,N/A,N/A,N/A,N/A,N/A,N/A,N/A,N/A,N/A,N/A,N/A,0,0,0,0.0,0,0,0
1791187028,0,,Aggregated,0.000000,0.000000,N/A,N/A,N/A,N/A,N/A,N/A,N/A,N/A,N/A,N/A,N/A,0,0,0,0.0,0,0,0
1791187029,0,,Aggregated,0.000000,0.000000,N/A,N/A,N/A,N/A,N/A,N/A,N/A,N/A,N/A,N/A,N/A,0,0,0,0.0,0,0,0
1791187030,0,,Aggregated,0.000000,0.000000,N/A,N/A,N/A,N/A,N/A,N/A,N/A,N/A,N/A,N/A,N/A,0,0,0,0.0,0,0,0
1791187031,0,,Aggregated,0.000000,0.000000,N/A,N/A,N/A,N/A,N/A,N/A,N/A,N/A,N/A,N/A,N/A,0,0,0,0.0,0,0,0
1791187032,0,,Aggregated,0.000000,0.000000,N/A,N/A,N/A,N/A,N/A,N/A,N/A,N/A,N/A,N/A,N/A,0,0,0,0.0,0,0,0
1791187033,0,,Aggregated,0.000000,0.000000,N/A,N/A,N/A,N/A,N/A,N/A,N/A,N/A,N/A,N/A,N/A,0,0,0,0.0,0,0,0
1791187034,0,,Aggregated,0.000000,0.000000,N/A,N/A,N/A,N/A,N/A,N/A,N/A,N/A,N/A,N/A,N/A,0,0,0,0.0,0,0,0
1791187035,0,,Aggregated,0.000000,0.000000,N/A,N/A,N/A,N/A,N/A,N/A,N/A,N/A,N/A,N/A,N/A,0,0,0,0.0,0,0,0
1791187036,0,,Aggregated,0.000000,0.000000,N/A,N/A,N/A,N/A,N/A,N/A,N/A,N/A,N/A,N/A,N/A,0,0,0,0.0,0,0,0
1791187037,0,,Aggregated,0.000000,0.000000,N/A,N/A,N/A,N/A,N/A,N/A,N/A,N/A,N/A,N/A,N/A,0,0,0,0.0,0,0,0
1791187038,0,,Aggregated,0.000000,0.000000,N/A,N/A,N/A,N/A,N/A,N/A,N/A,N/A,N/A,N/A,N/A,0,0,0,0.0,0,0,0
1791187039,0,,Aggregated,0.000000,0.000000,N/A,N/A,N/A,N/A,N/A,N/A,N/A,N/A,N/A,N/A,N/A,0,0,0,0.0,0,0,0
1791187040,0,,Aggregated,0.000000,0.000000,N/A,N/A,N/A,N/A,N/A,N/A,N/A,N/A,N/A,N/A,N/A,0,0,0,0.0,0,0,0
1791187041,0,,Aggregated,0.000000,0.000000,N/A,N/A,N/A,N/A,N/A,N/A,N/A,N/A,N/A,N/A,N/A,0,0,0,0.0,0,0,0
1791187042,0,,Aggregated,0.000000,0.000000,N/A,N/A,N/A,N/A,N/A,N/A,N/A,N/A,N/A,N/A,N/A,0,0,0,0.0,0,0,0
1791187043,0,,Aggregated,0.000000,0.000000,N/A,N/A,N/A,N/A,N/A,N/A,N/A,N/A,N/A,N/A,N/A,0,0,0,0.0,0,0,0
1791187044,0,,Aggregated,0.000000,0.000000,N/A,N/A,N/A,N/A,N/A,N/A,N/A,N/A,N/A,N/A,N/A,0,0,0,0.0,0,0,0
1791187045,0,,Aggregated,0.000000,0.000000,N/A,N/A,N/A,N/A,N/A,N/A,N/A,N/A,N/A,N/A,N/A,0,0,0,0.0,0,0,0
1791187046,0,,Aggregated,0.000000,0.000000,N/A,N/A,N/A,N/A,N/A,N/A,N/A,N/A,N/A,N/A,N/A,0,0,0,0.0,0,0,0
1791187047,0,,Aggregated,0.000000,0.000000,N/A,N/A,N/A,N/A,N/A,N/A,N/A,N/A,N/A,N/A,N/A,0,0,0,0.0,0,0,0
1791187048,0,,Aggregated,0.000000,0.000000,N/A,N/A,N/A,N/A,N/A,N/A,N/A,N/A,N/A,N/A,N/A,0,0,0,0.0,0,0,0
1791187049,0,,Aggregated,0.000000,0.000000,N/A,N/A,N/A,N/A,N/A,N/A,N/A,N/A,N/A,N/A,N/A,0,0,0,0.0,0,0,0
1791187050,0,,Aggregated,0.000000,0.000000,N/A,N/A,N/A,N/A,N/A,N/A,N/A,N/A,N/A,N/A,N/A,0,0,0,0.0,0,0,0
1791187051,0,,Aggregated,0.000000,0.000000,N/A,N/A,N/A,N/A,N/A,N/A,N/A,N/A,N/A,N/A,N/A,0,0,0,0.0,0,0,0
1791187052,0,,Aggregated,0.000000,0.000000,N/A,N/A,N/A,N/A,N/A,N/A,N/A,N/A,N/A,N/A,N/A,0,0,0,0.0,0,0,0
1791187053,0,,Aggregated,0.000000,0.000000,N/A,N/A,N/A,N/A,N/A,N/A,N/A,N/A,N/A,N/A,N/A,0,0,0,0.0,0,0,0
1791187054,0,,Aggregated,0.000000,0.000000,N/A,N/A,N/A,N/A,N/A,N/A,N/A,N/A,N/A,N/A,N/A,0,0,0,0.0,0,0,0
1791187055,0,,Aggregated,0.000000,0.000000,N/A,N/A,N/A,N/A,N/A,N/A,N/A,N/A,N/A,N/A,N/A,0,0,0,0.0,0,0,0
1791187056,0,,Aggregated,0.000000,0.000000,N/A,N/A,N/A,N/A,N/A,N/A,N/A,N/A,N/A,N/A,N/A,0,0,0,0.0,0,0,0
1791187057,0,,Aggregated,0.000000,0.000000,N/A,N/A,N/A,N/A,N/A,N/A,N/A,N/A,N/A,N/A,N/A,0,0,0,0.0,0,0,0
1791187058,0,,Aggregated,0.000000,0.000000,N/A,N/A,N/A,N/A,N/A,N/A,N/A,N/A,N/A,N/A,N/A,0,0,0,0.0,0,0,0
1791187059,0,,Aggregated,0.000000,0.000000,N/A,N/A,N/A,N/A,N/A,N/A,N/A,N/A,N/A,N/A,N/A,0,0,0,0.0,0,0,0
1791187060,0,,Aggregated,0.000000,0.000000,N/A,N/A,N/A,N/A,N/A,N/A,N/A,N/A,N/A,N/A,N/A,0,0,0,0.0,0,0,0
1791187061,0,,Aggregated,0.000000,0.000000,N/A,N/A,N/A,N/A,N/A,N/A,N/A,N/A,N/A,N/A,N/A,0,0,0,0.0,0,0,0
1791187062,0,,Aggregated,0.000000,0.000000,N/A,N/A,N/A,N/A,N/A,N/A,N/A,N/A,N/A,N/A,N/A,0,0,0,0.0,0,0,0
1791187063,0,,Aggregated,0.000000,0.000000,N/A,N/A,N/A,N/A,N/A,N/A,N/A,N/A,N/A,N/A,N/A,0,0,0,0.0,0,0,0
1791187064,0,,Aggregated,0.000000,0.000000,N/A,N/A,N/A,N/A,N/A,N/A,N/A,N/A,N/A,N/A,N/A,0,0,0,0.0,0,0,0
1791187065,0,,Aggregated,0.000000,0.000000,N/A,N/A,N/A,N/A,N/A,N/A,N/A,N/A,N/A,N/A,N/A,0,0,0,0.0,0,0,0
1791187066,0,,Aggregated,0.000000,0.000000,N/A,N/A,N/A,N/A,N/A,N/A,N/A,N/A,N/A,N/A,N/A,0,0,0,0.0,0,0,0
1791187067,0,,Aggregated,0.000000,0.000000,N/A,N/A,N/A,N/A,N/A,N/A,N/A,N/A,N/A,N/A,N/A,0,0,0,0.0,0,0,0
1791187068,0,,Aggregated,0.000000,0.000000,N/A,N/A,N/A,N/A,N/A,N/A,N/A,N/A,N/A,N/A,N/A,0,0,0,0.0,0,0,0
1791187069,0,,Aggregated,0.000000,0.000000,N/A,N/A,N/A,N/A,N/A,N/A,N/A,N/A,N/A,N/A,N/A,0,0,0,0.0,0,0,0
1791187070,0,,Aggregated,0.000000,0.000000,N/A,N/A,N/A,N/A,N/A,N/A,N/A,N/A,N/A,N/A,N/A,0,0,0,0.0,0,0,0
1791187071,0,,Aggregated,0.000000,0.000000,N/A,N/A,N/A,N/A,N/A,N/A,N/A,N/A,N/A,N/A,N/A,0,0,0,0.0,0,0,0
1791187072,0,,Aggregated,0.000000,0.000000,N/A,N/A,N/A,N/A,N/A,N/A,N/A,N/A,N/A,N/A,N/A,0,0,0,0.0,0,0,0
1791187073,0,,Aggregated,0.000000,0.000000,N/A,N/A,N/A,N/A,N/A,N/A,N/A,N/A,N/A,N/A,N/A,0,0,0,0.0,0,0,0
1791187074,0,,Aggregated,0.000000,0.000000,N/A,N/A,N/A,N/A,N/A,N/A,N/A,N/A,N/A,N/A,N/A,0,0,0,0.0,0,0,0
1791187075,0,,Aggregated,0.000000,0.000000,N/A,N/A,N/A,N/A,N/A,N/A,N/A,N/A,N/A,N/A,N/A,0,0,0,0.0,0,0,0
1791187076,0,,Aggregated,0.000000,0.000000,N/A,N/A,N/A,N/A,N/A,N/A,N/A,N/A,N/A,N/A,N/A,0,0,0,0.0,0,0,0
1791187077,0,,Aggregated,0.000000,0.000000,N/A,N/A,N/A,N/A,N/A,N/A,N/A,N/A,N/A,N/A,N/A,0,0,0,0.0,0,0,0
1791187078,0,,Aggregated,0.000000,0.000000,N/A,N/A,N/A,N/A,N/A,N/A,N/A,N/A,N/A,N/A,N/A,0,0,0,0.0,0,0,0
1791187079,0,,Aggregated,0.000000,0.000000,N/A,N/A,N/A,N/A,N/A,N/A,N/A,N/A,N/A,N/A,N/A,0,0,0,0.0,0,0,0
1791187080,0,,Aggregated,0.000000,0.000000,N/A,N/A,N/A,N/A,N/A,N/A,N/A,N/A,N/A,N/A,N/A,0,0,0,0.0,0,0,0
1791187081,0,,Aggregated,0.000000,0.000000,N/A,N/A,N/A,N/A,N/A,N/A,N/A,N/A,N/A,N/A,N/A,0,0,0,0.0,0,0,0
1791187082,0,,Aggregated,0.000000,0.000000,N/A,N/A,N/A,N/A,N/A,N/A,N/A,N/A,N/A,N/A,N/A,0,0,0,0.0,0,0,0
1791187083,0,,Aggregated,0.000000,0.000000,N/A,N/A,N/A,N/A,N/A,N/A,N/A,N/A,N/A,N/A,N/A,0,0,0,0.0,0,0,0
1791187084,0,,Aggregated,0.000000,0.000000,N/A,N/A,N/A,N/A,N/A,N/A,N/A,N/A,N/A,N/A,N/A,0,0,0,0.0,0,0,0
1791187085,0,,Aggregated,0.000000,0.000000,N/A,N/A,N/A,N/A,N/A,N/A,N/A,N/A,N/A,N/A,N/A,0,0,0,0.0,0,0,0
1791187086,0,,Aggregated,0.000000,0.000000,N/A,N/A,N/A,N/A,N/A,N/A,N/A,N/A,N/A,N/A,N/A,0,0,0,0.0,0,0,0
1791187087,0,,Aggregated,0.000000,0.000000,N/A,N/A,N/A,N/A,N/A,N/A,N/A,N/A,N/A,N/A,N/A,0,0,0,0.0,0,0,0
1791187088,0,,Aggregated,0.000000,0.000000,N/A,N/A,N/A,N/A,N/A,N/A,N/A,N/A,N/A,N/A,N/A,0,0,0,0.0,0,0,0
1791187089,0,,Aggregated,0.000000,0.000000,N/A,N/A,N/A,N/A,N/A,N/A,N/A,N/A,N/A,N/A,N/A,0,0,0,0.0,0,0,0
1791187090,0,,Aggregated,0.000000,0.000000,N/A,N/A,N/A,N/A,N/A,N/A,N/A,N/A,N/A,N/A,N/A,0,0,0,0.0,0,0,0
1791187091,0,,Aggregated,0.000000,0.000000,N/A,N/A,N/A,N/A,N/A,N/A,N/A,N/A,N/A,N/A,N/A,0,0,0,0.0,0,0,0
1791187092,0,,Aggregated,0.000000,0.000000,N/A,N/A,N/A,N/A,N/A,N/A,N/A,N/A,N/A,N/A,N/A,0,0,0,0.0,0,0,0
1791187093,0,,Aggregated,0.000000,0.000000,N/A,N/A,N/A,N/A,N/A,N/A,N/A,N/A,N/A,N/A,N/A,0,0,0,0.0,0,0,0
1791187094,0,,Aggregated,0.000000,0.000000,N/A,N/A,N/A,N/A,N/A,N/A,N/A,N/A,N/A,N/A,N/A,0,0,0,0.0,0,0,0
1791187095,0,,Aggregated,0.000000,0.000000,N/A,N/A,N/A,N/A,N/A,N/A,N/A,N/A,N/A,N/A,N/A,0,0,0,0.0,0,0,0
1791187096,0,,Aggregated,0.000000,0.000000,N/A,N/A,N/A,N/A,N/A,N/A,N/A,N/A,N/A,N/A,N/A,0,0,0,0.0,0,0,0
1791187097,0,,Aggregated,0.000000,0.000000,N/A,N/A,N/A,N/A,N/A,N/A,N/A,N/A,N/A,N/A,N/A,0,0,0,0.0,0,0,0
1791187098,0,,Aggregated,0.000000,0.000000,N/A,N/A,N/A,N/A,N/A,N/A,N/A,N/A,N/A,N/A,N/A,0,0,0,0.0,0,0,0
1791187099,0,,Aggregated,0.000000,0.000000,N/A,N/A,N/A,N/A,N/A,N/A,N/A,N/A,N/A,N/A,N/A,0,0,0,0.0,0,0,0
1791187100,0,,Aggregated,0.000000,0.000000,N/A,N/A,N/A,N/A,N/A,N/A,N/A,N/A,N/A,N/A,N/A,0,0,0,0.0,0,0,0
1791187101,0,,Aggregated,0.000000,0.000000,N/A,N/A,N/A,N/A,N/A,N/A,N/A,N/A,N/A,N/A,N/A,0,0,0,0.0,0,0,0
1791187102,0,,Aggregated,0.000000,0.000000,N/A,N/A,N/A,N/A,N/A,N/A,N/A,N/A,N/A,N/A,N/A,0,0,0,0.0,0,0,0
1791187103,0,,Aggregated,0.000000,0.000000,N/A,N/A,N/A,N/A,N/A,N/A,N/A,N/A,N/A,N/A,N/A,0,0,0,0.0,0,0,0
1791187104,0,,Aggregated,0.000000,0.000000,N/A,N/A,N/A,N/A,N/A,N/A,N/A,N/A,N/A,N/A,N/A,0,0,0,0.0,0,0,0
1791187105,0,,Aggregated,0.000000,0.000000,N/A,N/A,N/A,N/A,N/A,N/A,N/A,N/A,N/A,N/A,N/A,0,0,0,0.0,0,0,0
1791187106,0,,Aggregated,0.000000,0.000000,N/A,N/A,N/A,N/A,N/A,N/A,N/A,N/A,N/A,N/A,N/A,0,0,0,0.0,0,0,0
1791187107,0,,Aggregated,0.000000,0.000000,N/A,N/A,N/A,N/A,N/A,N/A,N/A,N/A,N/A,N/A,N/A,0,0,0,0.0,0,0,0
1791187108,0,,Aggregated,0.000000,0.000000,N/A,N/A,N/A,N/A,N/A,N/A,N/A,N/A,N/A,N/A,N/A,0,0,0,0.0,0,0,0
1791187109,0,,Aggregated,0.000000,0.000000,N/A,N/A,N/A,N/A,N/A,N/A,N/A,N/A,N/A,N/A,N/A,0,0,0,0.0,0,0,0
1791187110,0,,Aggregated,0.000000,0.000000,N/A,N/A,N/A,N/A,N/A,N/A,N/A,N/A,N/A,N/A,N/A,0,0,0,0.0,0,0,0
1791187111,0,,Aggregated,0.000000,0.000000,N/A,N/A,N/A,N/A,N/A,N/A,N/A,N/A,N/A,N/A,N/A,0,0,0,0.0,0,0,0
1791187112,0,,Aggregated,0.000000,0.000000,N/A,N/A,N/A,N/A,N/A,N/A,N/A,N/A,N/A,N/A,N/A,0,0,0,0.0,0,0,0
1791187113,0,,Aggregated,0.000000,0.000000,N/A,N/A,N/A,N/A,N/A,N/A,N/A,N/A,N/A,N/A,N/A,0,0,0,0.0,0,0,0
1791187114,0,,Aggregated,0.000000,0.000000,N/A,N/A,N/A,N/A,N/A,N/A,N/A,N/A,N/A,N/A,N/A,0,0,0,0.0,0,0,0
1791187115,0,,Aggregated,0.000000,0.000000,N/A,N/A,N/A,N/A,N/A,N/A,N/A,N/A,N/A,N/A,N/A,0,0,0,0.0,0,0,0
1791187116,0,,Aggregated,0.000000,0.000000,N/A,N/A,N/A,N/A,N/A,N/A,N/A,N/A,N/A,N/A,N/A,0,0,0,0.0,0,0,0
1791187117,0,,Aggregated,0.000000,0.000000,N/A,N/A,N/A,N/A,N/A,N/A,N/A,N/A,N/A,N/A,N/A,0,0,0,0.0,0,0,0
1791187118,0,,Aggregated,0.000000,0.000000,N/A,N/A,N/A,N/A,N/A,N/A,N/A,N/A,N/A,N/A,N/A,0,0,0,0.0,0,0,0
1791187119,0,,Aggregated,0.000000,0.000000,N/A,N/A,N/A,N/A,N/A,N/A,N/A,N/A,N/A,N/A,N/A,0,0,0,0.0,0,0,0
1791187120,0,,Aggregated,0.000000,0.000000,N/A,N/A,N/A,N/A,N/A,N/A,N/A,N/A,N/A,N/A,N/A,0,0,0,0.0,0,0,0
1791187121,0,,Aggregated,0.000000,0.000000,N/A,N/A,N/A,N/A,N/A,N/A,N/A,N/A,N/A,N/A,N/A,0,0,0,0.0,0,0,0
1791187122,0,,Aggregated,0.000000,0.000000,N/A,N/A,N/A,N/A,N/A,N/A,N/A,N/A,N/A,N/A,N/A,0,0,0,0.0,0,0,0
1791187123,0,,Aggregated,0.000000,0.000000,N/A,N/A,N/A,N/A,N/A,N/A,N/A,N/A,N/A,N/A,N/A,0,0,0,0.0,0,0,0
1791187124,0,,Aggregated,0.000000,0.000000,N/A,N/A,N/A,N/A,N/A,N/A,N/A,N/A,N/A,N/A,N/A,0,0,0,0.0,0,0,0
1791187125,0,,Aggregated,0.000000,0.000000,N/A,N/A,N/A,N/A,N/A,N/A,N/A,N/A,N/A,N/A,N/A,0,0,0,0.0,0,0,0
1791187126,0,,Aggregated,0.000000,0.000000,N/A,N/A,N/A,N/A,N/A,N/A,N/A,N/A,N/A,N/A,N/A,0,0,0,0.0,0,0,0
1791187127,0,,Aggregated,0.000000,0.000000,N/A,N/A,N/A,N/A,N/A,N/A,N/A,N/A,N/A,N/A,N/A,0,0,0,0.0,0,0,0
1791187128,0,,Aggregated,0.000000,0.000000,N/A,N/A,N/A,N/A,N/A,N/A,N/A,N/A,N/A,N/A,N/A,0,0,0,0.0,0,0,0
1791187129,0,,Aggregated,0.000000,0.000000,N/A,N/A,N/A,N/A,N/A,N/A,N/A,N/A,N/A,N/A,N/A,0,0,0,0.0,0,0,0
1791187130,0,,Aggregated,0.000000,0.000000,N/A,N/A,N/A,N/A,N/A,N/A,N/A,N/A,N/A,N/A,N/A,0,0,0,0.0,0,0,0
1791187131,0,,Aggregated,0.000000,0.000000,N/A,N/A,N/A,N/A,N/A,N/A,N/A,N/A,N/A,N/A,N/A,0,0,0,0.0,0,0,0
1791187132,0,,Aggregated,0.000000,0.000000,N/A,N/A,N/A,N/A,N/A,N/A,N/A,N/A,N/A,N/A,N/A,0,0,0,0.0,0,0,0
1791187133,0,,Aggregated,0.000000,0.000000,N/A,N/A,N/A,N/A,N/A,N/A,N/A,N/A,N/A,N/A,N/A,0,0,0,0.0,0,0,0
1791187134,0,,Aggregated,0.000000,0.000000,N/A,N/A,N/A,N/A,N/A,N/A,N/A,N/A,N/A,N/A,N/A,0,0,0,0.0,0,0,0
1791187135,0,,Aggregated,0.000000,0.000000,N/A,N/A,N/A,N/A,N/A,N/A,N/A,N/A,N/A,N/A,N/A,0,0,0,0.0,0,0,0
1791187136,0,,Aggregated,0.000000,0.000000,N/A,N/A,N/A,N/A,N/A,N/A,N/A,N/A,N/A,N/A,N/A,0,0,0,0.0,0,0,0
1791187137,0,,Aggregated,0.000000,0.000000,N/A,N/A,N/A,N/A,N/A,N/A,N/A,N/A,N/A,N/A,N/A,0,0,0,0.0,0,0,0
1791187138,0,,Aggregated,0.000000,0.000000,N/A,N/A,N/A,N/A,N/A,N/A,N/A,N/A,N/A,N/A,N/A,0,0,0,0.0,0,0,0
1791187139,0,,Aggregated,0.000000,0.000000,N/A,N/A,N/A,N/A,N/A,N/A,N/A,N/A,N/A,N/A,N/A,0,0,0,0.0,0,0,0
1791187140,0,,Aggregated,0.000000,0.000000,N/A,N/A,N/A,N/A,N/A,N/A,N/A,N/A,N/A,N/A,N/A,0,0,0,0.0,0,0,0
1791187141,0,,Aggregated,0.000000,0.000000,N/A,N/A,N/A,N/A,N/A,N/A,N/A,N/A,N/A,N/A,N/A,0,0,0,0.0,0,0,0
1791187142,0,,Aggregated,0.000000,0.000000,N/A,N/A,N/A,N/A,N/A,N/A,N/A,N/A,N/A,N/A,N/A,0,0,0,0.0,0,0,0
1791187143,0,,Aggregated,0.000000,0.000000,N/A,N/A,N/A,N/A,N/A,N/A,N/A,N/A,N/A,N/A,N/A,0,0,0,0.0,0,0,0
1791187144,0,,Aggregated,0.000000,0.000000,N/A,N/A,N/A,N/A,N/A,N/A,N/A,N/A,N/A,N/A,N/A,0,0,0,0.0,0,0,0
1791187145,0,,Aggregated,0.000000,0.000000,N/A,N/A,N/A,N/A,N/A,N/A,N/A,N/A,N/A,N/A,N/A,0,0,0,0.0,0,0,0
1791187146,0,,Aggregated,0.000000,0.000000,N/A,N/A,N/A,N/A,N/A,N/A,N/A,N/A,N/A,N/A,N/A,0,0,0,0.0,0,0,0
1791187147,0,,Aggregated,0.000000,0.000000,N/A,N/A,N/A,N/A,N/A,N/A,N/A,N/A,N/A,N/A,N/A,0,0,0,0.0,0,0,0
1791187148,0,,Aggregated,0.000000,0.000000,N/A,N/A,N/A,N/A,N/A,N/A,N/A,N/A,N/A,N/A,N/A,0,0,0,0.0,0,0,0
1791187149,0,,Aggregated,0.000000,0.000000,N/A,N/A,N/A,N/A,N/A,N/A,N/A,N/A,N/A,N/A,N/A,0,0,0,0.0,0,0,0
1791187150,0,,Aggregated,0.000000,0.000000,N/A,N/A,N/A,N/A,N/A,N/A,N/A,N/A,N/A,N/A,N/A,0,0,0,0.0,0,0,0
1791187151,0,,Aggregated,0.000000,0.000000,N/A,N/A,N/A,N/A,N/A,N/A,N/A,N/A,N/A,N/A,N/A,0,0,0,0.0,0,0,0
1791187152,0,,Aggregated,0.000000,0.000000,N/A,N/A,N/A,N/A,N/A,N/A,N/A,N/A,N/A,N/A,N/A,0,0,0,0.0,0,0,0
1791187153,0,,Aggregated,0.000000,0.000000,N/A,N/A,N/A,N/A,N/A,N/A,N/A,N/A,N/A,N/A,N/A,0,0,0,0.0,0,0,0
1791187154,0,,Aggregated,0.000000,0.000000,N/A,N/A,N/A,N/A,N/A,N/A,N/A,N/A,N/A,N/A,N/A,0,0,0,0.0,0,0,0
1791187155,0,,Aggregated,0.000000,0.000000,N/A,N/A,N/A,N/A,N/A,N/A,N/A,N/A,N/A,N/A,N/A,0,0,0,0.0,0,0,0
1791187156,0,,Aggregated,0.000000,0.000000,N/A,N/A,N/A,N/A,N/A,N/A,N/A,N/A,N/A,N/A,N/A,0,0,0,0.0,0,0,0
1791187157,0,,Aggregated,0.000000,0.000000,N/A,N/A,N/A,N/A,N/A,N/A,N/A,N/A,N/A,N/A,N/A,0,0,0,0.0,0,0,0
1791187158,0,,Aggregated,0.000000,0.000000,N/A,N/A,N/A,N/A,N/A,N/A,N/A,N/A,N/A,N/A,N/A,0,0,0,0.0,0,0,0
1791187159,0,,Aggregated,0.000000,0.000000,N/A,N/A,N/A,N/A,N/A,N/A,N/A,N/A,N/A,N/A,N/A,0,0,0,0.0,0,0,0
1791187160,0,,Aggregated,0.000000,0.000000,N/A,N/A,N/A,N/A,N/A,N/A,N/A,N/A,N/A,N/A,N/A,0,0,0,0.0,0,0,0
1791187161,0,,Aggregated,0.000000,0.000000,N/A,N/A,N/A,N/A,N/A,N/A,N/A,N/A,N/A,N/A,N/A,0,0,0,0.0,0,0,0
1791187162,0,,Aggregated,0.000000,0.000000,N/A,N/A,N/A,N/A,N/A,N/A,N/A,N/A,N/A,N/A,N/A,0,0,0,0.0,0,0,0
1791187163,0,,Aggregated,0.000000,0.000000,N/A,N/A,N/A,N/A,N/A,N/A,N/A,N/A,N/A,N/A,N/A,0,0,0,0.0,0,0,0
1791187164,0,,Aggregated,0.000000,0.000000,N/A,N/A,N/A,N/A,N/A,N/A,N/A,N/A,N/A,N/A,N/A,0,0,0,0.0,0,0,0
1791187165,0,,Aggregated,0.000000,0.000000,N/A,N/A,N/A,N/A,N/A,N/A,N/A,N/A,N/A,N/A,N/A,0,0,0,0.0,0,0,0
1791187166,0,,Aggregated,0.000000,0.000000,N/A,N/A,N/A,N/A,N/A,N/A,N/A,N/A,N/A,N/A,N/A,0,0,0,0.0,0,0,0
1791187167,0,,Aggregated,0.000000,0.000000,N/A,N/A,N/A,N/A,N/A,N/A,N/A,N/A,N/A,N/A,N/A,0,0,0,0.0,0,0,0
1791187168,0,,Aggregated,0.000000,0.000000,N/A,N/A,N/A,N/A,N/A,N/A,N/A,N/A,N/A,N/A,N/A,0,0,0,0.0,0,0,0
1791187169,0,,Aggregated,0.000000,0.000000,N/A,N/A,N/A,N/A,N/A,N/A,N/A,N/A,N/A,N/A,N/A,0,0,0,0.0,0,0,0
1791187170,0,,Aggregated,0.000000,0.000000,N/A,N/A,N/A,N/A,N/A,N/A,N/A,N/A,N/A,N/A,N/A,0,0,0,0.0,0,0,0
1791187171,0,,Aggregated,0.000000,0.000000,N/A,N/A,N/A,N/A,N/A,N/A,N/A,N/A,N/A,N/A,N/A,0,0,0,0.0,0,0,0
1791187172,0,,Aggregated,0.000000,0.000000,N/A,N/A,N/A,N/A,N/A,N/A,N/A,N/A,N/A,N/A,N/A,0,0,0,0.0,0,0,0
1791187173,0,,Aggregated,0.000000,0.000000,N/A,N/A,N/A,N/A,N/A,N/A,N/A,N/A,N/A,N/A,N/A,0,0,0,0.0,0,0,0
1791187174,0,,Aggregated,0.000000,0.000000,N/A,N/A,N/A,N/A,N/A,N/A,N/A,N/A,N/A,N/A,N/A,0,0,0,0.0,0,0,0
1791187175,0,,Aggregated,0.000000,0.000000,N/A,N/A,N/A,N/A,N/A,N/A,N/A,N/A,N/A,N/A,N/A,0,0,0,0.0,0,0,0
1791187176,0,,Aggregated,0.000000,0.000000,N/A,N/A,N/A,N/A,N/A,N/A,N/A,N/A,N/A,N/A,N/A,0,0,0,0.0,0,0,0
1791187177,0,,Aggregated,0.000000,0.000000,N/A,N/A,N/A,N/A,N/A,N/A,N/A,N/A,N/A,N/A,N/A,0,0,0,0.0,0,0,0
1791187178,0,,Aggregated,0.000000,0.000000,N/A,N/A,N/A,N/A,N/A,N/A,N/A,N/A,N/A,N/A,N/A,0,0,0,0.0,0,0,0
1791187179,0,,Aggregated,0.000000,0.000000,N/A,N/A,N/A,N/A,N/A,N/A,N/A,N/A,N/A,N/A,N/A,0,0,0,0.0,0,0,0
1791187180,0,,Aggregated,0.000000,0.000000,N/A,N/A,N/A,N/A,N/A,N/A,N/A,N/A,N/A,N/A,N/A,0,0,0,0.0,0,0,0
1791187181,0,,Aggregated,0.000000,0.000000,N/A,N/A,N/A,N/A,N/A,N/A,N/A,N/A,N/A,N/A,N/A,0,0,0,0.0,0,0,0
1791187182,0,,Aggregated,0.000000,0.000000,N/A,N/A,N/A,N/A,N/A,N/A,N/A,N/A,N/A,N/A,N/A,0,0,0,0.0,0,0,0
1791187183,0,,Aggregated,0.000000,0.000000,N/A,N/A,N/A,N/A,N/A,N/A,N/A,N/A,N/A,N/A,N/A,0,0,0,0.0,0,0,0
1791187184,0,,Aggregated,0.000000,0.000000,N/A,N/A,N/A,N/A,N/A,N/A,N/A,N/A,N/A,N/A,N/A,0,0,0,0.0,0,0,0
1791187185,0,,Aggregated,0.000000,0.000000,N/A,N/A,N/A,N/A,N/A,N/A,N/A,N/A,N/A,N/A,N/A,0,0,0,0.0,0,0,0
1791187186,0,,Aggregated,0.000000,0.000000,N/A,N/A,N/A,N/A,N/A,N/A,N/A,N/A,N/A,N/A,N/A,0,0,0,0.0,0,0,0
1791187187,0,,Aggregated,0.000000,0.000000,N/A,N/A,N/A,N/A,N/A,N/A,N/A,N/A,N/A,N/A,N/A,0,0,0,0.0,0,0,0
1791187188,0,,Aggregated,0.000000,0.000000,N/A,N/A,N/A,N/A,N/A,N/A,N/A,N/A,N/A,N/A,N/A,0,0,0,0.0,0,0,0
1791187189,0,,Aggregated,0.000000,0.000000,N/A,N/A,N/A,N/A,N/A,N/A,N/A,N/A,N/A,N/A,N/A,0,0,0,0.0,0,0,0
1791187190,0,,Aggregated,0.000000,0.000000,N/A,N/A,N/A,N/A,N/A,N/A,N/A,N/A,N/A,N/A,N/A,0,0,0,0.0,0,0,0
1791187191,0,,Aggregated,0.000000,0.000000,N/A,N/A,N/A,N/A,N/A,N/A,N/A,N/A,N/A,N/A,N/A,0,0,0,0.0,0,0,0
1791187192,0,,Aggregated,0.000000,0.000000,N/A,N/A,N/A,N/A,N/A,N/A,N/A,N/A,N/A,N/A,N/A,0,0,0,0.0,0,0,0
1791187193,0,,Aggregated,0.000000,0.000000,N/A,N/A,N/A,N/A,N/A,N/A,N/A,N/A,N/A,N/A,N/A,0,0,0,0.0,0,0,0
1791187194,0,,Aggregated,0.000000,0.000000,N/A,N/A,N/A,N/A,N/A,N/A,N/A,N/A,N/A,N/A,N/A,0,0,0,0.0,0,0,0
1791187195,0,,Aggregated,0.000000,0.000000,N/A,N/A,N/A,N/A,N/A,N/A,N/A,N/A,N/A,N/A,N/A,0,0,0,0.0,0,0,0
1791187196,0,,Aggregated,0.000000,0.000000,N/A,N/A,N/A,N/A,N/A,N/A,N/A,N/A,N/A,N/A,N/A,0,0,0,0.0,0,0,0
1791187197,0,,Aggregated,0.000000,0.000000,N/A,N/A,N/A,N/A,N/A,N/A,N/A,N/A,N/A,N/A,N/A,0,0,0,0.0,0,0,0
1791187198,0,,Aggregated,0.000000,0.000000,N/A,N/A,N/A,N/A,N/A,N/A,N/A,N/A,N/A,N/A,N/A,0,0,0,0.0,0,0,0
1791187199,2,GET,BMC: PowerState,0.000000,0.000000,0,0,0,0,0,0,0,0,0,0,0,1,0,490.2431200025603,490.2431200025603,490.2431200025603,490.2431200025603,2578.0
1791187199,2,,Aggregated,0.000000,0.000000,0,0,0,0,0,0,0,0,0,0,0,1,0,490.2431200025603,490.2431200025603,490.2431200025603,490.2431200025603,2578.0
1791187200,4,GET,BMC: PowerState,0.000000,0.000000,0,0,0,0,0,0,0,0,0,0,0,2,0,490,437.6502805025666,385.0574410025729,490.2431200025603,2578.0
1791187200,4,GET,Public: /posts,0.000000,0.000000,0,0,0,0,0,0,0,0,0,0,0,2,0,1356.4387480000732,1051.653834998433,746.8689219967928,1356.4387480000732,27520.0
1791187200,4,,Aggregated,0.000000,0.000000,750,750,1400,1400,1400,1400,1400,1400,1400,1400,1400,4,0,750,744.6520577504998,385.0574410025729,1356.4387480000732,15049.0
1791187201,6,GET,BMC: PowerState,0.000000,0.000000,450,450,450,450,450,450,450,450,450,450,450,3,0,450,442.554086005354,385.0574410025729,490.2431200025603,2578.0
1791187201,6,GET,BMC: system information,0.000000,0.000000,0,0,0,0,0,0,0,0,0,0,0,1,0,340.93224100070074,340.93224100070074,340.93224100070074,340.93224100070074,2578.0
1791187201,6,GET,Public: /posts,0.000000,0.000000,0,0,0,0,0,0,0,0,0,0,0,2,0,1356.4387480000732,1051.653834998433,746.8689219967928,1356.4387480000732,27520.0
1791187201,6,,Aggregated,0.000000,0.000000,490,490,750,750,1400,1400,1400,1400,1400,1400,1400,6,0,490,628.6503615022715,340.93224100070074,1356.4387480000732,10892.0
1791187202,8,GET,BMC: PowerState,0.500000,0.000000,410,410,450,450,450,450,450,450,450,450,450,4,0,450,435.39701275585685,385.0574410025729,490.2431200025603,2578.0
1791187202,8,GET,BMC: system information,0.000000,0.000000,340,340,340,340,340,340,340,340,340,340,340,1,0,340.93224100070074,340.93224100070074,340.93224100070074,340.93224100070074,2578.0
1791187202,8,GET,Public: /posts,0.000000,0.000000,1400,1400,1400,1400,1400,1400,1400,1400,1400,1400,1400,2,0,1356.4387480000732,1051.653834998433,746.8689219967928,1356.4387480000732,27520.0
1791187202,8,GET,Public: wttr.in/Novosibirsk,0.000000,0.000000,0,0,0,0,0,0,0,0,0,0,0,1,0,1066.6719669970917,1066.6719669970917,1066.6719669970917,1066.6719669970917,39654.0
1791187202,8,,Aggregated,0.500000,0.000000,490,750,1100,1100,1400,1400,1400,1400,1400,1400,1400,8,0,490,656.5624911272607,340.93224100070074,1356.4387480000732,13448.0
1791187203,10,GET,BMC: PowerState,0.666667,0.000000,410,450,450,600,600,600,600,600,600,600,600,6,0,450,445.9492315072566,337.02016100869514,597.0871770114172,2578.0
1791187203,10,GET,BMC: system information,0.333333,0.000000,720,720,720,720,720,720,720,720,720,720,720,2,0,720,532.8478594965418,340.93224100070074,724.7634779923828,2578.0
1791187203,10,GET,Public: /posts,0.666667,0.000000,1400,1400,1700,1700,1700,1700,1700,1700,1700,1700,1700,3,0,1400,1253.248865332959,746.8689219967928,1656.4389260020107,27520.0
1791187203,10,GET,Public: wttr.in/Novosibirsk,0.000000,0.000000,1100,1100,1100,1100,1100,1100,1100,1100,1100,1100,1100,1,0,1066.6719669970917,1066.6719669970917,1066.6719669970917,1066.6719669970917,39654.0
1791187203,10,,Aggregated,1.666667,0.000000,600,720,1100,1100,1400,1700,1700,1700,1700,1700,1700,12,0,600,713.984139252716,337.02016100869514,1656.4389260020107,11903.166666666666
1791187204,10,GET,BMC: PowerState,0.666667,0.000000,410,450,450,600,600,600,600,600,600,600,600,6,0,450,445.9492315072566,337.02016100869514,597.0871770114172,2578.0
1791187204,10,GET,BMC: system information,0.333333,0.000000,410,410,720,720,720,720,720,720,720,720,720,3,0,410,490.30110032860347,340.93224100070074,724.7634779923828,2578.0
1791187204,10,GET,Public: /posts,0.666667,0.000000,1400,1400,1700,1700,1700,1700,1700,1700,1700,1700,1700,3,0,1400,1253.248865332959,746.8689219967928,1656.4389260020107,27520.0
1791187204,10,GET,Public: wttr.in/Novosibirsk,0.000000,0.000000,1100,1100,1100,1100,1100,1100,1100,1100,1100,1100,1100,1,0,1066.6719669970917,1066.6719669970917,1066.6719669970917,1066.6719669970917,39654.0
1791187204,10,,Aggregated,1.666667,0.000000,490,720,750,1100,1400,1700,1700,1700,1700,1700,1700,13,0,490,690.232096386563,337.02016100869514,1656.4389260020107,11185.846153846154
1791187205,10,GET,BMC: PowerState,1.000000,0.000000,460,540,600,600,640,640,640,640,640,640,640,9,0,460,479.7332585601705,337.02016100869514,642.132667999249,2578.0
1791187205,10,GET,BMC: system information,0.200000,0.000000,410,410,720,720,720,720,720,720,720,720,720,3,0,410,490.30110032860347,340.93224100070074,724.7634779923828,2578.0
1791187205,10,GET,Public: /posts,0.400000,0.000000,1400,1400,1700,1700,1700,1700,1700,1700,1700,1700,1700,3,0,1400,1253.248865332959,746.8689219967928,1656.4389260020107,27520.0
1791187205,10,GET,Public: wttr.in/Novosibirsk,0.200000,0.000000,1100,1100,1100,1100,1100,1100,1100,1100,1100,1100,1100,1,0,1066.6719669970917,1066.6719669970917,1066.6719669970917,1066.6719669970917,39654.0
1791187205,10,,Aggregated,1.800000,0.000000,540,640,750,750,1400,1700,1700,1700,1700,1700,1700,16,0,540,663.4325744389571,337.02016100869514,1656.4389260020107,9571.875
1791187206,10,GET,BMC: PowerState,1.000000,0.000000,460,540,600,600,640,640,640,640,640,640,640,9,0,460,479.7332585601705,337.02016100869514,642.132667999249,2578.0
1791187206,10,GET,BMC: system information,0.500000,0.000000,410,410,720,720,720,720,720,720,720,720,720,3,0,410,490.30110032860347,340.93224100070074,724.7634779923828,2578.0
1791187206,10,GET,Public: /posts,0.500000,0.000000,1400,1400,1700,1700,1700,1700,1700,1700,1700,1700,1700,3,0,1400,1253.248865332959,746.8689219967928,1656.4389260020107,27520.0
1791187206,10,GET,Public: wttr.in/Novosibirsk,0.166667,0.000000,3800,3800,3800,3800,3800,3800,3800,3800,3800,3800,3800,2,0,3786.4771140011726,2426.574540499132,1066.6719669970917,3786.4771140011726,39654.0
1791187206,10,,Aggregated,2.166667,0.000000,540,720,750,1100,1700,3800,3800,3800,3800,3800,3800,17,0,540,847.1410767661463,337.02016100869514,3786.4771140011726,11341.411764705883
1791187207,10,GET,BMC: PowerState,1.000000,0.000000,460,540,600,640,720,720,720,720,720,720,720,11,0,460,492.99864763981367,337.02016100869514,724.341897002887,2578.0
1791187207,10,GET,BMC: system information,0.428571,0.000000,620,620,720,720,720,720,720,720,720,720,720,4,0,620,523.6680754969711,340.93224100070074,724.7634779923828,2578.0
1791187207,10,GET,Public: /posts,0.428571,0.000000,1400,1400,1700,1700,1700,1700,1700,1700,1700,1700,1700,4,0,1400,1027.4963679985376,350.2388759952737,1656.4389260020107,27520.0
1791187207,10,GET,Public: wttr.in/Novosibirsk,0.142857,0.000000,3700,3700,3800,3800,3800,3800,3800,3800,3800,3800,3800,4,0,3700,2692.4999240000034,1066.6719669970917,3786.4771140011726,39654.0
1791187207,10,,Aggregated,2.000000,0.000000,600,720,1100,1400,2200,3700,3800,3800,3800,3800,3800,23,0,600,973.8105475660869,337.02016100869514,3786.4771140011726,13363.739130434782
1791187208,10,GET,BMC: PowerState,1.125000,0.000000,540,550,640,640,680,720,720,720,720,720,720,13,0,490,512.0990618485778,337.02016100869514,724.341897002887,2578.0
1791187208,10,GET,BMC: system information,0.375000,0.000000,620,620,720,720,720,720,720,720,720,720,720,4,0,620,523.6680754969711,340.93224100070074,724.7634779923828,2578.0
1791187208,10,GET,Public: /posts,0.375000,0.000000,1400,1400,1700,1700,1700,1700,1700,1700,1700,1700,1700,4,0,1400,1027.4963679985376,350.2388759952737,1656.4389260020107,27520.0
1791187208,10,GET,Public: wttr.in/Novosibirsk,0.125000,0.000000,3700,3700,3800,3800,3800,3800,3800,3800,3800,3800,3800,4,0,3700,2692.4999240000034,1066.6719669970917,3786.4771140011726,39654.0
1791187208,10,,Aggregated,2.000000,0.000000,600,720,750,1400,2200,3700,3800,3800,3800,3800,3800,25,0,600,945.2778109605424,337.02016100869514,3786.4771140011726,12500.88
1791187209,10,GET,BMC: PowerState,1.125000,0.000000,540,550,640,640,680,720,720,720,720,720,720,13,0,490,512.0990618485778,337.02016100869514,724.341897002887,2578.0
1791187209,10,GET,BMC: system information,0.375000,0.000000,620,620,720,720,720,720,720,720,720,720,720,4,0,620,523.6680754969711,340.93224100070074,724.7634779923828,2578.0
1791187209,10,GET,Public: /posts,0.375000,0.000000,1400,1400,1700,1700,1700,1700,1700,1700,1700,1700,1700,4,0,1400,1027.4963679985376,350.2388759952737,1656.4389260020107,27520.0
1791187209,10,GET,Public: wttr.in/Novosibirsk,0.125000,0.000000,3700,3700,3800,3800,3800,3800,3800,3800,3800,3800,3800,4,0,3700,2692.4999240000034,1066.6719669970917,3786.4771140011726,39654.0
1791187209,10,,Aggregated,2.000000,0.000000,620,720,1100,1400,2200,3700,3800,3800,3800,3800,3800,25,0,600,945.2778109605424,337.02016100869514,3786.4771140011726,12500.88
1791187210,10,GET,BMC: PowerState,1.100000,0.000000,580,640,680,720,900,970,970,970,970,970,970,16,0,550,569.1800554404836,337.02016100869514,965.4692050098674,2578.0
1791187210,10,GET,BMC: system information,0.400000,0.000000,620,620,720,720,720,720,720,720,720,720,720,4,0,620,523.6680754969711,340.93224100070074,724.7634779923828,2578.0
1791187210,10,GET,Public: /posts,0.400000,0.000000,1400,1400,1700,1700,1700,1700,1700,1700,1700,1700,1700,4,0,1400,1027.4963679985376,350.2388759952737,1656.4389260020107,27520.0
1791187210,10,GET,Public: wttr.in/Novosibirsk,0.400000,0.000000,3700,3700,3800,3800,3800,3800,3800,3800,3800,3800,3800,4,0,3700,2692.4999240000034,1066.6719669970917,3786.4771140011726,39654.0
1791187210,10,,Aggregated,2.300000,0.000000,620,720,970,1100,2200,3700,3800,3800,3800,3800,3800,28,0,620,931.4835127510638,337.02016100869514,3786.4771140011726,11437.714285714286
1791187211,10,GET,BMC: PowerState,1.300000,0.000000,580,640,680,720,900,970,970,970,970,970,970,17,0,540,560.4814205905902,337.02016100869514,965.4692050098674,2578.0
1791187211,10,GET,BMC: system information,0.400000,0.000000,620,620,620,720,720,720,720,720,720,720,720,5,0,620,543.5407341981772,340.93224100070074,724.7634779923828,2578.0
1791187211,10,GET,Public: /posts,0.400000,0.000000,1400,1400,1700,1700,1700,1700,1700,1700,1700,1700,1700,4,0,1400,1027.4963679985376,350.2388759952737,1656.4389260020107,27520.0
1791187211,10,GET,Public: wttr.in/Novosibirsk,0.400000,0.000000,3700,3700,3800,3800,3800,3800,3800,3800,3800,3800,3800,4,0,3700,2692.4999240000034,1066.6719669970917,3786.4771140011726,39654.0
1791187211,10,,Aggregated,2.500000,0.000000,620,720,900,970,2200,3700,3800,3800,3800,3800,3800,30,0,620,904.1957663008361,337.02016100869514,3786.4771140011726,10847.066666666668
1791187212,10,GET,BMC: PowerState,1.200000,0.000000,600,640,720,720,900,970,970,970,970,970,970,17,0,540,560.4814205905902,337.02016100869514,965.4692050098674,2578.0
1791187212,10,GET,BMC: system information,0.400000,0.000000,620,620,720,720,720,720,720,720,720,720,720,5,0,620,543.5407341981772,340.93224100070074,724.7634779923828,2578.0
1791187212,10,GET,Public: /posts,0.400000,0.000000,560,1200,1200,1700,1700,1700,1700,1700,1700,1700,1700,7,0,750,882.5022757144844,346.8153839930892,1656.4389260020107,27520.0
1791187212,10,GET,Public: wttr.in/Novosibirsk,0.400000,0.000000,3700,3800,3800,6900,6900,6900,6900,6900,6900,6900,6900,5,0,3700,3534.721969399834,1066.6719669970917,6903.610150999157,39654.0
1791187212,10,,Aggregated,2.400000,0.000000,620,720,970,1700,3700,3800,6900,6900,6900,6900,6900,34,0,620,1061.6768705303377,337.02016100869514,6903.610150999157,13165.470588235294
1791187213,10,GET,BMC: PowerState,1.400000,0.000000,580,640,720,720,900,970,970,970,970,970,970,18,0,550,560.5224523355396,337.02016100869514,965.4692050098674,2578.0
1791187213,10,GET,BMC: system information,0.400000,0.000000,620,620,720,720,720,720,720,720,720,720,720,7,0,620,540.6901639985985,340.93224100070074,724.7634779923828,2578.0
1791187213,10,GET,Public: /posts,0.200000,0.000000,560,1200,1200,1700,1700,1700,1700,1700,1700,1700,1700,7,0,750,882.5022757144844,346.8153839930892,1656.4389260020107,27520.0
1791187213,10,GET,Public: wttr.in/Novosibirsk,0.400000,0.000000,3700,3700,3800,3800,6900,6900,6900,6900,6900,6900,6900,6,0,3700,3277.204445000583,1066.6719669970917,6903.610150999157,39654.0
1791187213,10,,Aggregated,2.400000,0.000000,620,720,970,2000,3700,3800,6900,6900,6900,6900,6900,38,0,620,1045.1309971061787,337.02016100869514,6903.610150999157,13026.684210526315
1791187214,10,GET,BMC: PowerState,1.400000,0.000000,560,640,680,720,900,970,970,970,970,970,970,20,0,540,547.1056072019564,337.02016100869514,965.4692050098674,2578.0
1791187214,10,GET,BMC: system information,0.400000,0.000000,620,620,620,720,720,720,720,720,720,720,720,8,0,620,545.4259226244176,340.93224100070074,724.7634779923828,2578.0
1791187214,10,GET,Public: /posts,0.200000,0.000000,560,1200,1200,1700,1700,1700,1700,1700,1700,1700,1700,7,0,750,882.5022757144844,346.8153839930892,1656.4389260020107,27520.0
1791187214,10,GET,Public: wttr.in/Novosibirsk,0.300000,0.000000,3700,3800,3800,6900,6900,6900,6900,6900,6900,6900,6900,6,0,3700,3277.204445000583,1066.6719669970917,6903.610150999157,39654.0
1791187214,10,,Aggregated,2.300000,0.000000,620,720,970,1200,3700,3800,6900,6900,6900,6900,6900,41,0,580,1003.5673689033989,337.02016100869514,6903.610150999157,12262.146341463415
1791187215,10,GET,BMC: PowerState,1.300000,0.000000,560,680,720,720,900,970,970,970,970,970,970,20,0,540,547.1056072019564,337.02016100869514,965.4692050098674,2578.0
1791187215,10,GET,BMC: system information,0.500000,0.000000,620,620,620,620,720,720,720,720,720,720,720,9,0,580,520.9836826672674,325.445763010066,724.7634779923828,2578.0
1791187215,10,GET,Public: /posts,0.500000,0.000000,560,560,1200,1200,1200,1200,1200,1200,1200,1200,1200,7,0,750,882.5022757144844,346.8153839930892,1656.4389260020107,27520.0
1791187215,10,GET,Public: wttr.in/Novosibirsk,0.500000,0.000000,3700,3800,3800,6900,6900,6900,6900,6900,6900,6900,6900,6,0,3700,3277.204445000583,1066.6719669970917,6903.610150999157,39654.0
1791187215,10,,Aggregated,2.800000,0.000000,620,720,970,1200,3700,3800,6900,6900,6900,6900,6900,42,0,580,987.4216163821291,325.445763010066,6903.610150999157,12031.57142857143
1791187216,10,GET,BMC: PowerState,1.300000,0.000000,550,580,680,680,900,970,970,970,970,970,970,21,0,490,538.2598531446308,337.02016100869514,965.4692050098674,2578.0
1791187216,10,GET,BMC: system information,0.500000,0.000000,620,620,620,620,720,720,720,720,720,720,720,9,0,580,520.9836826672674,325.445763010066,724.7634779923828,2578.0
1791187216,10,GET,Public: /posts,0.400000,0.000000,350,560,560,1200,1200,1200,1200,1200,1200,1200,1200,8,0,750,797.7227854989906,204.2663539905334,1656.4389260020107,27520.0
1791187216,10,GET,Public: wttr.in/Novosibirsk,0.500000,0.000000,3700,3700,6900,6900,6900,6900,6900,6900,6900,6900,6900,6,0,3700,3277.204445000583,1066.6719669970917,6903.610150999157,39654.0
1791187216,10,,Aggregated,2.700000,0.000000,560,680,900,1200,2200,3700,6900,6900,6900,6900,6900,44,0,580,955.3936139554108,204.2663539905334,6903.610150999157,12168.727272727272
1791187217,10,GET,BMC: PowerState,1.300000,0.000000,580,680,780,780,900,970,970,970,970,970,970,23,0,540,557.8698993055656,337.02016100869514,965.4692050098674,2578.0
1791187217,10,GET,BMC: system information,0.500000,0.000000,580,620,620,620,720,720,720,720,720,720,720,10,0,580,522.1276094001951,325.445763010066,724.7634779923828,2578.0
1791187217,10,GET,Public: /posts,0.400000,0.000000,350,560,690,690,1200,1200,1200,1200,1200,1200,1200,10,0,690,726.148336098413,191.154952000943,1656.4389260020107,27520.0
1791187217,10,GET,Public: wttr.in/Novosibirsk,0.500000,0.000000,2200,3700,3700,6900,6900,6900,6900,6900,6900,6900,6900,7,0,2200,2949.661932428301,984.4068569946103,6903.610150999157,39654.0
1791187217,10,,Aggregated,2.700000,0.000000,580,690,780,900,1200,2000,6900,6900,6900,6900,6900,50,0,580,919.2280133202439,191.154952000943,6903.610150999157,12757.04
1791187218,10,GET,BMC: PowerState,1.200000,0.000000,560,680,750,780,900,970,970,970,970,970,970,24,0,540,548.6574849176881,336.7719539965037,965.4692050098674,2578.0
1791187218,10,GET,BMC: system information,0.600000,0.000000,530,580,620,620,720,720,720,720,720,720,720,11,0,530,504.5062513646289,325.445763010066,724.7634779923828,2578.0
1791187218,10,GET,Public: /posts,0.400000,0.000000,350,560,690,690,1200,1200,1200,1200,1200,1200,1200,10,0,690,726.148336098413,191.154952000943,1656.4389260020107,27520.0
1791187218,10,GET,Public: wttr.in/Novosibirsk,0.500000,0.000000,2200,3700,3700,6900,6900,6900,6900,6900,6900,6900,6900,7,0,2200,2949.661932428301,984.4068569946103,6903.610150999157,39654.0
1791187218,10,,Aggregated,2.700000,0.000000,560,690,750,900,1200,2000,6900,6900,6900,6900,6900,52,0,580,896.6627940580321,191.154952000943,6903.610150999157,12365.538461538461
1791187219,10,GET,BMC: PowerState,1.100000,0.000000,560,750,780,780,900,970,970,970,970,970,970,24,0,540,548.6574849176881,336.7719539965037,965.4692050098674,2578.0
1791187219,10,GET,BMC: system information,0.500000,0.000000,530,580,620,620,720,720,720,720,720,720,720,11,0,530,504.5062513646289,325.445763010066,724.7634779923828,2578.0
1791187219,10,GET,Public: /posts,0.600000,0.000000,560,560,690,690,1200,1200,1200,1200,1200,1200,1200,10,0,690,726.148336098413,191.154952000943,1656.4389260020107,27520.0
1791187219,10,GET,Public: wttr.in/Novosibirsk,0.500000,0.000000,2000,2000,6900,6900,6900,6900,6900,6900,6900,6900,6900,8,0,2200,2835.916049498337,984.4068569946103,6903.610150999157,39654.0
1791187219,10,,Aggregated,2.700000,0.000000,580,720,900,970,2000,2000,6900,6900,6900,6900,6900,53,0,580,918.2294369812502,191.154952000943,6903.610150999157,12880.415094339623
1791187220,10,GET,BMC: PowerState,1.100000,0.000000,490,560,750,750,780,780,780,780,780,780,780,24,0,540,548.6574849176881,336.7719539965037,965.4692050098674,2578.0
1791187220,10,GET,BMC: system information,0.500000,0.000000,530,580,620,620,720,720,720,720,720,720,720,11,0,530,504.5062513646289,325.445763010066,724.7634779923828,2578.0
1791187220,10,GET,Public: /posts,0.600000,0.000000,560,560,690,690,1200,1200,1200,1200,1200,1200,1200,10,0,690,726.148336098413,191.154952000943,1656.4389260020107,27520.0
1791187220,10,GET,Public: wttr.in/Novosibirsk,0.500000,0.000000,2000,2000,6900,6900,6900,6900,6900,6900,6900,6900,6900,8,0,2200,2835.916049498337,984.4068569946103,6903.610150999157,39654.0
1791187220,10,,Aggregated,2.700000,0.000000,560,690,780,980,2000,2000,6900,6900,6900,6900,6900,53,0,580,918.2294369812502,191.154952000943,6903.610150999157,12880.415094339623
1791187221,10,GET,BMC: PowerState,1.100000,0.000000,560,750,780,780,1600,1600,1600,1600,1600,1600,1600,25,0,540,591.696515121148,336.7719539965037,1624.6332400041865,2578.0
1791187221,10,GET,BMC: system information,0.700000,0.000000,530,530,580,580,720,720,720,720,720,720,720,11,0,530,504.5062513646289,325.445763010066,724.7634779923828,2578.0
1791187221,10,GET,Public: /posts,0.600000,0.000000,350,560,690,690,1200,1200,1200,1200,1200,1200,1200,12,0,560,636.0362867490039,175.56688000331633,1656.4389260020107,27520.0
1791187221,10,GET,Public: wttr.in/Novosibirsk,0.300000,0.000000,2000,2000,2000,6900,6900,6900,6900,6900,6900,6900,6900,9,0,2000,2683.677752554003,984.4068569946103,6903.610150999157,39654.0
1791187221,10,,Aggregated,2.700000,0.000000,560,720,980,1200,2000,2000,6900,6900,6900,6900,6900,57,0,580,914.5178395967314,175.56688000331633,6903.610150999157,13683.052631578947
1791187222,10,GET,BMC: PowerState,1.100000,0.000000,780,1300,1400,1400,1600,1700,1700,1700,1700,1700,1700,29,0,560,696.5313660701464,336.7719539965037,1667.7300919982372,2578.0
1791187222,10,GET,BMC: system information,0.700000,0.000000,350,530,530,580,580,580,580,580,580,580,580,11,0,530,504.5062513646289,325.445763010066,724.7634779923828,2578.0
1791187222,10,GET,Public: /posts,0.600000,0.000000,230,350,560,690,1200,1200,1200,1200,1200,1200,1200,13,0,350,605.1864590755521,175.56688000331633,1656.4389260020107,27520.0
1791187222,10,GET,Public: wttr.in/Novosibirsk,0.300000,0.000000,2000,2000,2000,6900,6900,6900,6900,6900,6900,6900,6900,9,0,2000,2683.677752554003,984.4068569946103,6903.610150999157,39654.0
1791187222,10,,Aggregated,2.700000,0.000000,530,780,1100,1400,1600,1700,2000,2000,2000,2000,2000,62,0,600,931.76616325828,175.56688000331633,6903.610150999157,13189.774193548386
1791187223,10,GET,BMC: PowerState,0.800000,0.000000,1100,1300,1400,1600,1700,1700,1700,1700,1700,1700,1700,29,0,560,696.5313660701464,336.7719539965037,1667.7300919982372,2578.0
1791187223,10,GET,BMC: system information,0.600000,0.000000,350,350,530,530,580,580,580,580,580,580,580,12,0,530,491.21857991728274,325.445763010066,724.7634779923828,2578.0
1791187223,10,GET,Public: /posts,0.700000,0.000000,350,560,690,720,1200,1200,1200,1200,1200,1200,1200,14,0,560,613.1980376417881,175.56688000331633,1656.4389260020107,27520.0
1791187223,10,GET,Public: wttr.in/Novosibirsk,0.400000,0.000000,2000,2000,2000,6900,6900,6900,6900,6900,6900,6900,6900,9,0,2000,2683.677752554003,984.4068569946103,6903.610150999157,39654.0
1791187223,10,,Aggregated,2.500000,0.000000,690,780,1300,1400,1600,1700,2000,2000,2000,2000,2000,64,0,600,919.2485136720734,175.56688000331633,6903.610150999157,13247.875
1791187224,10,GET,BMC: PowerState,0.800000,0.000000,1100,1300,1400,1600,1700,1700,1700,1700,1700,1700,1700,29,0,560,696.5313660701464,336.7719539965037,1667.7300919982372,2578.0
1791187224,10,GET,BMC: system information,0.600000,0.000000,350,360,360,530,530,530,530,530,530,530,530,13,0,410,481.3746740781845,325.445763010066,724.7634779923828,2578.0
1791187224,10,GET,Public: /posts,0.700000,0.000000,200,230,690,690,720,720,720,720,720,720,720,14,0,560,613.1980376417881,175.56688000331633,1656.4389260020107,27520.0
1791187224,10,GET,Public: wttr.in/Novosibirsk,0.400000,0.000000,1500,1500,2000,2000,2000,2000,2000,2000,2000,2000,2000,9,0,2000,2683.677752554003,984.4068569946103,6903.610150999157,39654.0
1791187224,10,,Aggregated,2.500000,0.000000,690,780,1300,1400,1600,1700,2000,2000,2000,2000,2000,65,0,580,910.6946566003339,175.56688000331633,6903.610150999157,13083.723076923077
1791187225,10,GET,BMC: PowerState,1.100000,0.000000,1100,1300,1400,1600,1700,1700,1700,1700,1700,1700,1700,29,0,560,696.5313660701464,336.7719539965037,1667.7300919982372,2578.0
1791187225,10,GET,BMC: system information,0.600000,0.000000,530,910,980,1100,1200,1200,1200,1200,1200,1200,1200,17,0,580,618.9330262953745,325.445763010066,1232.8882760048145,2578.0
1791187225,10,GET,Public: /posts,0.600000,0.000000,200,230,690,690,720,720,720,720,720,720,720,14,0,560,613.1980376417881,175.56688000331633,1656.4389260020107,27520.0
1791187225,10,GET,Public: wttr.in/Novosibirsk,0.300000,0.000000,1500,1500,2000,2000,2000,2000,2000,2000,2000,2000,2000,9,0,2000,2683.677752554003,984.4068569946103,6903.610150999157,39654.0
1791187225,10,,Aggregated,2.600000,0.000000,780,1100,1200,1300,1600,1700,2000,2000,2000,2000,2000,69,0,620,919.6977298989373,175.56688000331633,6903.610150999157,12474.695652173914
1791187226,10,GET,BMC: PowerState,1.000000,0.000000,1300,1400,1600,1600,1700,1700,1700,1700,1700,1700,1700,29,0,560,696.5313660701464,336.7719539965037,1667.7300919982372,2578.0
1791187226,10,GET,BMC: system information,0.500000,0.000000,530,910,980,1100,1200,1200,1200,1200,1200,1200,1200,18,0,580,603.9600340017286,325.445763010066,1232.8882760048145,2578.0
1791187226,10,GET,Public: /posts,0.700000,0.000000,230,230,690,690,720,720,720,720,720,720,720,15,0,350,586.2203912654271,175.56688000331633,1656.4389260020107,27520.0
1791187226,10,GET,Public: wttr.in/Novosibirsk,0.300000,0.000000,980,1500,1500,2000,2000,2000,2000,2000,2000,2000,2000,11,0,2000,2354.138466997855,800.6426459905924,6903.610150999157,39654.0
1791187226,10,,Aggregated,2.500000,0.000000,780,980,1200,1300,1600,1700,2000,2000,2000,2000,2000,73,0,620,900.8153319729201,175.56688000331633,6903.610150999157,13289.86301369863
1791187227,10,GET,BMC: PowerState,0.900000,0.000000,1300,1400,1600,1600,1700,1700,1700,1700,1700,1700,1700,30,0,560,685.4745366013958,336.7719539965037,1667.7300919982372,2578.0
1791187227,10,GET,BMC: system information,0.500000,0.000000,910,980,1100,1100,1200,1200,1200,1200,1200,1200,1200,18,0,580,603.9600340017286,325.445763010066,1232.8882760048145,2578.0
1791187227,10,GET,Public: /posts,0.700000,0.000000,230,230,690,690,720,720,720,720,720,720,720,15,0,350,586.2203912654271,175.56688000331633,1656.4389260020107,27520.0
1791187227,10,GET,Public: wttr.in/Novosibirsk,0.300000,0.000000,940,1500,1500,2000,2000,2000,2000,2000,2000,2000,2000,12,0,2000,2228.300134498568,800.6426459905924,6903.610150999157,39654.0
1791187227,10,,Aggregated,2.400000,0.000000,840,1100,1200,1400,1600,1700,2000,2000,2000,2000,2000,75,0,620,892.9123225738294,175.56688000331633,6903.610150999157,13498.56
1791187228,10,GET,BMC: PowerState,0.900000,0.000000,1300,1400,1600,1600,1700,1700,1700,1700,1700,1700,1700,30,0,560,685.4745366013958,336.7719539965037,1667.7300919982372,2578.0
1791187228,10,GET,BMC: system information,0.500000,0.000000,910,980,1100,1100,1200,1200,1200,1200,1200,1200,1200,18,0,580,603.9600340017286,325.445763010066,1232.8882760048145,2578.0
1791187228,10,GET,Public: /posts,0.700000,0.000000,210,230,230,720,720,720,720,720,720,720,720,15,0,350,586.2203912654271,175.56688000331633,1656.4389260020107,27520.0
1791187228,10,GET,Public: wttr.in/Novosibirsk,0.300000,0.000000,940,1500,1500,2000,2000,2000,2000,2000,2000,2000,2000,12,0,2000,2228.300134498568,800.6426459905924,6903.610150999157,39654.0
1791187228,10,,Aggregated,2.400000,0.000000,910,1100,1300,1400,1600,1700,2000,2000,2000,2000,2000,75,0,620,892.9123225738294,175.56688000331633,6903.610150999157,13498.56
1791187229,10,GET,BMC: PowerState,0.900000,0.000000,1200,1300,1400,1600,1700,1700,1700,1700,1700,1700,1700,33,0,580,725.4173931225633,336.7719539965037,1667.7300919982372,2578.0
1791187229,10,GET,BMC: system information,0.900000,0.000000,700,910,980,1100,1200,1200,1200,1200,1200,1200,1200,19,0,580,608.9998757379362,325.445763010066,1232.8882760048145,2578.0
1791187229,10,GET,Public: /posts,0.600000,0.000000,210,230,230,720,720,720,720,720,720,720,720,15,0,350,586.2203912654271,175.56688000331633,1656.4389260020107,27520.0
1791187229,10,GET,Public: wttr.in/Novosibirsk,0.400000,0.000000,940,940,1500,1500,2000,2000,2000,2000,2000,2000,2000,13,0,1500,2114.6384365375316,750.698061005096,6903.610150999157,39654.0
1791187229,10,,Aggregated,2.800000,0.000000,910,1100,1200,1200,1500,1600,1700,1700,1700,1700,1700,80,0,680,897.4172144504337,175.56688000331633,6903.610150999157,13279.475
1791187230,10,GET,BMC: PowerState,0.700000,0.000000,1200,1300,1400,1600,1700,1700,1700,1700,1700,1700,1700,34,0,580,713.9777312952313,336.4688909932738,1667.7300919982372,2578.0
1791187230,10,GET,BMC: system information,0.800000,0.000000,910,980,1100,1100,1200,1200,1200,1200,1200,1200,1200,19,0,580,608.9998757379362,325.445763010066,1232.8882760048145,2578.0
1791187230,10,GET,Public: /posts,0.500000,0.000000,210,210,230,230,720,720,720,720,720,720,720,17,0,350,539.6181644695496,170.55653499846812,1656.4389260020107,27520.0
1791187230,10,GET,Public: wttr.in/Novosibirsk,0.500000,0.000000,840,940,940,1500,1500,1500,1500,1500,1500,1500,1500,13,0,1500,2114.6384365375316,750.698061005096,6903.610150999157,39654.0
1791187230,10,,Aggregated,2.500000,0.000000,840,1100,1200,1200,1500,1600,1700,1700,1700,1700,1700,83,0,620,873.6150478798663,170.55653499846812,6903.610150999157,13493.686746987953
1791187231,10,GET,BMC: PowerState,0.700000,0.000000,1200,1300,1400,1600,1700,1700,1700,1700,1700,1700,1700,34,0,580,713.9777312952313,336.4688909932738,1667.7300919982372,2578.0
1791187231,10,GET,BMC: system information,0.800000,0.000000,910,980,1100,1100,1200,1200,1200,1200,1200,1200,1200,19,0,580,608.9998757379362,325.445763010066,1232.8882760048145,2578.0
1791187231,10,GET,Public: /posts,0.500000,0.000000,210,220,230,230,720,720,720,720,720,720,720,18,0,350,521.6531394988932,170.55653499846812,1656.4389260020107,27520.0
1791187231,10,GET,Public: wttr.in/Novosibirsk,0.500000,0.000000,840,940,940,1500,1500,1500,1500,1500,1500,1500,1500,13,0,1500,2114.6384365375316,750.698061005096,6903.610150999157,39654.0
1791187231,10,,Aggregated,2.500000,0.000000,750,910,940,980,1200,1200,1200,1200,1200,1200,1200,84,0,620,865.7892462979362,170.55653499846812,6903.610150999157,13660.666666666666
1791187232,10,GET,BMC: PowerState,1.000000,0.000000,1200,1200,1400,1400,1600,1700,1700,1700,1700,1700,1700,36,0,600,736.2971095289039,336.4688909932738,1667.7300919982372,2578.0
1791187232,10,GET,BMC: system information,0.800000,0.000000,910,980,1100,1100,1200,1200,1200,1200,1200,1200,1200,22,0,580,617.4336480001908,325.445763010066,1232.8882760048145,2578.0
1791187232,10,GET,Public: /posts,0.600000,0.000000,210,210,220,220,720,720,720,720,720,720,720,19,0,230,503.78538657816154,170.55653499846812,1656.4389260020107,27520.0
1791187232,10,GET,Public: wttr.in/Novosibirsk,0.500000,0.000000,840,940,940,1500,1500,1500,1500,1500,1500,1500,1500,13,0,1500,2114.6384365375316,750.698061005096,6903.610150999157,39654.0
1791187232,10,,Aggregated,2.900000,0.000000,750,910,1100,1100,1200,1200,1200,1200,1200,1200,1200,90,0,620,857.2495357668636,170.55653499846812,6903.610150999157,13198.955555555556
1791187233,10,GET,BMC: PowerState,1.000000,0.000000,1100,1200,1200,1200,1200,1200,1200,1200,1200,1200,1200,36,0,600,736.2971095289039,336.4688909932738,1667.7300919982372,2578.0
1791187233,10,GET,BMC: system information,0.800000,0.000000,700,980,1100,1100,1100,1200,1200,1200,1200,1200,1200,23,0,580,604.8983018263243,325.445763010066,1232.8882760048145,2578.0
1791187233,10,GET,Public: /posts,0.700000,0.000000,210,210,220,220,720,720,720,720,720,720,720,19,0,230,503.78538657816154,170.55653499846812,1656.4389260020107,27520.0
1791187233,10,GET,Public: wttr.in/Novosibirsk,0.500000,0.000000,800,840,840,940,940,940,940,940,940,940,940,14,0,1500,2018.2321144269995,750.698061005096,6903.610150999157,39654.0
1791187233,10,,Aggregated,3.000000,0.000000,750,910,980,1100,1200,1200,1200,1200,1200,1200,1200,92,0,620,850.5057481740115,170.55653499846812,6903.610150999157,13371.065217391304
1791187234,10,GET,BMC: PowerState,0.700000,0.000000,1100,1200,1200,1200,1200,1200,1200,1200,1200,1200,1200,37,0,600,734.5278165684667,336.4688909932738,1667.7300919982372,2578.0
1791187234,10,GET,BMC: system information,0.900000,0.000000,700,980,1100,1100,1100,1200,1200,1200,1200,1200,1200,24,0,580,600.3296401249827,325.445763010066,1232.8882760048145,2578.0
1791187234,10,GET,Public: /posts,0.600000,0.000000,210,210,210,220,220,220,220,220,220,220,220,19,0,230,503.78538657816154,170.55653499846812,1656.4389260020107,27520.0
1791187234,10,GET,Public: wttr.in/Novosibirsk,0.400000,0.000000,800,840,840,940,940,940,940,940,940,940,940,14,0,1500,2018.2321144269995,750.698061005096,6903.610150999157,39654.0
1791187234,10,,Aggregated,2.600000,0.000000,750,910,980,1100,1200,1200,1200,1200,1200,1200,1200,94,0,620,844.8150268403821,170.55653499846812,6903.610150999157,13141.425531914894
1791187235,10,GET,BMC: PowerState,0.700000,0.000000,1100,1200,1200,1200,1200,1200,1200,1200,1200,1200,1200,37,0,600,734.5278165684667,336.4688909932738,1667.7300919982372,2578.0
1791187235,10,GET,BMC: system information,1.000000,0.000000,540,580,700,700,1100,1100,1100,1100,1100,1100,1100,25,0,540,597.7522458403837,325.445763010066,1232.8882760048145,2578.0
1791187235,10,GET,Public: /posts,0.600000,0.000000,210,210,210,220,220,220,220,220,220,220,220,19,0,230,503.78538657816154,170.55653499846812,1656.4389260020107,27520.0
1791187235,10,GET,Public: wttr.in/Novosibirsk,0.400000,0.000000,800,840,840,940,940,940,940,940,940,940,940,14,0,1500,2018.2321144269995,750.698061005096,6903.610150999157,39654.0
1791187235,10,,Aggregated,2.700000,0.000000,670,800,910,940,1200,1200,1200,1200,1200,1200,1200,95,0,620,841.5632348000623,170.55653499846812,6903.610150999157,13030.231578947369
1791187236,10,GET,BMC: PowerState,0.700000,0.000000,910,1100,1200,1200,1200,1200,1200,1200,1200,1200,1200,38,0,600,724.6498805535865,336.4688909932738,1667.7300919982372,2578.0
1791187236,10,GET,BMC: system information,1.000000,0.000000,500,540,580,700,1100,1100,1100,1100,1100,1100,1100,26,0,540,589.0802651931433,325.445763010066,1232.8882760048145,2578.0
1791187236,10,GET,Public: /posts,0.600000,0.000000,210,210,220,220,480,480,480,480,480,480,480,20,0,350,502.3864818496804,170.55653499846812,1656.4389260020107,27520.0
1791187236,10,GET,Public: wttr.in/Novosibirsk,0.400000,0.000000,840,840,2100,2100,2100,2100,2100,2100,2100,2100,2100,15,0,1500,2020.766858398565,750.698061005096,6903.610150999157,39654.0
1791187236,10,,Aggregated,2.700000,0.000000,580,760,910,1100,1200,1200,2100,2100,2100,2100,2100,99,0,600,840.5254027174758,170.55653499846812,6903.610150999157,13234.363636363636
1791187237,10,GET,BMC: PowerState,0.800000,0.000000,910,1100,1200,1200,1200,1200,1200,1200,1200,1200,1200,39,0,600,722.5798907956909,336.4688909932738,1667.7300919982372,2578.0
1791187237,10,GET,BMC: system information,1.100000,0.000000,540,580,700,700,1100,1100,1100,1100,1100,1100,1100,26,0,540,589.0802651931433,325.445763010066,1232.8882760048145,2578.0
1791187237,10,GET,Public: /posts,0.500000,0.000000,210,220,220,480,480,480,480,480,480,480,480,20,0,350,502.3864818496804,170.55653499846812,1656.4389260020107,27520.0
1791187237,10,GET,Public: wttr.in/Novosibirsk,0.500000,0.000000,760,760,2100,2100,2100,2100,2100,2100,2100,2100,2100,15,0,1500,2020.766858398565,750.698061005096,6903.610150999157,39654.0
1791187237,10,,Aggregated,2.900000,0.000000,580,750,910,1100,1200,1200,2100,2100,2100,2100,2100,100,0,620,838.5593514902575,170.55653499846812,6903.610150999157,13127.8
1791187238,10,GET,BMC: PowerState,0.900000,0.000000,670,740,1100,1100,1200,1200,1200,1200,1200,1200,1200,41,0,640,721.292992878816,336.4688909932738,1667.7300919982372,2578.0
1791187238,10,GET,BMC: system information,0.900000,0.000000,540,580,590,700,1100,1100,1100,1100,1100,1100,1100,27,0,540,589.2342062229377,325.445763010066,1232.8882760048145,2578.0
1791187238,10,GET,Public: /posts,0.600000,0.000000,210,220,220,480,480,480,480,480,480,480,480,20,0,350,502.3864818496804,170.55653499846812,1656.4389260020107,27520.0
1791187238,10,GET,Public: wttr.in/Novosibirsk,0.600000,0.000000,760,760,2100,2100,2100,2100,2100,2100,2100,2100,2100,15,0,1500,2020.766858398565,750.698061005096,6903.610150999157,39654.0
1791187238,10,,Aggregated,3.000000,0.000000,580,650,740,760,1100,1200,2100,2100,2100,2100,2100,103,0,620,833.4132892138142,170.55653499846812,6903.610150999157,12820.52427184466
1791187239,10,GET,BMC: PowerState,0.800000,0.000000,670,740,1100,1100,1200,1200,1200,1200,1200,1200,1200,41,0,640,721.292992878816,336.4688909932738,1667.7300919982372,2578.0
1791187239,10,GET,BMC: system information,0.800000,0.000000,540,590,600,600,700,1100,1100,1100,1100,1100,1100,29,0,540,587.2634501037878,325.445763010066,1232.8882760048145,2578.0
1791187239,10,GET,Public: /posts,0.500000,0.000000,220,220,480,480,480,480,480,480,480,480,480,20,0,350,502.3864818496804,170.55653499846812,1656.4389260020107,27520.0
1791187239,10,GET,Public: wttr.in/Novosibirsk,0.400000,0.000000,2100,3700,3700,4000,4000,4000,4000,4000,4000,4000,4000,17,0,2000,2237.7957816454855,750.698061005096,6903.610150999157,39654.0
1791187239,10,,Aggregated,2.500000,0.000000,590,670,760,1100,2100,3700,4000,4000,4000,4000,4000,107,0,620,884.9898194954035,170.55653499846812,6903.610150999157,13130.635514018692
1791187240,10,GET,BMC: PowerState,0.900000,0.000000,650,670,740,1100,1200,1200,1200,1200,1200,1200,1200,43,0,600,708.8328241174337,336.4688909932738,1667.7300919982372,2578.0
1791187240,10,GET,BMC: system information,0.900000,0.000000,540,580,590,600,1100,1100,1100,1100,1100,1100,1100,29,0,540,587.2634501037878,325.445763010066,1232.8882760048145,2578.0
1791187240,10,GET,Public: /posts,0.500000,0.000000,480,480,480,480,480,480,480,480,480,480,480,20,0,350,502.3864818496804,170.55653499846812,1656.4389260020107,27520.0
1791187240,10,GET,Public: wttr.in/Novosibirsk,0.300000,0.000000,3700,3700,4000,4000,4000,4000,4000,4000,4000,4000,4000,17,0,2000,2237.7957816454855,750.698061005096,6903.610150999157,39654.0
1791187240,10,,Aggregated,2.600000,0.000000,590,670,760,1100,2100,3700,4000,4000,4000,4000,4000,109,0,600,877.0707285782235,170.55653499846812,6903.610150999157,12937.009174311926
1791187241,10,GET,BMC: PowerState,0.900000,0.000000,650,670,740,1100,1200,1200,1200,1200,1200,1200,1200,43,0,600,708.8328241174337,336.4688909932738,1667.7300919982372,2578.0
1791187241,10,GET,BMC: system information,0.900000,0.000000,520,540,580,590,600,600,600,600,600,600,600,29,0,540,587.2634501037878,325.445763010066,1232.8882760048145,2578.0
1791187241,10,GET,Public: /posts,0.500000,0.000000,480,480,480,480,480,480,480,480,480,480,480,20,0,350,502.3864818496804,170.55653499846812,1656.4389260020107,27520.0
1791187241,10,GET,Public: wttr.in/Novosibirsk,0.300000,0.000000,3700,3700,4000,4000,4000,4000,4000,4000,4000,4000,4000,17,0,2000,2237.7957816454855,750.698061005096,6903.610150999157,39654.0
1791187241,10,,Aggregated,2.600000,0.000000,580,640,670,740,2100,3700,4000,4000,4000,4000,4000,109,0,600,877.0707285782235,170.55653499846812,6903.610150999157,12937.009174311926
1791187242,10,GET,BMC: PowerState,0.700000,0.000000,640,650,670,740,930,930,930,930,930,930,930,46,0,600,702.5927872619714,336.4688909932738,1667.7300919982372,2578.0
1791187242,10,GET,BMC: system information,1.000000,0.000000,540,590,600,600,1000,1000,1000,1000,1000,1000,1000,30,0,580,601.0044406337935,325.445763010066,1232.8882760048145,2578.0
1791187242,10,GET,Public: /posts,0.400000,0.000000,480,480,3000,3000,3000,3000,3000,3000,3000,3000,3000,21,0,350,620.6801736663606,170.55653499846812,2986.5540099999635,27520.0
1791187242,10,GET,Public: wttr.in/Novosibirsk,0.400000,0.000000,3700,4000,4000,5700,5700,5700,5700,5700,5700,5700,5700,18,0,2000,2429.3571708872655,750.698061005096,6903.610150999157,39654.0
1791187242,10,,Aggregated,2.500000,0.000000,600,740,930,2100,3700,4000,5700,5700,5700,5700,5700,115,0,620,931.4096883132943,170.55653499846812,6903.610150999157,12935.826086956522
1791187243,0,GET,BMC: PowerState,0.700000,0.000000,640,650,670,740,930,930,930,930,930,930,930,46,0,600,702.5927872619714,336.4688909932738,1667.7300919982372,2578.0
1791187243,0,GET,BMC: system information,1.000000,0.000000,540,590,600,600,1000,1000,1000,1000,1000,1000,1000,30,0,580,601.0044406337935,325.445763010066,1232.8882760048145,2578.0
1791187243,0,GET,Public: /posts,0.400000,0.000000,3000,3000,3000,3000,3000,3000,3000,3000,3000,3000,3000,21,0,350,620.6801736663606,170.55653499846812,2986.5540099999635,27520.0
1791187243,0,GET,Public: wttr.in/Novosibirsk,0.400000,0.000000,3700,4000,4000,5700,5700,5700,5700,5700,5700,5700,5700,18,0,2000,2429.3571708872655,750.698061005096,6903.610150999157,39654.0
1791187243,0,,Aggregated,2.500000,0.000000,600,740,1000,2100,3700,4000,5700,5700,5700,5700,5700,115,0,620,931.4096883132943,170.55653499846812,6903.610150999157,12935.826086956522
1791187244,0,GET,BMC: PowerState,0.700000,0.000000,570,640,650,740,930,930,930,930,930,930,930,46,0,600,702.5927872619714,336.4688909932738,1667.7300919982372,2578.0
1791187244,0,GET,BMC: system information,1.000000,0.000000,590,590,600,600,1000,1000,1000,1000,1000,1000,1000,30,0,580,601.0044406337935,325.445763010066,1232.8882760048145,2578.0
1791187244,0,GET,Public: /posts,0.400000,0.000000,3000,3000,3000,3000,3000,3000,3000,3000,3000,3000,3000,21,0,350,620.6801736663606,170.55653499846812,2986.5540099999635,27520.0
1791187244,0,GET,Public: wttr.in/Novosibirsk,0.400000,0.000000,4000,4000,5700,5700,5700,5700,5700,5700,5700,5700,5700,18,0,2000,2429.3571708872655,750.698061005096,6903.610150999157,39654.0
1791187244,0,,Aggregated,2.500000,0.000000,600,740,1000,2100,3700,4000,5700,5700,5700,5700,5700,115,0,620,931.4096883132943,170.55653499846812,6903.610150999157,12935.826086956522
1791187245,0,GET,BMC: PowerState,0.700000,0.000000,570,640,650,740,930,930,930,930,930,930,930,46,0,600,702.5927872619714,336.4688909932738,1667.7300919982372,2578.0
1791187245,0,GET,BMC: system information,1.000000,0.000000,590,590,600,600,1000,1000,1000,1000,1000,1000,1000,30,0,580,601.0044406337935,325.445763010066,1232.8882760048145,2578.0
1791187245,0,GET,Public: /posts,0.400000,0.000000,3000,3000,3000,3000,3000,3000,3000,3000,3000,3000,3000,21,0,350,620.6801736663606,170.55653499846812,2986.5540099999635,27520.0
1791187245,0,GET,Public: wttr.in/Novosibirsk,0.400000,0.000000,4000,4000,5700,5700,5700,5700,5700,5700,5700,5700,5700,18,0,2000,2429.3571708872655,750.698061005096,6903.610150999157,39654.0
1791187245,0,,Aggregated,2.500000,0.000000,600,740,1000,2100,3700,4000,5700,5700,5700,5700,5700,115,0,620,931.4096883132943,170.55653499846812,6903.610150999157,12935.826086956522
1791187246,0,GET,BMC: PowerState,0.700000,0.000000,640,650,740,740,930,930,930,930,930,930,930,46,0,600,702.5927872619714,336.4688909932738,1667.7300919982372,2578.0
1791187246,0,GET,BMC: system information,1.000000,0.000000,600,600,1000,1000,1000,1000,1000,1000,1000,1000,1000,30,0,580,601.0044406337935,325.445763010066,1232.8882760048145,2578.0
1791187246,0,GET,Public: /posts,0.400000,0.000000,3000,3000,3000,3000,3000,3000,3000,3000,3000,3000,3000,21,0,350,620.6801736663606,170.55653499846812,2986.5540099999635,27520.0
1791187246,0,GET,Public: wttr.in/Novosibirsk,0.400000,0.000000,4000,4000,5700,5700,5700,5700,5700,5700,5700,5700,5700,18,0,2000,2429.3571708872655,750.698061005096,6903.610150999157,39654.0
1791187246,0,,Aggregated,2.500000,0.000000,650,930,3000,3000,4000,5700,5700,5700,5700,5700,5700,115,0,620,931.4096883132943,170.55653499846812,6903.610150999157,12935.826086956522
1791187247,0,GET,BMC: PowerState,0.700000,0.000000,570,650,740,740,930,930,930,930,930,930,930,46,0,600,702.5927872619714,336.4688909932738,1667.7300919982372,2578.0
1791187247,0,GET,BMC: system information,1.000000,0.000000,600,600,1000,1000,1000,1000,1000,1000,1000,1000,1000,30,0,580,601.0044406337935,325.445763010066,1232.8882760048145,2578.0
1791187247,0,GET,Public: /posts,0.400000,0.000000,3000,3000,3000,3000,3000,3000,3000,3000,3000,3000,3000,21,0,350,620.6801736663606,170.55653499846812,2986.5540099999635,27520.0
1791187247,0,GET,Public: wttr.in/Novosibirsk,0.400000,0.000000,4000,4000,5700,5700,5700,5700,5700,5700,5700,5700,5700,18,0,2000,2429.3571708872655,750.698061005096,6903.610150999157,39654.0
1791187247,0,,Aggregated,2.500000,0.000000,740,1000,3000,3700,4000,5700,5700,5700,5700,5700,5700,115,0,620,931.4096883132943,170.55653499846812,6903.610150999157,12935.826086956522
1791187248,0,GET,BMC: PowerState,0.700000,0.000000,570,650,740,740,930,930,930,930,930,930,930,46,0,600,702.5927872619714,336.4688909932738,1667.7300919982372,2578.0
1791187248,0,GET,BMC: system information,1.000000,0.000000,600,600,1000,1000,1000,1000,1000,1000,1000,1000,1000,30,0,580,601.0044406337935,325.445763010066,1232.8882760048145,2578.0
1791187248,0,GET,Public: /posts,0.400000,0.000000,3000,3000,3000,3000,3000,3000,3000,3000,3000,3000,3000,21,0,350,620.6801736663606,170.55653499846812,2986.5540099999635,27520.0
1791187248,0,GET,Public: wttr.in/Novosibirsk,0.400000,0.000000,5700,5700,5700,5700,5700,5700,5700,5700,5700,5700,5700,18,0,2000,2429.3571708872655,750.698061005096,6903.610150999157,39654.0
1791187248,0,,Aggregated,2.500000,0.000000,600,1000,3000,3000,4000,5700,5700,5700,5700,5700,5700,115,0,620,931.4096883132943,170.55653499846812,6903.610150999157,12935.826086956522
1791187249,0,GET,BMC: PowerState,0.700000,0.000000,550,570,570,930,930,930,930,930,930,930,930,46,0,600,702.5927872619714,336.4688909932738,1667.7300919982372,2578.0
1791187249,0,GET,BMC: system information,1.000000,0.000000,600,600,1000,1000,1000,1000,1000,1000,1000,1000,1000,30,0,580,601.0044406337935,325.445763010066,1232.8882760048145,2578.0
1791187249,0,GET,Public: /posts,0.400000,0.000000,3000,3000,3000,3000,3000,3000,3000,3000,3000,3000,3000,21,0,350,620.6801736663606,170.55653499846812,2986.5540099999635,27520.0
1791187249,0,GET,Public: wttr.in/Novosibirsk,0.400000,0.000000,5700,5700,5700,5700,5700,5700,5700,5700,5700,5700,5700,18,0,2000,2429.3571708872655,750.698061005096,6903.610150999157,39654.0
1791187249,0,,Aggregated,2.500000,0.000000,930,1000,3000,3000,5700,5700,5700,5700,5700,5700,5700,115,0,620,931.4096883132943,170.55653499846812,6903.610150999157,12935.826086956522
1791187250,0,GET,BMC: PowerState,0.700000,0.000000,550,550,930,930,930,930,930,930,930,930,930,46,0,600,702.5927872619714,336.4688909932738,1667.7300919982372,2578.0
1791187250,0,GET,BMC: system information,1.000000,0.000000,1000,1000,1000,1000,1000,1000,1000,1000,1000,1000,1000,30,0,580,601.0044406337935,325.445763010066,1232.8882760048145,2578.0
1791187250,0,GET,Public: /posts,0.400000,0.000000,3000,3000,3000,3000,3000,3000,3000,3000,3000,3000,3000,21,0,350,620.6801736663606,170.55653499846812,2986.5540099999635,27520.0
1791187250,0,GET,Public: wttr.in/Novosibirsk,0.400000,0.000000,5700,5700,5700,5700,5700,5700,5700,5700,5700,5700,5700,18,0,2000,2429.3571708872655,750.698061005096,6903.610150999157,39654.0
1791187250,0,,Aggregated,2.500000,0.000000,1000,1000,3000,3000,5700,5700,5700,5700,5700,5700,5700,115,0,620,931.4096883132943,170.55653499846812,6903.610150999157,12935.826086956522
1791187251,0,GET,BMC: PowerState,0.700000,0.000000,360,360,360,360,360,360,360,360,360,360,360,46,0,600,702.5927872619714,336.4688909932738,1667.7300919982372,2578.0
1791187251,0,GET,BMC: system information,1.000000,0.000000,1000,1000,1000,1000,1000,1000,1000,1000,1000,1000,1000,30,0,580,601.0044406337935,325.445763010066,1232.8882760048145,2578.0
1791187251,0,GET,Public: /posts,0.400000,0.000000,3000,3000,3000,3000,3000,3000,3000,3000,3000,3000,3000,21,0,350,620.6801736663606,170.55653499846812,2986.5540099999635,27520.0
1791187251,0,GET,Public: wttr.in/Novosibirsk,0.400000,0.000000,5700,5700,5700,5700,5700,5700,5700,5700,5700,5700,5700,18,0,2000,2429.3571708872655,750.698061005096,6903.610150999157,39654.0
1791187251,0,,Aggregated,2.500000,0.000000,3000,3000,5700,5700,5700,5700,5700,5700,5700,5700,5700,115,0,620,931.4096883132943,170.55653499846812,6903.610150999157,12935.826086956522
1791187252,0,GET,BMC: PowerState,0.700000,0.000000,360,360,360,360,360,360,360,360,360,360,360,46,0,600,702.5927872619714,336.4688909932738,1667.7300919982372,2578.0
1791187252,0,GET,BMC: system information,1.000000,0.000000,1000,1000,1000,1000,1000,1000,1000,1000,1000,1000,1000,30,0,580,601.0044406337935,325.445763010066,1232.8882760048145,2578.0
1791187252,0,GET,Public: /posts,0.400000,0.000000,3000,3000,3000,3000,3000,3000,3000,3000,3000,3000,3000,21,0,350,620.6801736663606,170.55653499846812,2986.5540099999635,27520.0
1791187252,0,GET,Public: wttr.in/Novosibirsk,0.400000,0.000000,5700,5700,5700,5700,5700,5700,5700,5700,5700,5700,5700,18,0,2000,2429.3571708872655,750.698061005096,6903.610150999157,39654.0
1791187252,0,,Aggregated,2.500000,0.000000,3000,3000,5700,5700,5700,5700,5700,5700,5700,5700,5700,115,0,620,931.4096883132943,170.55653499846812,6903.610150999157,12935.826086956522
1791187253,0,GET,BMC: PowerState,0.700000,0.000000,360,360,360,360,360,360,360,360,360,360,360,46,0,600,702.5927872619714,336.4688909932738,1667.7300919982372,2578.0
1791187253,0,GET,BMC: system information,1.000000,0.000000,1000,1000,1000,1000,1000,1000,1000,1000,1000,1000,1000,30,0,580,601.0044406337935,325.445763010066,1232.8882760048145,2578.0
1791187253,0,GET,Public: /posts,0.400000,0.000000,3000,3000,3000,3000,3000,3000,3000,3000,3000,3000,3000,21,0,350,620.6801736663606,170.55653499846812,2986.5540099999635,27520.0
1791187253,0,GET,Public: wttr.in/Novosibirsk,0.400000,0.000000,5700,5700,5700,5700,5700,5700,5700,5700,5700,5700,5700,18,0,2000,2429.3571708872655,750.698061005096,6903.610150999157,39654.0
1791187253,0,,Aggregated,2.500000,0.000000,3000,3000,5700,5700,5700,5700,5700,5700,5700,5700,5700,115,0,620,931.4096883132943,170.55653499846812,6903.610150999157,12935.826086956522
1791187254,0,GET,BMC: PowerState,0.700000,0.000000,360,360,360,360,360,360,360,360,360,360,360,46,0,600,702.5927872619714,336.4688909932738,1667.7300919982372,2578.0
1791187254,0,GET,BMC: system information,1.000000,0.000000,1000,1000,1000,1000,1000,1000,1000,1000,1000,1000,1000,30,0,580,601.0044406337935,325.445763010066,1232.8882760048145,2578.0
1791187254,0,GET,Public: /posts,0.400000,0.000000,3000,3000,3000,3000,3000,3000,3000,3000,3000,3000,3000,21,0,350,620.6801736663606,170.55653499846812,2986.5540099999635,27520.0
1791187254,0,GET,Public: wttr.in/Novosibirsk,0.400000,0.000000,5700,5700,5700,5700,5700,5700,5700,5700,5700,5700,5700,18,0,2000,2429.3571708872655,750.698061005096,6903.610150999157,39654.0
1791187254,0,,Aggregated,2.500000,0.000000,3000,3000,5700,5700,5700,5700,5700,5700,5700,5700,5700,115,0,620,931.4096883132943,170.55653499846812,6903.610150999157,12935.826086956522
1791187255,0,GET,BMC: PowerState,0.700000,0.000000,360,360,360,360,360,360,360,360,360,360,360,46,0,600,702.5927872619714,336.4688909932738,1667.7300919982372,2578.0
1791187255,0,GET,BMC: system information,1.000000,0.000000,1000,1000,1000,1000,1000,1000,1000,1000,1000,1000,1000,30,0,580,601.0044406337935,325.445763010066,1232.8882760048145,2578.0
1791187255,0,GET,Public: /posts,0.400000,0.000000,3000,3000,3000,3000,3000,3000,3000,3000,3000,3000,3000,21,0,350,620.6801736663606,170.55653499846812,2986.5540099999635,27520.0
1791187255,0,GET,Public: wttr.in/Novosibirsk,0.400000,0.000000,5700,5700,5700,5700,5700,5700,5700,5700,5700,5700,5700,18,0,2000,2429.3571708872655,750.698061005096,6903.610150999157,39654.0
1791187255,0,,Aggregated,2.500000,0.000000,3000,3000,5700,5700,5700,5700,5700,5700,5700,5700,5700,115,0,620,931.4096883132943,170.55653499846812,6903.610150999157,12935.826086956522
1791187256,0,GET,BMC: PowerState,0.700000,0.000000,360,360,360,360,360,360,360,360,360,360,360,46,0,600,702.5927872619714,336.4688909932738,1667.7300919982372,2578.0
1791187256,0,GET,BMC: system information,1.000000,0.000000,1000,1000,1000,1000,1000,1000,1000,1000,1000,1000,1000,30,0,580,601.0044406337935,325.445763010066,1232.8882760048145,2578.0
1791187256,0,GET,Public: /posts,0.400000,0.000000,3000,3000,3000,3000,3000,3000,3000,3000,3000,3000,3000,21,0,350,620.6801736663606,170.55653499846812,2986.5540099999635,27520.0
1791187256,0,GET,Public: wttr.in/Novosibirsk,0.400000,0.000000,5700,5700,5700,5700,5700,5700,5700,5700,5700,5700,5700,18,0,2000,2429.3571708872655,750.698061005096,6903.610150999157,39654.0
1791187256,0,,Aggregated,2.500000,0.000000,3000,3000,5700,5700,5700,5700,5700,5700,5700,5700,5700,115,0,620,931.4096883132943,170.55653499846812,6903.610150999157,12935.826086956522
1791187257,0,GET,BMC: PowerState,0.700000,0.000000,360,360,360,360,360,360,360,360,360,360,360,46,0,600,702.5927872619714,336.4688909932738,1667.7300919982372,2578.0
1791187257,0,GET,BMC: system information,1.000000,0.000000,1000,1000,1000,1000,1000,1000,1000,1000,1000,1000,1000,30,0,580,601.0044406337935,325.445763010066,1232.8882760048145,2578.0
1791187257,0,GET,Public: /posts,0.400000,0.000000,3000,3000,3000,3000,3000,3000,3000,3000,3000,3000,3000,21,0,350,620.6801736663606,170.55653499846812,2986.5540099999635,27520.0
1791187257,0,GET,Public: wttr.in/Novosibirsk,0.400000,0.000000,5700,5700,5700,5700,5700,5700,5700,5700,5700,5700,5700,18,0,2000,2429.3571708872655,750.698061005096,6903.610150999157,39654.0
1791187257,0,,Aggregated,2.500000,0.000000,3000,3000,5700,5700,5700,5700,5700,5700,5700,5700,5700,115,0,620,931.4096883132943,170.55653499846812,6903.610150999157,12935.826086956522
1791187258,0,GET,BMC: PowerState,0.700000,0.000000,360,360,360,360,360,360,360,360,360,360,360,46,0,600,702.5927872619714,336.4688909932738,1667.7300919982372,2578.0
1791187258,0,GET,BMC: system information,1.000000,0.000000,1000,1000,1000,1000,1000,1000,1000,1000,1000,1000,1000,30,0,580,601.0044406337935,325.445763010066,1232.8882760048145,2578.0
1791187258,0,GET,Public: /posts,0.400000,0.000000,3000,3000,3000,3000,3000,3000,3000,3000,3000,3000,3000,21,0,350,620.6801736663606,170.55653499846812,2986.5540099999635,27520.0
1791187258,0,GET,Public: wttr.in/Novosibirsk,0.400000,0.000000,5700,5700,5700,5700,5700,5700,5700,5700,5700,5700,5700,18,0,2000,2429.3571708872655,750.698061005096,6903.610150999157,39654.0
1791187258,0,,Aggregated,2.500000,0.000000,3000,3000,5700,5700,5700,5700,5700,5700,5700,5700,5700,115,0,620,931.4096883132943,170.55653499846812,6903.610150999157,12935.826086956522
1791187259,0,GET,BMC: PowerState,0.700000,0.000000,360,360,360,360,360,360,360,360,360,360,360,46,0,600,702.5927872619714,336.4688909932738,1667.7300919982372,2578.0
1791187259,0,GET,BMC: system information,1.000000,0.000000,0,0,0,0,0,0,0,0,0,0,0,30,0,580,601.0044406337935,325.445763010066,1232.8882760048145,2578.0
1791187259,0,GET,Public: /posts,0.400000,0.000000,3000,3000,3000,3000,3000,3000,3000,3000,3000,3000,3000,21,0,350,620.6801736663606,170.55653499846812,2986.5540099999635,27520.0
1791187259,0,GET,Public: wttr.in/Novosibirsk,0.400000,0.000000,5700,5700,5700,5700,5700,5700,5700,5700,5700,5700,5700,18,0,2000,2429.3571708872655,750.698061005096,6903.610150999157,39654.0
1791187259,0,,Aggregated,2.500000,0.000000,3000,3000,5700,5700,5700,5700,5700,5700,5700,5700,5700,115,0,620,931.4096883132943,170.55653499846812,6903.610150999157,12935.826086956522
1791187260,0,GET,BMC: PowerState,0.700000,0.000000,0,0,0,0,0,0,0,0,0,0,0,46,0,600,702.5927872619714,336.4688909932738,1667.7300919982372,2578.0
1791187260,0,GET,BMC: system information,1.000000,0.000000,0,0,0,0,0,0,0,0,0,0,0,30,0,580,601.0044406337935,325.445763010066,1232.8882760048145,2578.0
1791187260,0,GET,Public: /posts,0.400000,0.000000,0,0,0,0,0,0,0,0,0,0,0,21,0,350,620.6801736663606,170.55653499846812,2986.5540099999635,27520.0
1791187260,0,GET,Public: wttr.in/Novosibirsk,0.400000,0.000000,0,0,0,0,0,0,0,0,0,0,0,18,0,2000,2429.3571708872655,750.698061005096,6903.610150999157,39654.0
1791187260,0,,Aggregated,2.500000,0.000000,0,0,0,0,0,0,0,0,0,0,0,115,0,620,931.4096883132943,170.55653499846812,6903.610150999157,12935.826086956522
1791187261,0,GET,BMC: PowerState,0.700000,0.000000,0,0,0,0,0,0,0,0,0,0,0,46,0,600,702.5927872619714,336.4688909932738,1667.7300919982372,2578.0
1791187261,0,GET,BMC: system information,1.000000,0.000000,0,0,0,0,0,0,0,0,0,0,0,30,0,580,601.0044406337935,325.445763010066,1232.8882760048145,2578.0
1791187261,0,GET,Public: /posts,0.400000,0.000000,0,0,0,0,0,0,0,0,0,0,0,21,0,350,620.6801736663606,170.55653499846812,2986.5540099999635,27520.0
1791187261,0,GET,Public: wttr.in/Novosibirsk,0.400000,0.000000,0,0,0,0,0,0,0,0,0,0,0,18,0,2000,2429.3571708872655,750.698061005096,6903.610150999157,39654.0
1791187261,0,,Aggregated,2.500000,0.000000,0,0,0,0,0,0,0,0,0,0,0,115,0,620,931.4096883132943,170.55653499846812,6903.610150999157,12935.826086956522
1791187262,0,GET,BMC: PowerState,0.700000,0.000000,0,0,0,0,0,0,0,0,0,0,0,46,0,600,702.5927872619714,336.4688909932738,1667.7300919982372,2578.0
1791187262,0,GET,BMC: system information,1.000000,0.000000,0,0,0,0,0,0,0,0,0,0,0,30,0,580,601.0044406337935,325.445763010066,1232.8882760048145,2578.0
1791187262,0,GET,Public: /posts,0.400000,0.000000,0,0,0,0,0,0,0,0,0,0,0,21,0,350,620.6801736663606,170.55653499846812,2986.5540099999635,27520.0
1791187262,0,GET,Public: wttr.in/Novosibirsk,0.400000,0.000000,0,0,0,0,0,0,0,0,0,0,0,18,0,2000,2429.3571708872655,750.698061005096,6903.610150999157,39654.0
1791187262,0,,Aggregated,2.500000,0.000000,0,0,0,0,0,0,0,0,0,0,0,115,0,620,931.4096883132943,170.55653499846812,6903.610150999157,12935.826086956522
1791187263,0,GET,BMC: PowerState,0.700000,0.000000,0,0,0,0,0,0,0,0,0,0,0,46,0,600,702.5927872619714,336.4688909932738,1667.7300919982372,2578.0
1791187263,0,GET,BMC: system information,1.000000,0.000000,0,0,0,0,0,0,0,0,0,0,0,30,0,580,601.0044406337935,325.445763010066,1232.8882760048145,2578.0
1791187263,0,GET,Public: /posts,0.400000,0.000000,0,0,0,0,0,0,0,0,0,0,0,21,0,350,620.6801736663606,170.55653499846812,2986.5540099999635,27520.0
1791187263,0,GET,Public: wttr.in/Novosibirsk,0.400000,0.000000,0,0,0,0,0,0,0,0,0,0,0,18,0,2000,2429.3571708872655,750.698061005096,6903.610150999157,39654.0
1791187263,0,,Aggregated,2.500000,0.000000,0,0,0,0,0,0,0,0,0,0,0,115,0,620,931.4096883132943,170.55653499846812,6903.610150999157,12935.826086956522
1791187264,0,GET,BMC: PowerState,0.700000,0.000000,0,0,0,0,0,0,0,0,0,0,0,46,0,600,702.5927872619714,336.4688909932738,1667.7300919982372,2578.0
1791187264,0,GET,BMC: system information,1.000000,0.000000,0,0,0,0,0,0,0,0,0,0,0,30,0,580,601.0044406337935,325.445763010066,1232.8882760048145,2578.0
1791187264,0,GET,Public: /posts,0.400000,0.000000,0,0,0,0,0,0,0,0,0,0,0,21,0,350,620.6801736663606,170.55653499846812,2986.5540099999635,27520.0
1791187264,0,GET,Public: wttr.in/Novosibirsk,0.400000,0.000000,0,0,0,0,0,0,0,0,0,0,0,18,0,2000,2429.3571708872655,750.698061005096,6903.610150999157,39654.0
1791187264,0,,Aggregated,2.500000,0.000000,0,0,0,0,0,0,0,0,0,0,0,115,0,620,931.4096883132943,170.55653499846812,6903.610150999157,12935.826086956522
1791187265,0,GET,BMC: PowerState,0.700000,0.000000,0,0,0,0,0,0,0,0,0,0,0,46,0,600,702.5927872619714,336.4688909932738,1667.7300919982372,2578.0
1791187265,0,GET,BMC: system information,1.000000,0.000000,0,0,0,0,0,0,0,0,0,0,0,30,0,580,601.0044406337935,325.445763010066,1232.8882760048145,2578.0
1791187265,0,GET,Public: /posts,0.400000,0.000000,0,0,0,0,0,0,0,0,0,0,0,21,0,350,620.6801736663606,170.55653499846812,2986.5540099999635,27520.0
1791187265,0,GET,Public: wttr.in/Novosibirsk,0.400000,0.000000,0,0,0,0,0,0,0,0,0,0,0,18,0,2000,2429.3571708872655,750.698061005096,6903.610150999157,39654.0
1791187265,0,,Aggregated,2.500000,0.000000,0,0,0,0,0,0,0,0,0,0,0,115,0,620,931.4096883132943,170.55653499846812,6903.610150999157,12935.826086956522
1791187266,0,GET,BMC: PowerState,0.700000,0.000000,0,0,0,0,0,0,0,0,0,0,0,46,0,600,702.5927872619714,336.4688909932738,1667.7300919982372,2578.0
1791187266,0,GET,BMC: system information,1.000000,0.000000,0,0,0,0,0,0,0,0,0,0,0,30,0,580,601.0044406337935,325.445763010066,1232.8882760048145,2578.0
1791187266,0,GET,Public: /posts,0.400000,0.000000,0,0,0,0,0,0,0,0,0,0,0,21,0,350,620.6801736663606,170.55653499846812,2986.5540099999635,27520.0
1791187266,0,GET,Public: wttr.in/Novosibirsk,0.400000,0.000000,0,0,0,0,0,0,0,0,0,0,0,18,0,2000,2429.3571708872655,750.698061005096,6903.610150999157,39654.0
1791187266,0,,Aggregated,2.500000,0.000000,0,0,0,0,0,0,0,0,0,0,0,115,0,620,931.4096883132943,170.55653499846812,6903.610150999157,12935.826086956522
1791187267,0,GET,BMC: PowerState,0.700000,0.000000,0,0,0,0,0,0,0,0,0,0,0,46,0,600,702.5927872619714,336.4688909932738,1667.7300919982372,2578.0
1791187267,0,GET,BMC: system information,1.000000,0.000000,0,0,0,0,0,0,0,0,0,0,0,30,0,580,601.0044406337935,325.445763010066,1232.8882760048145,2578.0
1791187267,0,GET,Public: /posts,0.400000,0.000000,0,0,0,0,0,0,0,0,0,0,0,21,0,350,620.6801736663606,170.55653499846812,2986.5540099999635,27520.0
1791187267,0,GET,Public: wttr.in/Novosibirsk,0.400000,0.000000,0,0,0,0,0,0,0,0,0,0,0,18,0,2000,2429.3571708872655,750.698061005096,6903.610150999157,39654.0
1791187267,0,,Aggregated,2.500000,0.000000,0,0,0,0,0,0,0,0,0,0,0,115,0,620,931.4096883132943,170.55653499846812,6903.610150999157,12935.826086956522
1791187268,0,GET,BMC: PowerState,0.700000,0.000000,0,0,0,0,0,0,0,0,0,0,0,46,0,600,702.5927872619714,336.4688909932738,1667.7300919982372,2578.0
1791187268,0,GET,BMC: system information,1.000000,0.000000,0,0,0,0,0,0,0,0,0,0,0,30,0,580,601.0044406337935,325.445763010066,1232.8882760048145,2578.0
1791187268,0,GET,Public: /posts,0.400000,0.000000,0,0,0,0,0,0,0,0,0,0,0,21,0,350,620.6801736663606,170.55653499846812,2986.5540099999635,27520.0
1791187268,0,GET,Public: wttr.in/Novosibirsk,0.400000,0.000000,0,0,0,0,0,0,0,0,0,0,0,18,0,2000,2429.3571708872655,750.698061005096,6903.610150999157,39654.0
1791187268,0,,Aggregated,2.500000,0.000000,0,0,0,0,0,0,0,0,0,0,0,115,0,620,931.4096883132943,170.55653499846812,6903.610150999157,12935.826086956522
1791187269,0,GET,BMC: PowerState,0.700000,0.000000,0,0,0,0,0,0,0,0,0,0,0,46,0,600,702.5927872619714,336.4688909932738,1667.7300919982372,2578.0
1791187269,0,GET,BMC: system information,1.000000,0.000000,0,0,0,0,0,0,0,0,0,0,0,30,0,580,601.0044406337935,325.445763010066,1232.8882760048145,2578.0
1791187269,0,GET,Public: /posts,0.400000,0.000000,0,0,0,0,0,0,0,0,0,0,0,21,0,350,620.6801736663606,170.55653499846812,2986.5540099999635,27520.0
1791187269,0,GET,Public: wttr.in/Novosibirsk,0.400000,0.000000,0,0,0,0,0,0,0,0,0,0,0,18,0,2000,2429.3571708872655,750.698061005096,6903.610150999157,39654.0
1791187269,0,,Aggregated,2.500000,0.000000,0,0,0,0,0,0,0,0,0,0,0,115,0,620,931.4096883132943,170.55653499846812,6903.610150999157,12935.826086956522
1791187270,0,GET,BMC: PowerState,0.700000,0.000000,0,0,0,0,0,0,0,0,0,0,0,46,0,600,702.5927872619714,336.4688909932738,1667.7300919982372,2578.0
1791187270,0,GET,BMC: system information,1.000000,0.000000,0,0,0,0,0,0,0,0,0,0,0,30,0,580,601.0044406337935,325.445763010066,1232.8882760048145,2578.0
1791187270,0,GET,Public: /posts,0.400000,0.000000,0,0,0,0,0,0,0,0,0,0,0,21,0,350,620.6801736663606,170.55653499846812,2986.5540099999635,27520.0
1791187270,0,GET,Public: wttr.in/Novosibirsk,0.400000,0.000000,0,0,0,0,0,0,0,0,0,0,0,18,0,2000,2429.3571708872655,750.698061005096,6903.610150999157,39654.0
1791187270,0,,Aggregated,2.500000,0.000000,0,0,0,0,0,0,0,0,0,0,0,115,0,620,931.4096883132943,170.55653499846812,6903.610150999157,12935.826086956522
1791187271,0,GET,BMC: PowerState,0.700000,0.000000,0,0,0,0,0,0,0,0,0,0,0,46,0,600,702.5927872619714,336.4688909932738,1667.7300919982372,2578.0
1791187271,0,GET,BMC: system information,1.000000,0.000000,0,0,0,0,0,0,0,0,0,0,0,30,0,580,601.0044406337935,325.445763010066,1232.8882760048145,2578.0
1791187271,0,GET,Public: /posts,0.400000,0.000000,0,0,0,0,0,0,0,0,0,0,0,21,0,350,620.6801736663606,170.55653499846812,2986.5540099999635,27520.0
1791187271,0,GET,Public: wttr.in/Novosibirsk,0.400000,0.000000,0,0,0,0,0,0,0,0,0,0,0,18,0,2000,2429.3571708872655,750.698061005096,6903.610150999157,39654.0
1791187271,0,,Aggregated,2.500000,0.000000,0,0,0,0,0,0,0,0,0,0,0,115,0,620,931.4096883132943,170.55653499846812,6903.610150999157,12935.826086956522
1791187272,0,GET,BMC: PowerState,0.700000,0.000000,0,0,0,0,0,0,0,0,0,0,0,46,0,600,702.5927872619714,336.4688909932738,1667.7300919982372,2578.0
1791187272,0,GET,BMC: system information,1.000000,0.000000,0,0,0,0,0,0,0,0,0,0,0,30,0,580,601.0044406337935,325.445763010066,1232.8882760048145,2578.0
1791187272,0,GET,Public: /posts,0.400000,0.000000,0,0,0,0,0,0,0,0,0,0,0,21,0,350,620.6801736663606,170.55653499846812,2986.5540099999635,27520.0
1791187272,0,GET,Public: wttr.in/Novosibirsk,0.400000,0.000000,0,0,0,0,0,0,0,0,0,0,0,18,0,2000,2429.3571708872655,750.698061005096,6903.610150999157,39654.0
1791187272,0,,Aggregated,2.500000,0.000000,0,0,0,0,0,0,0,0,0,0,0,115,0,620,931.4096883132943,170.55653499846812,6903.610150999157,12935.826086956522
1791187273,0,GET,BMC: PowerState,0.700000,0.000000,0,0,0,0,0,0,0,0,0,0,0,46,0,600,702.5927872619714,336.4688909932738,1667.7300919982372,2578.0
1791187273,0,GET,BMC: system information,1.000000,0.000000,0,0,0,0,0,0,0,0,0,0,0,30,0,580,601.0044406337935,325.445763010066,1232.8882760048145,2578.0
1791187273,0,GET,Public: /posts,0.400000,0.000000,0,0,0,0,0,0,0,0,0,0,0,21,0,350,620.6801736663606,170.55653499846812,2986.5540099999635,27520.0
1791187273,0,GET,Public: wttr.in/Novosibirsk,0.400000,0.000000,0,0,0,0,0,0,0,0,0,0,0,18,0,2000,2429.3571708872655,750.698061005096,6903.610150999157,39654.0
1791187273,0,,Aggregated,2.500000,0.000000,0,0,0,0,0,0,0,0,0,0,0,115,0,620,931.4096883132943,170.55653499846812,6903.610150999157,12935.826086956522
1791187274,0,GET,BMC: PowerState,0.700000,0.000000,0,0,0,0,0,0,0,0,0,0,0,46,0,600,702.5927872619714,336.4688909932738,1667.7300919982372,2578.0
1791187274,0,GET,BMC: system information,1.000000,0.000000,0,0,0,0,0,0,0,0,0,0,0,30,0,580,601.0044406337935,325.445763010066,1232.8882760048145,2578.0
1791187274,0,GET,Public: /posts,0.400000,0.000000,0,0,0,0,0,0,0,0,0,0,0,21,0,350,620.6801736663606,170.55653499846812,2986.5540099999635,27520.0
1791187274,0,GET,Public: wttr.in/Novosibirsk,0.400000,0.000000,0,0,0,0,0,0,0,0,0,0,0,18,0,2000,2429.3571708872655,750.698061005096,6903.610150999157,39654.0
1791187274,0,,Aggregated,2.500000,0.000000,0,0,0,0,0,0,0,0,0,0,0,115,0,620,931.4096883132943,170.55653499846812,6903.610150999157,12935.826086956522
1791187275,0,GET,BMC: PowerState,0.700000,0.000000,0,0,0,0,0,0,0,0,0,0,0,46,0,600,702.5927872619714,336.4688909932738,1667.7300919982372,2578.0
1791187275,0,GET,BMC: system information,1.000000,0.000000,0,0,0,0,0,0,0,0,0,0,0,30,0,580,601.0044406337935,325.445763010066,1232.8882760048145,2578.0
1791187275,0,GET,Public: /posts,0.400000,0.000000,0,0,0,0,0,0,0,0,0,0,0,21,0,350,620.6801736663606,170.55653499846812,2986.5540099999635,27520.0
1791187275,0,GET,Public: wttr.in/Novosibirsk,0.400000,0.000000,0,0,0,0,0,0,0,0,0,0,0,18,0,2000,2429.3571708872655,750.698061005096,6903.610150999157,39654.0
1791187275,0,,Aggregated,2.500000,0.000000,0,0,0,0,0,0,0,0,0,0,0,115,0,620,931.4096883132943,170.55653499846812,6903.610150999157,12935.826086956522
1791187276,0,GET,BMC: PowerState,0.700000,0.000000,0,0,0,0,0,0,0,0,0,0,0,46,0,600,702.5927872619714,336.4688909932738,1667.7300919982372,2578.0
1791187276,0,GET,BMC: system information,1.000000,0.000000,0,0,0,0,0,0,0,0,0,0,0,30,0,580,601.0044406337935,325.445763010066,1232.8882760048145,2578.0
1791187276,0,GET,Public: /posts,0.400000,0.000000,0,0,0,0,0,0,0,0,0,0,0,21,0,350,620.6801736663606,170.55653499846812,2986.5540099999635,27520.0
1791187276,0,GET,Public: wttr.in/Novosibirsk,0.400000,0.000000,0,0,0,0,0,0,0,0,0,0,0,18,0,2000,2429.3571708872655,750.698061005096,6903.610150999157,39654.0
1791187276,0,,Aggregated,2.500000,0.000000,0,0,0,0,0,0,0,0,0,0,0,115,0,620,931.4096883132943,170.55653499846812,6903.610150999157,12935.826086956522
1791187277,0,GET,BMC: PowerState,0.700000,0.000000,0,0,0,0,0,0,0,0,0,0,0,46,0,600,702.5927872619714,336.4688909932738,1667.7300919982372,2578.0
1791187277,0,GET,BMC: system information,1.000000,0.000000,0,0,0,0,0,0,0,0,0,0,0,30,0,580,601.0044406337935,325.445763010066,1232.8882760048145,2578.0
1791187277,0,GET,Public: /posts,0.400000,0.000000,0,0,0,0,0,0,0,0,0,0,0,21,0,350,620.6801736663606,170.55653499846812,2986.5540099999635,27520.0
1791187277,0,GET,Public: wttr.in/Novosibirsk,0.400000,0.000000,0,0,0,0,0,0,0,0,0,0,0,18,0,2000,2429.3571708872655,750.698061005096,6903.610150999157,39654.0
1791187277,0,,Aggregated,2.500000,0.000000,0,0,0,0,0,0,0,0,0,0,0,115,0,620,931.4096883132943,170.55653499846812,6903.610150999157,12935.826086956522
1791187278,0,GET,BMC: PowerState,0.700000,0.000000,0,0,0,0,0,0,0,0,0,0,0,46,0,600,702.5927872619714,336.4688909932738,1667.7300919982372,2578.0
1791187278,0,GET,BMC: system information,1.000000,0.000000,0,0,0,0,0,0,0,0,0,0,0,30,0,580,601.0044406337935,325.445763010066,1232.8882760048145,2578.0
1791187278,0,GET,Public: /posts,0.400000,0.000000,0,0,0,0,0,0,0,0,0,0,0,21,0,350,620.6801736663606,170.55653499846812,2986.5540099999635,27520.0
1791187278,0,GET,Public: wttr.in/Novosibirsk,0.400000,0.000000,0,0,0,0,0,0,0,0,0,0,0,18,0,2000,2429.3571708872655,750.698061005096,6903.610150999157,39654.0
1791187278,0,,Aggregated,2.500000,0.000000,0,0,0,0,0,0,0,0,0,0,0,115,0,620,931.4096883132943,170.55653499846812,6903.610150999157,12935.826086956522
1791187279,0,GET,BMC: PowerState,0.700000,0.000000,0,0,0,0,0,0,0,0,0,0,0,46,0,600,702.5927872619714,336.4688909932738,1667.7300919982372,2578.0
1791187279,0,GET,BMC: system information,1.000000,0.000000,0,0,0,0,0,0,0,0,0,0,0,30,0,580,601.0044406337935,325.445763010066,1232.8882760048145,2578.0
1791187279,0,GET,Public: /posts,0.400000,0.000000,0,0,0,0,0,0,0,0,0,0,0,21,0,350,620.6801736663606,170.55653499846812,2986.5540099999635,27520.0
1791187279,0,GET,Public: wttr.in/Novosibirsk,0.400000,0.000000,0,0,0,0,0,0,0,0,0,0,0,18,0,2000,2429.3571708872655,750.698061005096,6903.610150999157,39654.0
1791187279,0,,Aggregated,2.500000,0.000000,0,0,0,0,0,0,0,0,0,0,0,115,0,620,931.4096883132943,170.55653499846812,6903.610150999157,12935.826086956522
1791187280,0,GET,BMC: PowerState,0.700000,0.000000,0,0,0,0,0,0,0,0,0,0,0,46,0,600,702.5927872619714,336.4688909932738,1667.7300919982372,2578.0
1791187280,0,GET,BMC: system information,1.000000,0.000000,0,0,0,0,0,0,0,0,0,0,0,30,0,580,601.0044406337935,325.445763010066,1232.8882760048145,2578.0
1791187280,0,GET,Public: /posts,0.400000,0.000000,0,0,0,0,0,0,0,0,0,0,0,21,0,350,620.6801736663606,170.55653499846812,2986.5540099999635,27520.0
1791187280,0,GET,Public: wttr.in/Novosibirsk,0.400000,0.000000,0,0,0,0,0,0,0,0,0,0,0,18,0,2000,2429.3571708872655,750.698061005096,6903.610150999157,39654.0
1791187280,0,,Aggregated,2.500000,0.000000,0,0,0,0,0,0,0,0,0,0,0,115,0,620,931.4096883132943,170.55653499846812,6903.610150999157,12935.826086956522
1791187281,0,GET,BMC: PowerState,0.700000,0.000000,0,0,0,0,0,0,0,0,0,0,0,46,0,600,702.5927872619714,336.4688909932738,1667.7300919982372,2578.0
1791187281,0,GET,BMC: system information,1.000000,0.000000,0,0,0,0,0,0,0,0,0,0,0,30,0,580,601.0044406337935,325.445763010066,1232.8882760048145,2578.0
1791187281,0,GET,Public: /posts,0.400000,0.000000,0,0,0,0,0,0,0,0,0,0,0,21,0,350,620.6801736663606,170.55653499846812,2986.5540099999635,27520.0
1791187281,0,GET,Public: wttr.in/Novosibirsk,0.400000,0.000000,0,0,0,0,0,0,0,0,0,0,0,18,0,2000,2429.3571708872655,750.698061005096,6903.610150999157,39654.0
1791187281,0,,Aggregated,2.500000,0.000000,0,0,0,0,0,0,0,0,0,0,0,115,0,620,931.4096883132943,170.55653499846812,6903.610150999157,12935.826086956522
1791187282,0,GET,BMC: PowerState,0.700000,0.000000,0,0,0,0,0,0,0,0,0,0,0,46,0,600,702.5927872619714,336.4688909932738,1667.7300919982372,2578.0
1791187282,0,GET,BMC: system information,1.000000,0.000000,0,0,0,0,0,0,0,0,0,0,0,30,0,580,601.0044406337935,325.445763010066,1232.8882760048145,2578.0
1791187282,0,GET,Public: /posts,0.400000,0.000000,0,0,0,0,0,0,0,0,0,0,0,21,0,350,620.6801736663606,170.55653499846812,2986.5540099999635,27520.0
1791187282,0,GET,Public: wttr.in/Novosibirsk,0.400000,0.000000,0,0,0,0,0,0,0,0,0,0,0,18,0,2000,2429.3571708872655,750.698061005096,6903.610150999157,39654.0
1791187282,0,,Aggregated,2.500000,0.000000,0,0,0,0,0,0,0,0,0,0,0,115,0,620,931.4096883132943,170.55653499846812,6903.610150999157,12935.826086956522
1791187283,0,GET,BMC: PowerState,0.700000,0.000000,0,0,0,0,0,0,0,0,0,0,0,46,0,600,702.5927872619714,336.4688909932738,1667.7300919982372,2578.0
1791187283,0,GET,BMC: system information,1.000000,0.000000,0,0,0,0,0,0,0,0,0,0,0,30,0,580,601.0044406337935,325.445763010066,1232.8882760048145,2578.0
1791187283,0,GET,Public: /posts,0.400000,0.000000,0,0,0,0,0,0,0,0,0,0,0,21,0,350,620.6801736663606,170.55653499846812,2986.5540099999635,27520.0
1791187283,0,GET,Public: wttr.in/Novosibirsk,0.400000,0.000000,0,0,0,0,0,0,0,0,0,0,0,18,0,2000,2429.3571708872655,750.698061005096,6903.610150999157,39654.0
1791187283,0,,Aggregated,2.500000,0.000000,0,0,0,0,0,0,0,0,0,0,0,115,0,620,931.4096883132943,170.55653499846812,6903.610150999157,12935.826086956522
1791187284,0,GET,BMC: PowerState,0.700000,0.000000,0,0,0,0,0,0,0,0,0,0,0,46,0,600,702.5927872619714,336.4688909932738,1667.7300919982372,2578.0
1791187284,0,GET,BMC: system information,1.000000,0.000000,0,0,0,0,0,0,0,0,0,0,0,30,0,580,601.0044406337935,325.445763010066,1232.8882760048145,2578.0
1791187284,0,GET,Public: /posts,0.400000,0.000000,0,0,0,0,0,0,0,0,0,0,0,21,0,350,620.6801736663606,170.55653499846812,2986.5540099999635,27520.0
1791187284,0,GET,Public: wttr.in/Novosibirsk,0.400000,0.000000,0,0,0,0,0,0,0,0,0,0,0,18,0,2000,2429.3571708872655,750.698061005096,6903.610150999157,39654.0
1791187284,0,,Aggregated,2.500000,0.000000,0,0,0,0,0,0,0,0,0,0,0,115,0,620,931.4096883132943,170.55653499846812,6903.610150999157,12935.826086956522
1791187285,0,GET,BMC: PowerState,0.700000,0.000000,0,0,0,0,0,0,0,0,0,0,0,46,0,600,702.5927872619714,336.4688909932738,1667.7300919982372,2578.0
1791187285,0,GET,BMC: system information,1.000000,0.000000,0,0,0,0,0,0,0,0,0,0,0,30,0,580,601.0044406337935,325.445763010066,1232.8882760048145,2578.0
1791187285,0,GET,Public: /posts,0.400000,0.000000,0,0,0,0,0,0,0,0,0,0,0,21,0,350,620.6801736663606,170.55653499846812,2986.5540099999635,27520.0
1791187285,0,GET,Public: wttr.in/Novosibirsk,0.400000,0.000000,0,0,0,0,0,0,0,0,0,0,0,18,0,2000,2429.3571708872655,750.698061005096,6903.610150999157,39654.0
1791187285,0,,Aggregated,2.500000,0.000000,0,0,0,0,0,0,0,0,0,0,0,115,0,620,931.4096883132943,170.55653499846812,6903.610150999157,12935.826086956522
1791187286,0,GET,BMC: PowerState,0.700000,0.000000,0,0,0,0,0,0,0,0,0,0,0,46,0,600,702.5927872619714,336.4688909932738,1667.7300919982372,2578.0
1791187286,0,GET,BMC: system information,1.000000,0.000000,0,0,0,0,0,0,0,0,0,0,0,30,0,580,601.0044406337935,325.445763010066,1232.8882760048145,2578.0
1791187286,0,GET,Public: /posts,0.400000,0.000000,0,0,0,0,0,0,0,0,0,0,0,21,0,350,620.6801736663606,170.55653499846812,2986.5540099999635,27520.0
1791187286,0,GET,Public: wttr.in/Novosibirsk,0.400000,0.000000,0,0,0,0,0,0,0,0,0,0,0,18,0,2000,2429.3571708872655,750.698061005096,6903.610150999157,39654.0
1791187286,0,,Aggregated,2.500000,0.000000,0,0,0,0,0,0,0,0,0,0,0,115,0,620,931.4096883132943,170.55653499846812,6903.610150999157,12935.826086956522
1791187287,0,GET,BMC: PowerState,0.700000,0.000000,0,0,0,0,0,0,0,0,0,0,0,46,0,600,702.5927872619714,336.4688909932738,1667.7300919982372,2578.0
1791187287,0,GET,BMC: system information,1.000000,0.000000,0,0,0,0,0,0,0,0,0,0,0,30,0,580,601.0044406337935,325.445763010066,1232.8882760048145,2578.0
1791187287,0,GET,Public: /posts,0.400000,0.000000,0,0,0,0,0,0,0,0,0,0,0,21,0,350,620.6801736663606,170.55653499846812,2986.5540099999635,27520.0
1791187287,0,GET,Public: wttr.in/Novosibirsk,0.400000,0.000000,0,0,0,0,0,0,0,0,0,0,0,18,0,2000,2429.3571708872655,750.698061005096,6903.610150999157,39654.0
1791187287,0,,Aggregated,2.500000,0.000000,0,0,0,0,0,0,0,0,0,0,0,115,0,620,931.4096883132943,170.55653499846812,6903.610150999157,12935.826086956522
1791187288,0,GET,BMC: PowerState,0.700000,0.000000,0,0,0,0,0,0,0,0,0,0,0,46,0,600,702.5927872619714,336.4688909932738,1667.7300919982372,2578.0
1791187288,0,GET,BMC: system information,1.000000,0.000000,0,0,0,0,0,0,0,0,0,0,0,30,0,580,601.0044406337935,325.445763010066,1232.8882760048145,2578.0
1791187288,0,GET,Public: /posts,0.400000,0.000000,0,0,0,0,0,0,0,0,0,0,0,21,0,350,620.6801736663606,170.55653499846812,2986.5540099999635,27520.0
1791187288,0,GET,Public: wttr.in/Novosibirsk,0.400000,0.000000,0,0,0,0,0,0,0,0,0,0,0,18,0,2000,2429.3571708872655,750.698061005096,6903.610150999157,39654.0
1791187288,0,,Aggregated,2.500000,0.000000,0,0,0,0,0,0,0,0,0,0,0,115,0,620,931.4096883132943,170.55653499846812,6903.610150999157,12935.826086956522
1791187289,0,GET,BMC: PowerState,0.700000,0.000000,0,0,0,0,0,0,0,0,0,0,0,46,0,600,702.5927872619714,336.4688909932738,1667.7300919982372,2578.0
1791187289,0,GET,BMC: system information,1.000000,0.000000,0,0,0,0,0,0,0,0,0,0,0,30,0,580,601.0044406337935,325.445763010066,1232.8882760048145,2578.0
1791187289,0,GET,Public: /posts,0.400000,0.000000,0,0,0,0,0,0,0,0,0,0,0,21,0,350,620.6801736663606,170.55653499846812,2986.5540099999635,27520.0
1791187289,0,GET,Public: wttr.in/Novosibirsk,0.400000,0.000000,0,0,0,0,0,0,0,0,0,0,0,18,0,2000,2429.3571708872655,750.698061005096,6903.610150999157,39654.0
1791187289,0,,Aggregated,2.500000,0.000000,0,0,0,0,0,0,0,0,0,0,0,115,0,620,931.4096883132943,170.55653499846812,6903.610150999157,12935.826086956522
1791187290,0,GET,BMC: PowerState,0.700000,0.000000,0,0,0,0,0,0,0,0,0,0,0,46,0,600,702.5927872619714,336.4688909932738,1667.7300919982372,2578.0
1791187290,0,GET,BMC: system information,1.000000,0.000000,0,0,0,0,0,0,0,0,0,0,0,30,0,580,601.0044406337935,325.445763010066,1232.8882760048145,2578.0
1791187290,0,GET,Public: /posts,0.400000,0.000000,0,0,0,0,0,0,0,0,0,0,0,21,0,350,620.6801736663606,170.55653499846812,2986.5540099999635,27520.0
1791187290,0,GET,Public: wttr.in/Novosibirsk,0.400000,0.000000,0,0,0,0,0,0,0,0,0,0,0,18,0,2000,2429.3571708872655,750.698061005096,6903.610150999157,39654.0
1791187290,0,,Aggregated,2.500000,0.000000,0,0,0,0,0,0,0,0,0,0,0,115,0,620,931.4096883132943,170.55653499846812,6903.610150999157,12935.826086956522
1791187291,0,GET,BMC: PowerState,0.700000,0.000000,0,0,0,0,0,0,0,0,0,0,0,46,0,600,702.5927872619714,336.4688909932738,1667.7300919982372,2578.0
1791187291,0,GET,BMC: system information,1.000000,0.000000,0,0,0,0,0,0,0,0,0,0,0,30,0,580,601.0044406337935,325.445763010066,1232.8882760048145,2578.0
1791187291,0,GET,Public: /posts,0.400000,0.000000,0,0,0,0,0,0,0,0,0,0,0,21,0,350,620.6801736663606,170.55653499846812,2986.5540099999635,27520.0
1791187291,0,GET,Public: wttr.in/Novosibirsk,0.400000,0.000000,0,0,0,0,0,0,0,0,0,0,0,18,0,2000,2429.3571708872655,750.698061005096,6903.610150999157,39654.0
1791187291,0,,Aggregated,2.500000,0.000000,0,0,0,0,0,0,0,0,0,0,0,115,0,620,931.4096883132943,170.55653499846812,6903.610150999157,12935.826086956522
1791187292,0,GET,BMC: PowerState,0.700000,0.000000,0,0,0,0,0,0,0,0,0,0,0,46,0,600,702.5927872619714,336.4688909932738,1667.7300919982372,2578.0
1791187292,0,GET,BMC: system information,1.000000,0.000000,0,0,0,0,0,0,0,0,0,0,0,30,0,580,601.0044406337935,325.445763010066,1232.8882760048145,2578.0
1791187292,0,GET,Public: /posts,0.400000,0.000000,0,0,0,0,0,0,0,0,0,0,0,21,0,350,620.6801736663606,170.55653499846812,2986.5540099999635,27520.0
1791187292,0,GET,Public: wttr.in/Novosibirsk,0.400000,0.000000,0,0,0,0,0,0,0,0,0,0,0,18,0,2000,2429.3571708872655,750.698061005096,6903.610150999157,39654.0
1791187292,0,,Aggregated,2.500000,0.000000,0,0,0,0,0,0,0,0,0,0,0,115,0,620,931.4096883132943,170.55653499846812,6903.610150999157,12935.826086956522
1791187293,0,GET,BMC: PowerState,0.700000,0.000000,0,0,0,0,0,0,0,0,0,0,0,46,0,600,702.5927872619714,336.4688909932738,1667.7300919982372,2578.0
1791187293,0,GET,BMC: system information,1.000000,0.000000,0,0,0,0,0,0,0,0,0,0,0,30,0,580,601.0044406337935,325.445763010066,1232.8882760048145,2578.0
1791187293,0,GET,Public: /posts,0.400000,0.000000,0,0,0,0,0,0,0,0,0,0,0,21,0,350,620.6801736663606,170.55653499846812,2986.5540099999635,27520.0
1791187293,0,GET,Public: wttr.in/Novosibirsk,0.400000,0.000000,0,0,0,0,0,0,0,0,0,0,0,18,0,2000,2429.3571708872655,750.698061005096,6903.610150999157,39654.0
1791187293,0,,Aggregated,2.500000,0.000000,0,0,0,0,0,0,0,0,0,0,0,115,0,620,931.4096883132943,170.55653499846812,6903.610150999157,12935.826086956522
1791187294,0,GET,BMC: PowerState,0.700000,0.000000,0,0,0,0,0,0,0,0,0,0,0,46,0,600,702.5927872619714,336.4688909932738,1667.7300919982372,2578.0
1791187294,0,GET,BMC: system information,1.000000,0.000000,0,0,0,0,0,0,0,0,0,0,0,30,0,580,601.0044406337935,325.445763010066,1232.8882760048145,2578.0
1791187294,0,GET,Public: /posts,0.400000,0.000000,0,0,0,0,0,0,0,0,0,0,0,21,0,350,620.6801736663606,170.55653499846812,2986.5540099999635,27520.0
1791187294,0,GET,Public: wttr.in/Novosibirsk,0.400000,0.000000,0,0,0,0,0,0,0,0,0,0,0,18,0,2000,2429.3571708872655,750.698061005096,6903.610150999157,39654.0
1791187294,0,,Aggregated,2.500000,0.000000,0,0,0,0,0,0,0,0,0,0,0,115,0,620,931.4096883132943,170.55653499846812,6903.610150999157,12935.826086956522
1791187295,0,GET,BMC: PowerState,0.700000,0.000000,0,0,0,0,0,0,0,0,0,0,0,46,0,600,702.5927872619714,336.4688909932738,1667.7300919982372,2578.0
1791187295,0,GET,BMC: system information,1.000000,0.000000,0,0,0,0,0,0,0,0,0,0,0,30,0,580,601.0044406337935,325.445763010066,1232.8882760048145,2578.0
1791187295,0,GET,Public: /posts,0.400000,0.000000,0,0,0,0,0,0,0,0,0,0,0,21,0,350,620.6801736663606,170.55653499846812,2986.5540099999635,27520.0
1791187295,0,GET,Public: wttr.in/Novosibirsk,0.400000,0.000000,0,0,0,0,0,0,0,0,0,0,0,18,0,2000,2429.3571708872655,750.698061005096,6903.610150999157,39654.0
1791187295,0,,Aggregated,2.500000,0.000000,0,0,0,0,0,0,0,0,0,0,0,115,0,620,931.4096883132943,170.55653499846812,6903.610150999157,12935.826086956522
1791187296,0,GET,BMC: PowerState,0.700000,0.000000,0,0,0,0,0,0,0,0,0,0,0,46,0,600,702.5927872619714,336.4688909932738,1667.7300919982372,2578.0
1791187296,0,GET,BMC: system information,1.000000,0.000000,0,0,0,0,0,0,0,0,0,0,0,30,0,580,601.0044406337935,325.445763010066,1232.8882760048145,2578.0
1791187296,0,GET,Public: /posts,0.400000,0.000000,0,0,0,0,0,0,0,0,0,0,0,21,0,350,620.6801736663606,170.55653499846812,2986.5540099999635,27520.0
1791187296,0,GET,Public: wttr.in/Novosibirsk,0.400000,0.000000,0,0,0,0,0,0,0,0,0,0,0,18,0,2000,2429.3571708872655,750.698061005096,6903.610150999157,39654.0
1791187296,0,,Aggregated,2.500000,0.000000,0,0,0,0,0,0,0,0,0,0,0,115,0,620,931.4096883132943,170.55653499846812,6903.610150999157,12935.826086956522
1791187297,0,GET,BMC: PowerState,0.700000,0.000000,0,0,0,0,0,0,0,0,0,0,0,46,0,600,702.5927872619714,336.4688909932738,1667.7300919982372,2578.0
1791187297,0,GET,BMC: system information,1.000000,0.000000,0,0,0,0,0,0,0,0,0,0,0,30,0,580,601.0044406337935,325.445763010066,1232.8882760048145,2578.0
1791187297,0,GET,Public: /posts,0.400000,0.000000,0,0,0,0,0,0,0,0,0,0,0,21,0,350,620.6801736663606,170.55653499846812,2986.5540099999635,27520.0
1791187297,0,GET,Public: wttr.in/Novosibirsk,0.400000,0.000000,0,0,0,0,0,0,0,0,0,0,0,18,0,2000,2429.3571708872655,750.698061005096,6903.610150999157,39654.0
1791187297,0,,Aggregated,2.500000,0.000000,0,0,0,0,0,0,0,0,0,0,0,115,0,620,931.4096883132943,170.55653499846812,6903.610150999157,12935.826086956522
1791187298,0,GET,BMC: PowerState,0.700000,0.000000,0,0,0,0,0,0,0,0,0,0,0,46,0,600,702.5927872619714,336.4688909932738,1667.7300919982372,2578.0
1791187298,0,GET,BMC: system information,1.000000,0.000000,0,0,0,0,0,0,0,0,0,0,0,30,0,580,601.0044406337935,325.445763010066,1232.8882760048145,2578.0
1791187298,0,GET,Public: /posts,0.400000,0.000000,0,0,0,0,0,0,0,0,0,0,0,21,0,350,620.6801736663606,170.55653499846812,2986.5540099999635,27520.0
1791187298,0,GET,Public: wttr.in/Novosibirsk,0.400000,0.000000,0,0,0,0,0,0,0,0,0,0,0,18,0,2000,2429.3571708872655,750.698061005096,6903.610150999157,39654.0
1791187298,0,,Aggregated,2.500000,0.000000,0,0,0,0,0,0,0,0,0,0,0,115,0,620,931.4096883132943,170.55653499846812,6903.610150999157,12935.826086956522
1791187299,0,GET,BMC: PowerState,0.700000,0.000000,0,0,0,0,0,0,0,0,0,0,0,46,0,600,702.5927872619714,336.4688909932738,1667.7300919982372,2578.0
1791187299,0,GET,BMC: system information,1.000000,0.000000,0,0,0,0,0,0,0,0,0,0,0,30,0,580,601.0044406337935,325.445763010066,1232.8882760048145,2578.0
1791187299,0,GET,Public: /posts,0.400000,0.000000,0,0,0,0,0,0,0,0,0,0,0,21,0,350,620.6801736663606,170.55653499846812,2986.5540099999635,27520.0
1791187299,0,GET,Public: wttr.in/Novosibirsk,0.400000,0.000000,0,0,0,0,0,0,0,0,0,0,0,18,0,2000,2429.3571708872655,750.698061005096,6903.610150999157,39654.0
1791187299,0,,Aggregated,2.500000,0.000000,0,0,0,0,0,0,0,0,0,0,0,115,0,620,931.4096883132943,170.55653499846812,6903.610150999157,12935.826086956522
1791187300,0,GET,BMC: PowerState,0.700000,0.000000,0,0,0,0,0,0,0,0,0,0,0,46,0,600,702.5927872619714,336.4688909932738,1667.7300919982372,2578.0
1791187300,0,GET,BMC: system information,1.000000,0.000000,0,0,0,0,0,0,0,0,0,0,0,30,0,580,601.0044406337935,325.445763010066,1232.8882760048145,2578.0
1791187300,0,GET,Public: /posts,0.400000,0.000000,0,0,0,0,0,0,0,0,0,0,0,21,0,350,620.6801736663606,170.55653499846812,2986.5540099999635,27520.0
1791187300,0,GET,Public: wttr.in/Novosibirsk,0.400000,0.000000,0,0,0,0,0,0,0,0,0,0,0,18,0,2000,2429.3571708872655,750.698061005096,6903.610150999157,39654.0
1791187300,0,,Aggregated,2.500000,0.000000,0,0,0,0,0,0,0,0,0,0,0,115,0,620,931.4096883132943,170.55653499846812,6903.610150999157,12935.826086956522
1791187301,0,GET,BMC: PowerState,0.700000,0.000000,0,0,0,0,0,0,0,0,0,0,0,46,0,600,702.5927872619714,336.4688909932738,1667.7300919982372,2578.0
1791187301,0,GET,BMC: system information,1.000000,0.000000,0,0,0,0,0,0,0,0,0,0,0,30,0,580,601.0044406337935,325.445763010066,1232.8882760048145,2578.0
1791187301,0,GET,Public: /posts,0.400000,0.000000,0,0,0,0,0,0,0,0,0,0,0,21,0,350,620.6801736663606,170.55653499846812,2986.5540099999635,27520.0
1791187301,0,GET,Public: wttr.in/Novosibirsk,0.400000,0.000000,0,0,0,0,0,0,0,0,0,0,0,18,0,2000,2429.3571708872655,750.698061005096,6903.610150999157,39654.0
1791187301,0,,Aggregated,2.500000,0.000000,0,0,0,0,0,0,0,0,0,0,0,115,0,620,931.4096883132943,170.55653499846812,6903.610150999157,12935.826086956522
1791187302,0,GET,BMC: PowerState,0.700000,0.000000,0,0,0,0,0,0,0,0,0,0,0,46,0,600,702.5927872619714,336.4688909932738,1667.7300919982372,2578.0
1791187302,0,GET,BMC: system information,1.000000,0.000000,0,0,0,0,0,0,0,0,0,0,0,30,0,580,601.0044406337935,325.445763010066,1232.8882760048145,2578.0
1791187302,0,GET,Public: /posts,0.400000,0.000000,0,0,0,0,0,0,0,0,0,0,0,21,0,350,620.6801736663606,170.55653499846812,2986.5540099999635,27520.0
1791187302,0,GET,Public: wttr.in/Novosibirsk,0.400000,0.000000,0,0,0,0,0,0,0,0,0,0,0,18,0,2000,2429.3571708872655,750.698061005096,6903.610150999157,39654.0
1791187302,0,,Aggregated,2.500000,0.000000,0,0,0,0,0,0,0,0,0,0,0,115,0,620,931.4096883132943,170.55653499846812,6903.610150999157,12935.826086956522
1791187303,0,GET,BMC: PowerState,0.700000,0.000000,0,0,0,0,0,0,0,0,0,0,0,46,0,600,702.5927872619714,336.4688909932738,1667.7300919982372,2578.0
1791187303,0,GET,BMC: system information,1.000000,0.000000,0,0,0,0,0,0,0,0,0,0,0,30,0,580,601.0044406337935,325.445763010066,1232.8882760048145,2578.0
1791187303,0,GET,Public: /posts,0.400000,0.000000,0,0,0,0,0,0,0,0,0,0,0,21,0,350,620.6801736663606,170.55653499846812,2986.5540099999635,27520.0
1791187303,0,GET,Public: wttr.in/Novosibirsk,0.400000,0.000000,0,0,0,0,0,0,0,0,0,0,0,18,0,2000,2429.3571708872655,750.698061005096,6903.610150999157,39654.0
1791187303,0,,Aggregated,2.500000,0.000000,0,0,0,0,0,0,0,0,0,0,0,115,0,620,931.4096883132943,170.55653499846812,6903.610150999157,12935.826086956522
1791187304,0,GET,BMC: PowerState,0.700000,0.000000,0,0,0,0,0,0,0,0,0,0,0,46,0,600,702.5927872619714,336.4688909932738,1667.7300919982372,2578.0
1791187304,0,GET,BMC: system information,1.000000,0.000000,0,0,0,0,0,0,0,0,0,0,0,30,0,580,601.0044406337935,325.445763010066,1232.8882760048145,2578.0
1791187304,0,GET,Public: /posts,0.400000,0.000000,0,0,0,0,0,0,0,0,0,0,0,21,0,350,620.6801736663606,170.55653499846812,2986.5540099999635,27520.0
1791187304,0,GET,Public: wttr.in/Novosibirsk,0.400000,0.000000,0,0,0,0,0,0,0,0,0,0,0,18,0,2000,2429.3571708872655,750.698061005096,6903.610150999157,39654.0
1791187304,0,,Aggregated,2.500000,0.000000,0,0,0,0,0,0,0,0,0,0,0,115,0,620,931.4096883132943,170.55653499846812,6903.610150999157,12935.826086956522
1791187305,0,GET,BMC: PowerState,0.700000,0.000000,0,0,0,0,0,0,0,0,0,0,0,46,0,600,702.5927872619714,336.4688909932738,1667.7300919982372,2578.0
1791187305,0,GET,BMC: system information,1.000000,0.000000,0,0,0,0,0,0,0,0,0,0,0,30,0,580,601.0044406337935,325.445763010066,1232.8882760048145,2578.0
1791187305,0,GET,Public: /posts,0.400000,0.000000,0,0,0,0,0,0,0,0,0,0,0,21,0,350,620.6801736663606,170.55653499846812,2986.5540099999635,27520.0
1791187305,0,GET,Public: wttr.in/Novosibirsk,0.400000,0.000000,0,0,0,0,0,0,0,0,0,0,0,18,0,2000,2429.3571708872655,750.698061005096,6903.610150999157,39654.0
1791187305,0,,Aggregated,2.500000,0.000000,0,0,0,0,0,0,0,0,0,0,0,115,0,620,931.4096883132943,170.55653499846812,6903.610150999157,12935.826086956522
1791187306,0,GET,BMC: PowerState,0.700000,0.000000,0,0,0,0,0,0,0,0,0,0,0,46,0,600,702.5927872619714,336.4688909932738,1667.7300919982372,2578.0
1791187306,0,GET,BMC: system information,1.000000,0.000000,0,0,0,0,0,0,0,0,0,0,0,30,0,580,601.0044406337935,325.445763010066,1232.8882760048145,2578.0
1791187306,0,GET,Public: /posts,0.400000,0.000000,0,0,0,0,0,0,0,0,0,0,0,21,0,350,620.6801736663606,170.55653499846812,2986.5540099999635,27520.0
1791187306,0,GET,Public: wttr.in/Novosibirsk,0.400000,0.000000,0,0,0,0,0,0,0,0,0,0,0,18,0,2000,2429.3571708872655,750.698061005096,6903.610150999157,39654.0
1791187306,0,,Aggregated,2.500000,0.000000,0,0,0,0,0,0,0,0,0,0,0,115,0,620,931.4096883132943,170.55653499846812,6903.610150999157,12935.826086956522
1791187307,0,GET,BMC: PowerState,0.700000,0.000000,0,0,0,0,0,0,0,0,0,0,0,46,0,600,702.5927872619714,336.4688909932738,1667.7300919982372,2578.0
1791187307,0,GET,BMC: system information,1.000000,0.000000,0,0,0,0,0,0,0,0,0,0,0,30,0,580,601.0044406337935,325.445763010066,1232.8882760048145,2578.0
1791187307,0,GET,Public: /posts,0.400000,0.000000,0,0,0,0,0,0,0,0,0,0,0,21,0,350,620.6801736663606,170.55653499846812,2986.5540099999635,27520.0
1791187307,0,GET,Public: wttr.in/Novosibirsk,0.400000,0.000000,0,0,0,0,0,0,0,0,0,0,0,18,0,2000,2429.3571708872655,750.698061005096,6903.610150999157,39654.0
1791187307,0,,Aggregated,2.500000,0.000000,0,0,0,0,0,0,0,0,0,0,0,115,0,620,931.4096883132943,170.55653499846812,6903.610150999157,12935.826086956522
1791187308,0,GET,BMC: PowerState,0.700000,0.000000,0,0,0,0,0,0,0,0,0,0,0,46,0,600,702.5927872619714,336.4688909932738,1667.7300919982372,2578.0
1791187308,0,GET,BMC: system information,1.000000,0.000000,0,0,0,0,0,0,0,0,0,0,0,30,0,580,601.0044406337935,325.445763010066,1232.8882760048145,2578.0
1791187308,0,GET,Public: /posts,0.400000,0.000000,0,0,0,0,0,0,0,0,0,0,0,21,0,350,620.6801736663606,170.55653499846812,2986.5540099999635,27520.0
1791187308,0,GET,Public: wttr.in/Novosibirsk,0.400000,0.000000,0,0,0,0,0,0,0,0,0,0,0,18,0,2000,2429.3571708872655,750.698061005096,6903.610150999157,39654.0
1791187308,0,,Aggregated,2.500000,0.000000,0,0,0,0,0,0,0,0,0,0,0,115,0,620,931.4096883132943,170.55653499846812,6903.610150999157,12935.826086956522
1791187309,0,GET,BMC: PowerState,0.700000,0.000000,0,0,0,0,0,0,0,0,0,0,0,46,0,600,702.5927872619714,336.4688909932738,1667.7300919982372,2578.0
1791187309,0,GET,BMC: system information,1.000000,0.000000,0,0,0,0,0,0,0,0,0,0,0,30,0,580,601.0044406337935,325.445763010066,1232.8882760048145,2578.0
1791187309,0,GET,Public: /posts,0.400000,0.000000,0,0,0,0,0,0,0,0,0,0,0,21,0,350,620.6801736663606,170.55653499846812,2986.5540099999635,27520.0
1791187309,0,GET,Public: wttr.in/Novosibirsk,0.400000,0.000000,0,0,0,0,0,0,0,0,0,0,0,18,0,2000,2429.3571708872655,750.698061005096,6903.610150999157,39654.0
1791187309,0,,Aggregated,2.500000,0.000000,0,0,0,0,0,0,0,0,0,0,0,115,0,620,931.4096883132943,170.55653499846812,6903.610150999157,12935.826086956522
1791187310,0,GET,BMC: PowerState,0.700000,0.000000,0,0,0,0,0,0,0,0,0,0,0,46,0,600,702.5927872619714,336.4688909932738,1667.7300919982372,2578.0
1791187310,0,GET,BMC: system information,1.000000,0.000000,0,0,0,0,0,0,0,0,0,0,0,30,0,580,601.0044406337935,325.445763010066,1232.8882760048145,2578.0
1791187310,0,GET,Public: /posts,0.400000,0.000000,0,0,0,0,0,0,0,0,0,0,0,21,0,350,620.6801736663606,170.55653499846812,2986.5540099999635,27520.0
1791187310,0,GET,Public: wttr.in/Novosibirsk,0.400000,0.000000,0,0,0,0,0,0,0,0,0,0,0,18,0,2000,2429.3571708872655,750.698061005096,6903.610150999157,39654.0
1791187310,0,,Aggregated,2.500000,0.000000,0,0,0,0,0,0,0,0,0,0,0,115,0,620,931.4096883132943,170.55653499846812,6903.610150999157,12935.826086956522
1791187311,0,GET,BMC: PowerState,0.700000,0.000000,0,0,0,0,0,0,0,0,0,0,0,46,0,600,702.5927872619714,336.4688909932738,1667.7300919982372,2578.0
1791187311,0,GET,BMC: system information,1.000000,0.000000,0,0,0,0,0,0,0,0,0,0,0,30,0,580,601.0044406337935,325.445763010066,1232.8882760048145,2578.0
1791187311,0,GET,Public: /posts,0.400000,0.000000,0,0,0,0,0,0,0,0,0,0,0,21,0,350,620.6801736663606,170.55653499846812,2986.5540099999635,27520.0
1791187311,0,GET,Public: wttr.in/Novosibirsk,0.400000,0.000000,0,0,0,0,0,0,0,0,0,0,0,18,0,2000,2429.3571708872655,750.698061005096,6903.610150999157,39654.0
1791187311,0,,Aggregated,2.500000,0.000000,0,0,0,0,0,0,0,0,0,0,0,115,0,620,931.4096883132943,170.55653499846812,6903.610150999157,12935.826086956522
1791187312,0,GET,BMC: PowerState,0.700000,0.000000,0,0,0,0,0,0,0,0,0,0,0,46,0,600,702.5927872619714,336.4688909932738,1667.7300919982372,2578.0
1791187312,0,GET,BMC: system information,1.000000,0.000000,0,0,0,0,0,0,0,0,0,0,0,30,0,580,601.0044406337935,325.445763010066,1232.8882760048145,2578.0
1791187312,0,GET,Public: /posts,0.400000,0.000000,0,0,0,0,0,0,0,0,0,0,0,21,0,350,620.6801736663606,170.55653499846812,2986.5540099999635,27520.0
1791187312,0,GET,Public: wttr.in/Novosibirsk,0.400000,0.000000,0,0,0,0,0,0,0,0,0,0,0,18,0,2000,2429.3571708872655,750.698061005096,6903.610150999157,39654.0
1791187312,0,,Aggregated,2.500000,0.000000,0,0,0,0,0,0,0,0,0,0,0,115,0,620,931.4096883132943,170.55653499846812,6903.610150999157,12935.826086956522
1791187313,0,GET,BMC: PowerState,0.700000,0.000000,0,0,0,0,0,0,0,0,0,0,0,46,0,600,702.5927872619714,336.4688909932738,1667.7300919982372,2578.0
1791187313,0,GET,BMC: system information,1.000000,0.000000,0,0,0,0,0,0,0,0,0,0,0,30,0,580,601.0044406337935,325.445763010066,1232.8882760048145,2578.0
1791187313,0,GET,Public: /posts,0.400000,0.000000,0,0,0,0,0,0,0,0,0,0,0,21,0,350,620.6801736663606,170.55653499846812,2986.5540099999635,27520.0
1791187313,0,GET,Public: wttr.in/Novosibirsk,0.400000,0.000000,0,0,0,0,0,0,0,0,0,0,0,18,0,2000,2429.3571708872655,750.698061005096,6903.610150999157,39654.0
1791187313,0,,Aggregated,2.500000,0.000000,0,0,0,0,0,0,0,0,0,0,0,115,0,620,931.4096883132943,170.55653499846812,6903.610150999157,12935.826086956522
1791187314,0,GET,BMC: PowerState,0.700000,0.000000,0,0,0,0,0,0,0,0,0,0,0,46,0,600,702.5927872619714,336.4688909932738,1667.7300919982372,2578.0
1791187314,0,GET,BMC: system information,1.000000,0.000000,0,0,0,0,0,0,0,0,0,0,0,30,0,580,601.0044406337935,325.445763010066,1232.8882760048145,2578.0
1791187314,0,GET,Public: /posts,0.400000,0.000000,0,0,0,0,0,0,0,0,0,0,0,21,0,350,620.6801736663606,170.55653499846812,2986.5540099999635,27520.0
1791187314,0,GET,Public: wttr.in/Novosibirsk,0.400000,0.000000,0,0,0,0,0,0,0,0,0,0,0,18,0,2000,2429.3571708872655,750.698061005096,6903.610150999157,39654.0
1791187314,0,,Aggregated,2.500000,0.000000,0,0,0,0,0,0,0,0,0,0,0,115,0,620,931.4096883132943,170.55653499846812,6903.610150999157,12935.826086956522
1791187315,0,GET,BMC: PowerState,0.700000,0.000000,0,0,0,0,0,0,0,0,0,0,0,46,0,600,702.5927872619714,336.4688909932738,1667.7300919982372,2578.0
1791187315,0,GET,BMC: system information,1.000000,0.000000,0,0,0,0,0,0,0,0,0,0,0,30,0,580,601.0044406337935,325.445763010066,1232.8882760048145,2578.0
1791187315,0,GET,Public: /posts,0.400000,0.000000,0,0,0,0,0,0,0,0,0,0,0,21,0,350,620.6801736663606,170.55653499846812,2986.5540099999635,27520.0
1791187315,0,GET,Public: wttr.in/Novosibirsk,0.400000,0.000000,0,0,0,0,0,0,0,0,0,0,0,18,0,2000,2429.3571708872655,750.698061005096,6903.610150999157,39654.0
1791187315,0,,Aggregated,2.500000,0.000000,0,0,0,0,0,0,0,0,0,0,0,115,0,620,931.4096883132943,170.55653499846812,6903.610150999157,12935.826086956522
1791187316,0,GET,BMC: PowerState,0.700000,0.000000,0,0,0,0,0,0,0,0,0,0,0,46,0,600,702.5927872619714,336.4688909932738,1667.7300919982372,2578.0
1791187316,0,GET,BMC: system information,1.000000,0.000000,0,0,0,0,0,0,0,0,0,0,0,30,0,580,601.0044406337935,325.445763010066,1232.8882760048145,2578.0
1791187316,0,GET,Public: /posts,0.400000,0.000000,0,0,0,0,0,0,0,0,0,0,0,21,0,350,620.6801736663606,170.55653499846812,2986.5540099999635,27520.0
1791187316,0,GET,Public: wttr.in/Novosibirsk,0.400000,0.000000,0,0,0,0,0,0,0,0,0,0,0,18,0,2000,2429.3571708872655,750.698061005096,6903.610150999157,39654.0
1791187316,0,,Aggregated,2.500000,0.000000,0,0,0,0,0,0,0,0,0,0,0,115,0,620,931.4096883132943,170.55653499846812,6903.610150999157,12935.826086956522
1791187317,0,GET,BMC: PowerState,0.700000,0.000000,0,0,0,0,0,0,0,0,0,0,0,46,0,600,702.5927872619714,336.4688909932738,1667.7300919982372,2578.0
1791187317,0,GET,BMC: system information,1.000000,0.000000,0,0,0,0,0,0,0,0,0,0,0,30,0,580,601.0044406337935,325.445763010066,1232.8882760048145,2578.0
1791187317,0,GET,Public: /posts,0.400000,0.000000,0,0,0,0,0,0,0,0,0,0,0,21,0,350,620.6801736663606,170.55653499846812,2986.5540099999635,27520.0
1791187317,0,GET,Public: wttr.in/Novosibirsk,0.400000,0.000000,0,0,0,0,0,0,0,0,0,0,0,18,0,2000,2429.3571708872655,750.698061005096,6903.610150999157,39654.0
1791187317,0,,Aggregated,2.500000,0.000000,0,0,0,0,0,0,0,0,0,0,0,115,0,620,931.4096883132943,170.55653499846812,6903.610150999157,12935.826086956522
1791187318,0,GET,BMC: PowerState,0.700000,0.000000,0,0,0,0,0,0,0,0,0,0,0,46,0,600,702.5927872619714,336.4688909932738,1667.7300919982372,2578.0
1791187318,0,GET,BMC: system information,1.000000,0.000000,0,0,0,0,0,0,0,0,0,0,0,30,0,580,601.0044406337935,325.445763010066,1232.8882760048145,2578.0
1791187318,0,GET,Public: /posts,0.400000,0.000000,0,0,0,0,0,0,0,0,0,0,0,21,0,350,620.6801736663606,170.55653499846812,2986.5540099999635,27520.0
1791187318,0,GET,Public: wttr.in/Novosibirsk,0.400000,0.000000,0,0,0,0,0,0,0,0,0,0,0,18,0,2000,2429.3571708872655,750.698061005096,6903.610150999157,39654.0
1791187318,0,,Aggregated,2.500000,0.000000,0,0,0,0,0,0,0,0,0,0,0,115,0,620,931.4096883132943,170.55653499846812,6903.610150999157,12935.826086956522
1791187319,0,GET,BMC: PowerState,0.700000,0.000000,0,0,0,0,0,0,0,0,0,0,0,46,0,600,702.5927872619714,336.4688909932738,1667.7300919982372,2578.0
1791187319,0,GET,BMC: system information,1.000000,0.000000,0,0,0,0,0,0,0,0,0,0,0,30,0,580,601.0044406337935,325.445763010066,1232.8882760048145,2578.0
1791187319,0,GET,Public: /posts,0.400000,0.000000,0,0,0,0,0,0,0,0,0,0,0,21,0,350,620.6801736663606,170.55653499846812,2986.5540099999635,27520.0
1791187319,0,GET,Public: wttr.in/Novosibirsk,0.400000,0.000000,0,0,0,0,0,0,0,0,0,0,0,18,0,2000,2429.3571708872655,750.698061005096,6903.610150999157,39654.0
1791187319,0,,Aggregated,2.500000,0.000000,0,0,0,0,0,0,0,0,0,0,0,115,0,620,931.4096883132943,170.55653499846812,6903.610150999157,12935.826086956522
1791187320,0,GET,BMC: PowerState,0.700000,0.000000,0,0,0,0,0,0,0,0,0,0,0,46,0,600,702.5927872619714,336.4688909932738,1667.7300919982372,2578.0
1791187320,0,GET,BMC: system information,1.000000,0.000000,0,0,0,0,0,0,0,0,0,0,0,30,0,580,601.0044406337935,325.445763010066,1232.8882760048145,2578.0
1791187320,0,GET,Public: /posts,0.400000,0.000000,0,0,0,0,0,0,0,0,0,0,0,21,0,350,620.6801736663606,170.55653499846812,2986.5540099999635,27520.0
1791187320,0,GET,Public: wttr.in/Novosibirsk,0.400000,0.000000,0,0,0,0,0,0,0,0,0,0,0,18,0,2000,2429.3571708872655,750.698061005096,6903.610150999157,39654.0
1791187320,0,,Aggregated,2.500000,0.000000,0,0,0,0,0,0,0,0,0,0,0,115,0,620,931.4096883132943,170.55653499846812,6903.610150999157,12935.826086956522
1791187321,0,GET,BMC: PowerState,0.700000,0.000000,0,0,0,0,0,0,0,0,0,0,0,46,0,600,702.5927872619714,336.4688909932738,1667.7300919982372,2578.0
1791187321,0,GET,BMC: system information,1.000000,0.000000,0,0,0,0,0,0,0,0,0,0,0,30,0,580,601.0044406337935,325.445763010066,1232.8882760048145,2578.0
1791187321,0,GET,Public: /posts,0.400000,0.000000,0,0,0,0,0,0,0,0,0,0,0,21,0,350,620.6801736663606,170.55653499846812,2986.5540099999635,27520.0
1791187321,0,GET,Public: wttr.in/Novosibirsk,0.400000,0.000000,0,0,0,0,0,0,0,0,0,0,0,18,0,2000,2429.3571708872655,750.698061005096,6903.610150999157,39654.0
1791187321,0,,Aggregated,2.500000,0.000000,0,0,0,0,0,0,0,0,0,0,0,115,0,620,931.4096883132943,170.55653499846812,6903.610150999157,12935.826086956522
1791187322,0,GET,BMC: PowerState,0.700000,0.000000,0,0,0,0,0,0,0,0,0,0,0,46,0,600,702.5927872619714,336.4688909932738,1667.7300919982372,2578.0
1791187322,0,GET,BMC: system information,1.000000,0.000000,0,0,0,0,0,0,0,0,0,0,0,30,0,580,601.0044406337935,325.445763010066,1232.8882760048145,2578.0
1791187322,0,GET,Public: /posts,0.400000,0.000000,0,0,0,0,0,0,0,0,0,0,0,21,0,350,620.6801736663606,170.55653499846812,2986.5540099999635,27520.0
1791187322,0,GET,Public: wttr.in/Novosibirsk,0.400000,0.000000,0,0,0,0,0,0,0,0,0,0,0,18,0,2000,2429.3571708872655,750.698061005096,6903.610150999157,39654.0
1791187322,0,,Aggregated,2.500000,0.000000,0,0,0,0,0,0,0,0,0,0,0,115,0,620,931.4096883132943,170.55653499846812,6903.610150999157,12935.826086956522
1791187323,0,GET,BMC: PowerState,0.700000,0.000000,0,0,0,0,0,0,0,0,0,0,0,46,0,600,702.5927872619714,336.4688909932738,1667.7300919982372,2578.0
1791187323,0,GET,BMC: system information,1.000000,0.000000,0,0,0,0,0,0,0,0,0,0,0,30,0,580,601.0044406337935,325.445763010066,1232.8882760048145,2578.0
1791187323,0,GET,Public: /posts,0.400000,0.000000,0,0,0,0,0,0,0,0,0,0,0,21,0,350,620.6801736663606,170.55653499846812,2986.5540099999635,27520.0
1791187323,0,GET,Public: wttr.in/Novosibirsk,0.400000,0.000000,0,0,0,0,0,0,0,0,0,0,0,18,0,2000,2429.3571708872655,750.698061005096,6903.610150999157,39654.0
1791187323,0,,Aggregated,2.500000,0.000000,0,0,0,0,0,0,0,0,0,0,0,115,0,620,931.4096883132943,170.55653499846812,6903.610150999157,12935.826086956522
1791187324,0,GET,BMC: PowerState,0.700000,0.000000,0,0,0,0,0,0,0,0,0,0,0,46,0,600,702.5927872619714,336.4688909932738,1667.7300919982372,2578.0
1791187324,0,GET,BMC: system information,1.000000,0.000000,0,0,0,0,0,0,0,0,0,0,0,30,0,580,601.0044406337935,325.445763010066,1232.8882760048145,2578.0
1791187324,0,GET,Public: /posts,0.400000,0.000000,0,0,0,0,0,0,0,0,0,0,0,21,0,350,620.6801736663606,170.55653499846812,2986.5540099999635,27520.0
1791187324,0,GET,Public: wttr.in/Novosibirsk,0.400000,0.000000,0,0,0,0,0,0,0,0,0,0,0,18,0,2000,2429.3571708872655,750.698061005096,6903.610150999157,39654.0
1791187324,0,,Aggregated,2.500000,0.000000,0,0,0,0,0,0,0,0,0,0,0,115,0,620,931.4096883132943,170.55653499846812,6903.610150999157,12935.826086956522
1791187325,0,GET,BMC: PowerState,0.700000,0.000000,0,0,0,0,0,0,0,0,0,0,0,46,0,600,702.5927872619714,336.4688909932738,1667.7300919982372,2578.0
1791187325,0,GET,BMC: system information,1.000000,0.000000,0,0,0,0,0,0,0,0,0,0,0,30,0,580,601.0044406337935,325.445763010066,1232.8882760048145,2578.0
1791187325,0,GET,Public: /posts,0.400000,0.000000,0,0,0,0,0,0,0,0,0,0,0,21,0,350,620.6801736663606,170.55653499846812,2986.5540099999635,27520.0
1791187325,0,GET,Public: wttr.in/Novosibirsk,0.400000,0.000000,0,0,0,0,0,0,0,0,0,0,0,18,0,2000,2429.3571708872655,750.698061005096,6903.610150999157,39654.0
1791187325,0,,Aggregated,2.500000,0.000000,0,0,0,0,0,0,0,0,0,0,0,115,0,620,931.4096883132943,170.55653499846812,6903.610150999157,12935.826086956522
1791187326,0,GET,BMC: PowerState,0.700000,0.000000,0,0,0,0,0,0,0,0,0,0,0,46,0,600,702.5927872619714,336.4688909932738,1667.7300919982372,2578.0
1791187326,0,GET,BMC: system information,1.000000,0.000000,0,0,0,0,0,0,0,0,0,0,0,30,0,580,601.0044406337935,325.445763010066,1232.8882760048145,2578.0
1791187326,0,GET,Public: /posts,0.400000,0.000000,0,0,0,0,0,0,0,0,0,0,0,21,0,350,620.6801736663606,170.55653499846812,2986.5540099999635,27520.0
1791187326,0,GET,Public: wttr.in/Novosibirsk,0.400000,0.000000,0,0,0,0,0,0,0,0,0,0,0,18,0,2000,2429.3571708872655,750.698061005096,6903.610150999157,39654.0
1791187326,0,,Aggregated,2.500000,0.000000,0,0,0,0,0,0,0,0,0,0,0,115,0,620,931.4096883132943,170.55653499846812,6903.610150999157,12935.826086956522
1791187327,0,GET,BMC: PowerState,0.700000,0.000000,0,0,0,0,0,0,0,0,0,0,0,46,0,600,702.5927872619714,336.4688909932738,1667.7300919982372,2578.0
1791187327,0,GET,BMC: system information,1.000000,0.000000,0,0,0,0,0,0,0,0,0,0,0,30,0,580,601.0044406337935,325.445763010066,1232.8882760048145,2578.0
1791187327,0,GET,Public: /posts,0.400000,0.000000,0,0,0,0,0,0,0,0,0,0,0,21,0,350,620.6801736663606,170.55653499846812,2986.5540099999635,27520.0
1791187327,0,GET,Public: wttr.in/Novosibirsk,0.400000,0.000000,0,0,0,0,0,0,0,0,0,0,0,18,0,2000,2429.3571708872655,750.698061005096,6903.610150999157,39654.0
1791187327,0,,Aggregated,2.500000,0.000000,0,0,0,0,0,0,0,0,0,0,0,115,0,620,931.4096883132943,170.55653499846812,6903.610150999157,12935.826086956522
1791187328,0,GET,BMC: PowerState,0.700000,0.000000,0,0,0,0,0,0,0,0,0,0,0,46,0,600,702.5927872619714,336.4688909932738,1667.7300919982372,2578.0
1791187328,0,GET,BMC: system information,1.000000,0.000000,0,0,0,0,0,0,0,0,0,0,0,30,0,580,601.0044406337935,325.445763010066,1232.8882760048145,2578.0
1791187328,0,GET,Public: /posts,0.400000,0.000000,0,0,0,0,0,0,0,0,0,0,0,21,0,350,620.6801736663606,170.55653499846812,2986.5540099999635,27520.0
1791187328,0,GET,Public: wttr.in/Novosibirsk,0.400000,0.000000,0,0,0,0,0,0,0,0,0,0,0,18,0,2000,2429.3571708872655,750.698061005096,6903.610150999157,39654.0
1791187328,0,,Aggregated,2.500000,0.000000,0,0,0,0,0,0,0,0,0,0,0,115,0,620,931.4096883132943,170.55653499846812,6903.610150999157,12935.826086956522
1791187329,0,GET,BMC: PowerState,0.700000,0.000000,0,0,0,0,0,0,0,0,0,0,0,46,0,600,702.5927872619714,336.4688909932738,1667.7300919982372,2578.0
1791187329,0,GET,BMC: system information,1.000000,0.000000,0,0,0,0,0,0,0,0,0,0,0,30,0,580,601.0044406337935,325.445763010066,1232.8882760048145,2578.0
1791187329,0,GET,Public: /posts,0.400000,0.000000,0,0,0,0,0,0,0,0,0,0,0,21,0,350,620.6801736663606,170.55653499846812,2986.5540099999635,27520.0
1791187329,0,GET,Public: wttr.in/Novosibirsk,0.400000,0.000000,0,0,0,0,0,0,0,0,0,0,0,18,0,2000,2429.3571708872655,750.698061005096,6903.610150999157,39654.0
1791187329,0,,Aggregated,2.500000,0.000000,0,0,0,0,0,0,0,0,0,0,0,115,0,620,931.4096883132943,170.55653499846812,6903.610150999157,12935.826086956522
1791187330,0,GET,BMC: PowerState,0.700000,0.000000,0,0,0,0,0,0,0,0,0,0,0,46,0,600,702.5927872619714,336.4688909932738,1667.7300919982372,2578.0
1791187330,0,GET,BMC: system information,1.000000,0.000000,0,0,0,0,0,0,0,0,0,0,0,30,0,580,601.0044406337935,325.445763010066,1232.8882760048145,2578.0
1791187330,0,GET,Public: /posts,0.400000,0.000000,0,0,0,0,0,0,0,0,0,0,0,21,0,350,620.6801736663606,170.55653499846812,2986.5540099999635,27520.0
1791187330,0,GET,Public: wttr.in/Novosibirsk,0.400000,0.000000,0,0,0,0,0,0,0,0,0,0,0,18,0,2000,2429.3571708872655,750.698061005096,6903.610150999157,39654.0
1791187330,0,,Aggregated,2.500000,0.000000,0,0,0,0,0,0,0,0,0,0,0,115,0,620,931.4096883132943,170.55653499846812,6903.610150999157,12935.826086956522
1791187331,0,GET,BMC: PowerState,0.700000,0.000000,0,0,0,0,0,0,0,0,0,0,0,46,0,600,702.5927872619714,336.4688909932738,1667.7300919982372,2578.0
1791187331,0,GET,BMC: system information,1.000000,0.000000,0,0,0,0,0,0,0,0,0,0,0,30,0,580,601.0044406337935,325.445763010066,1232.8882760048145,2578.0
1791187331,0,GET,Public: /posts,0.400000,0.000000,0,0,0,0,0,0,0,0,0,0,0,21,0,350,620.6801736663606,170.55653499846812,2986.5540099999635,27520.0
1791187331,0,GET,Public: wttr.in/Novosibirsk,0.400000,0.000000,0,0,0,0,0,0,0,0,0,0,0,18,0,2000,2429.3571708872655,750.698061005096,6903.610150999157,39654.0
1791187331,0,,Aggregated,2.500000,0.000000,0,0,0,0,0,0,0,0,0,0,0,115,0,620,931.4096883132943,170.55653499846812,6903.610150999157,12935.826086956522
1791187332,0,GET,BMC: PowerState,0.700000,0.000000,0,0,0,0,0,0,0,0,0,0,0,46,0,600,702.5927872619714,336.4688909932738,1667.7300919982372,2578.0
1791187332,0,GET,BMC: system information,1.000000,0.000000,0,0,0,0,0,0,0,0,0,0,0,30,0,580,601.0044406337935,325.445763010066,1232.8882760048145,2578.0
1791187332,0,GET,Public: /posts,0.400000,0.000000,0,0,0,0,0,0,0,0,0,0,0,21,0,350,620.6801736663606,170.55653499846812,2986.5540099999635,27520.0
1791187332,0,GET,Public: wttr.in/Novosibirsk,0.400000,0.000000,0,0,0,0,0,0,0,0,0,0,0,18,0,2000,2429.3571708872655,750.698061005096,6903.610150999157,39654.0
1791187332,0,,Aggregated,2.500000,0.000000,0,0,0,0,0,0,0,0,0,0,0,115,0,620,931.4096883132943,170.55653499846812,6903.610150999157,12935.826086956522
1791187333,0,GET,BMC: PowerState,0.700000,0.000000,0,0,0,0,0,0,0,0,0,0,0,46,0,600,702.5927872619714,336.4688909932738,1667.7300919982372,2578.0
1791187333,0,GET,BMC: system information,1.000000,0.000000,0,0,0,0,0,0,0,0,0,0,0,30,0,580,601.0044406337935,325.445763010066,1232.8882760048145,2578.0
1791187333,0,GET,Public: /posts,0.400000,0.000000,0,0,0,0,0,0,0,0,0,0,0,21,0,350,620.6801736663606,170.55653499846812,2986.5540099999635,27520.0
1791187333,0,GET,Public: wttr.in/Novosibirsk,0.400000,0.000000,0,0,0,0,0,0,0,0,0,0,0,18,0,2000,2429.3571708872655,750.698061005096,6903.610150999157,39654.0
1791187333,0,,Aggregated,2.500000,0.000000,0,0,0,0,0,0,0,0,0,0,0,115,0,620,931.4096883132943,170.55653499846812,6903.610150999157,12935.826086956522
1791187334,0,GET,BMC: PowerState,0.700000,0.000000,0,0,0,0,0,0,0,0,0,0,0,46,0,600,702.5927872619714,336.4688909932738,1667.7300919982372,2578.0
1791187334,0,GET,BMC: system information,1.000000,0.000000,0,0,0,0,0,0,0,0,0,0,0,30,0,580,601.0044406337935,325.445763010066,1232.8882760048145,2578.0
1791187334,0,GET,Public: /posts,0.400000,0.000000,0,0,0,0,0,0,0,0,0,0,0,21,0,350,620.6801736663606,170.55653499846812,2986.5540099999635,27520.0
1791187334,0,GET,Public: wttr.in/Novosibirsk,0.400000,0.000000,0,0,0,0,0,0,0,0,0,0,0,18,0,2000,2429.3571708872655,750.698061005096,6903.610150999157,39654.0
1791187334,0,,Aggregated,2.500000,0.000000,0,0,0,0,0,0,0,0,0,0,0,115,0,620,931.4096883132943,170.55653499846812,6903.610150999157,12935.826086956522
1791187335,0,GET,BMC: PowerState,0.700000,0.000000,0,0,0,0,0,0,0,0,0,0,0,46,0,600,702.5927872619714,336.4688909932738,1667.7300919982372,2578.0
1791187335,0,GET,BMC: system information,1.000000,0.000000,0,0,0,0,0,0,0,0,0,0,0,30,0,580,601.0044406337935,325.445763010066,1232.8882760048145,2578.0
1791187335,0,GET,Public: /posts,0.400000,0.000000,0,0,0,0,0,0,0,0,0,0,0,21,0,350,620.6801736663606,170.55653499846812,2986.5540099999635,27520.0
1791187335,0,GET,Public: wttr.in/Novosibirsk,0.400000,0.000000,0,0,0,0,0,0,0,0,0,0,0,18,0,2000,2429.3571708872655,750.698061005096,6903.610150999157,39654.0
1791187335,0,,Aggregated,2.500000,0.000000,0,0,0,0,0,0,0,0,0,0,0,115,0,620,931.4096883132943,170.55653499846812,6903.610150999157,12935.826086956522
1791187336,0,GET,BMC: PowerState,0.700000,0.000000,0,0,0,0,0,0,0,0,0,0,0,46,0,600,702.5927872619714,336.4688909932738,1667.7300919982372,2578.0
1791187336,0,GET,BMC: system information,1.000000,0.000000,0,0,0,0,0,0,0,0,0,0,0,30,0,580,601.0044406337935,325.445763010066,1232.8882760048145,2578.0
1791187336,0,GET,Public: /posts,0.400000,0.000000,0,0,0,0,0,0,0,0,0,0,0,21,0,350,620.6801736663606,170.55653499846812,2986.5540099999635,27520.0
1791187336,0,GET,Public: wttr.in/Novosibirsk,0.400000,0.000000,0,0,0,0,0,0,0,0,0,0,0,18,0,2000,2429.3571708872655,750.698061005096,6903.610150999157,39654.0
1791187336,0,,Aggregated,2.500000,0.000000,0,0,0,0,0,0,0,0,0,0,0,115,0,620,931.4096883132943,170.55653499846812,6903.610150999157,12935.826086956522
1791187337,0,GET,BMC: PowerState,0.700000,0.000000,0,0,0,0,0,0,0,0,0,0,0,46,0,600,702.5927872619714,336.4688909932738,1667.7300919982372,2578.0
1791187337,0,GET,BMC: system information,1.000000,0.000000,0,0,0,0,0,0,0,0,0,0,0,30,0,580,601.0044406337935,325.445763010066,1232.8882760048145,2578.0
1791187337,0,GET,Public: /posts,0.400000,0.000000,0,0,0,0,0,0,0,0,0,0,0,21,0,350,620.6801736663606,170.55653499846812,2986.5540099999635,27520.0
1791187337,0,GET,Public: wttr.in/Novosibirsk,0.400000,0.000000,0,0,0,0,0,0,0,0,0,0,0,18,0,2000,2429.3571708872655,750.698061005096,6903.610150999157,39654.0
1791187337,0,,Aggregated,2.500000,0.000000,0,0,0,0,0,0,0,0,0,0,0,115,0,620,931.4096883132943,170.55653499846812,6903.610150999157,12935.826086956522
1791187338,0,GET,BMC: PowerState,0.700000,0.000000,0,0,0,0,0,0,0,0,0,0,0,46,0,600,702.5927872619714,336.4688909932738,1667.7300919982372,2578.0
1791187338,0,GET,BMC: system information,1.000000,0.000000,0,0,0,0,0,0,0,0,0,0,0,30,0,580,601.0044406337935,325.445763010066,1232.8882760048145,2578.0
1791187338,0,GET,Public: /posts,0.400000,0.000000,0,0,0,0,0,0,0,0,0,0,0,21,0,350,620.6801736663606,170.55653499846812,2986.5540099999635,27520.0
1791187338,0,GET,Public: wttr.in/Novosibirsk,0.400000,0.000000,0,0,0,0,0,0,0,0,0,0,0,18,0,2000,2429.3571708872655,750.698061005096,6903.610150999157,39654.0
1791187338,0,,Aggregated,2.500000,0.000000,0,0,0,0,0,0,0,0,0,0,0,115,0,620,931.4096883132943,170.55653499846812,6903.610150999157,12935.826086956522
1791187339,0,GET,BMC: PowerState,0.700000,0.000000,0,0,0,0,0,0,0,0,0,0,0,46,0,600,702.5927872619714,336.4688909932738,1667.7300919982372,2578.0
1791187339,0,GET,BMC: system information,1.000000,0.000000,0,0,0,0,0,0,0,0,0,0,0,30,0,580,601.0044406337935,325.445763010066,1232.8882760048145,2578.0
1791187339,0,GET,Public: /posts,0.400000,0.000000,0,0,0,0,0,0,0,0,0,0,0,21,0,350,620.6801736663606,170.55653499846812,2986.5540099999635,27520.0
1791187339,0,GET,Public: wttr.in/Novosibirsk,0.400000,0.000000,0,0,0,0,0,0,0,0,0,0,0,18,0,2000,2429.3571708872655,750.698061005096,6903.610150999157,39654.0
1791187339,0,,Aggregated,2.500000,0.000000,0,0,0,0,0,0,0,0,0,0,0,115,0,620,931.4096883132943,170.55653499846812,6903.610150999157,12935.826086956522
1791187340,0,GET,BMC: PowerState,0.700000,0.000000,0,0,0,0,0,0,0,0,0,0,0,46,0,600,702.5927872619714,336.4688909932738,1667.7300919982372,2578.0
1791187340,0,GET,BMC: system information,1.000000,0.000000,0,0,0,0,0,0,0,0,0,0,0,30,0,580,601.0044406337935,325.445763010066,1232.8882760048145,2578.0
1791187340,0,GET,Public: /posts,0.400000,0.000000,0,0,0,0,0,0,0,0,0,0,0,21,0,350,620.6801736663606,170.55653499846812,2986.5540099999635,27520.0
1791187340,0,GET,Public: wttr.in/Novosibirsk,0.400000,0.000000,0,0,0,0,0,0,0,0,0,0,0,18,0,2000,2429.3571708872655,750.698061005096,6903.610150999157,39654.0
1791187340,0,,Aggregated,2.500000,0.000000,0,0,0,0,0,0,0,0,0,0,0,115,0,620,931.4096883132943,170.55653499846812,6903.610150999157,12935.826086956522
1791187341,0,GET,BMC: PowerState,0.700000,0.000000,0,0,0,0,0,0,0,0,0,0,0,46,0,600,702.5927872619714,336.4688909932738,1667.7300919982372,2578.0
1791187341,0,GET,BMC: system information,1.000000,0.000000,0,0,0,0,0,0,0,0,0,0,0,30,0,580,601.0044406337935,325.445763010066,1232.8882760048145,2578.0
1791187341,0,GET,Public: /posts,0.400000,0.000000,0,0,0,0,0,0,0,0,0,0,0,21,0,350,620.6801736663606,170.55653499846812,2986.5540099999635,27520.0
1791187341,0,GET,Public: wttr.in/Novosibirsk,0.400000,0.000000,0,0,0,0,0,0,0,0,0,0,0,18,0,2000,2429.3571708872655,750.698061005096,6903.610150999157,39654.0
1791187341,0,,Aggregated,2.500000,0.000000,0,0,0,0,0,0,0,0,0,0,0,115,0,620,931.4096883132943,170.55653499846812,6903.610150999157,12935.826086956522
1791187342,0,GET,BMC: PowerState,0.700000,0.000000,0,0,0,0,0,0,0,0,0,0,0,46,0,600,702.5927872619714,336.4688909932738,1667.7300919982372,2578.0
1791187342,0,GET,BMC: system information,1.000000,0.000000,0,0,0,0,0,0,0,0,0,0,0,30,0,580,601.0044406337935,325.445763010066,1232.8882760048145,2578.0
1791187342,0,GET,Public: /posts,0.400000,0.000000,0,0,0,0,0,0,0,0,0,0,0,21,0,350,620.6801736663606,170.55653499846812,2986.5540099999635,27520.0
1791187342,0,GET,Public: wttr.in/Novosibirsk,0.400000,0.000000,0,0,0,0,0,0,0,0,0,0,0,18,0,2000,2429.3571708872655,750.698061005096,6903.610150999157,39654.0
1791187342,0,,Aggregated,2.500000,0.000000,0,0,0,0,0,0,0,0,0,0,0,115,0,620,931.4096883132943,170.55653499846812,6903.610150999157,12935.826086956522
1791187343,0,GET,BMC: PowerState,0.700000,0.000000,0,0,0,0,0,0,0,0,0,0,0,46,0,600,702.5927872619714,336.4688909932738,1667.7300919982372,2578.0
1791187343,0,GET,BMC: system information,1.000000,0.000000,0,0,0,0,0,0,0,0,0,0,0,30,0,580,601.0044406337935,325.445763010066,1232.8882760048145,2578.0
1791187343,0,GET,Public: /posts,0.400000,0.000000,0,0,0,0,0,0,0,0,0,0,0,21,0,350,620.6801736663606,170.55653499846812,2986.5540099999635,27520.0
1791187343,0,GET,Public: wttr.in/Novosibirsk,0.400000,0.000000,0,0,0,0,0,0,0,0,0,0,0,18,0,2000,2429.3571708872655,750.698061005096,6903.610150999157,39654.0
1791187343,0,,Aggregated,2.500000,0.000000,0,0,0,0,0,0,0,0,0,0,0,115,0,620,931.4096883132943,170.55653499846812,6903.610150999157,12935.826086956522
1791187344,0,GET,BMC: PowerState,0.700000,0.000000,0,0,0,0,0,0,0,0,0,0,0,46,0,600,702.5927872619714,336.4688909932738,1667.7300919982372,2578.0
1791187344,0,GET,BMC: system information,1.000000,0.000000,0,0,0,0,0,0,0,0,0,0,0,30,0,580,601.0044406337935,325.445763010066,1232.8882760048145,2578.0
1791187344,0,GET,Public: /posts,0.400000,0.000000,0,0,0,0,0,0,0,0,0,0,0,21,0,350,620.6801736663606,170.55653499846812,2986.5540099999635,27520.0
1791187344,0,GET,Public: wttr.in/Novosibirsk,0.400000,0.000000,0,0,0,0,0,0,0,0,0,0,0,18,0,2000,2429.3571708872655,750.698061005096,6903.610150999157,39654.0
1791187344,0,,Aggregated,2.500000,0.000000,0,0,0,0,0,0,0,0,0,0,0,115,0,620,931.4096883132943,170.55653499846812,6903.610150999157,12935.826086956522
1791187345,0,GET,BMC: PowerState,0.700000,0.000000,0,0,0,0,0,0,0,0,0,0,0,46,0,600,702.5927872619714,336.4688909932738,1667.7300919982372,2578.0
1791187345,0,GET,BMC: system information,1.000000,0.000000,0,0,0,0,0,0,0,0,0,0,0,30,0,580,601.0044406337935,325.445763010066,1232.8882760048145,2578.0
1791187345,0,GET,Public: /posts,0.400000,0.000000,0,0,0,0,0,0,0,0,0,0,0,21,0,350,620.6801736663606,170.55653499846812,2986.5540099999635,27520.0
1791187345,0,GET,Public: wttr.in/Novosibirsk,0.400000,0.000000,0,0,0,0,0,0,0,0,0,0,0,18,0,2000,2429.3571708872655,750.698061005096,6903.610150999157,39654.0
1791187345,0,,Aggregated,2.500000,0.000000,0,0,0,0,0,0,0,0,0,0,0,115,0,620,931.4096883132943,170.55653499846812,6903.610150999157,12935.826086956522
1791187346,0,GET,BMC: PowerState,0.700000,0.000000,0,0,0,0,0,0,0,0,0,0,0,46,0,600,702.5927872619714,336.4688909932738,1667.7300919982372,2578.0
1791187346,0,GET,BMC: system information,1.000000,0.000000,0,0,0,0,0,0,0,0,0,0,0,30,0,580,601.0044406337935,325.445763010066,1232.8882760048145,2578.0
1791187346,0,GET,Public: /posts,0.400000,0.000000,0,0,0,0,0,0,0,0,0,0,0,21,0,350,620.6801736663606,170.55653499846812,2986.5540099999635,27520.0
1791187346,0,GET,Public: wttr.in/Novosibirsk,0.400000,0.000000,0,0,0,0,0,0,0,0,0,0,0,18,0,2000,2429.3571708872655,750.698061005096,6903.610150999157,39654.0
1791187346,0,,Aggregated,2.500000,0.000000,0,0,0,0,0,0,0,0,0,0,0,115,0,620,931.4096883132943,170.55653499846812,6903.610150999157,12935.826086956522
1791187347,0,GET,BMC: PowerState,0.700000,0.000000,0,0,0,0,0,0,0,0,0,0,0,46,0,600,702.5927872619714,336.4688909932738,1667.7300919982372,2578.0
1791187347,0,GET,BMC: system information,1.000000,0.000000,0,0,0,0,0,0,0,0,0,0,0,30,0,580,601.0044406337935,325.445763010066,1232.8882760048145,2578.0
1791187347,0,GET,Public: /posts,0.400000,0.000000,0,0,0,0,0,0,0,0,0,0,0,21,0,350,620.6801736663606,170.55653499846812,2986.5540099999635,27520.0
1791187347,0,GET,Public: wttr.in/Novosibirsk,0.400000,0.000000,0,0,0,0,0,0,0,0,0,0,0,18,0,2000,2429.3571708872655,750.698061005096,6903.610150999157,39654.0
1791187347,0,,Aggregated,2.500000,0.000000,0,0,0,0,0,0,0,0,0,0,0,115,0,620,931.4096883132943,170.55653499846812,6903.610150999157,12935.826086956522
1791187348,0,GET,BMC: PowerState,0.700000,0.000000,0,0,0,0,0,0,0,0,0,0,0,46,0,600,702.5927872619714,336.4688909932738,1667.7300919982372,2578.0
1791187348,0,GET,BMC: system information,1.000000,0.000000,0,0,0,0,0,0,0,0,0,0,0,30,0,580,601.0044406337935,325.445763010066,1232.8882760048145,2578.0
1791187348,0,GET,Public: /posts,0.400000,0.000000,0,0,0,0,0,0,0,0,0,0,0,21,0,350,620.6801736663606,170.55653499846812,2986.5540099999635,27520.0
1791187348,0,GET,Public: wttr.in/Novosibirsk,0.400000,0.000000,0,0,0,0,0,0,0,0,0,0,0,18,0,2000,2429.3571708872655,750.698061005096,6903.610150999157,39654.0
1791187348,0,,Aggregated,2.500000,0.000000,0,0,0,0,0,0,0,0,0,0,0,115,0,620,931.4096883132943,170.55653499846812,6903.610150999157,12935.826086956522
1791187349,0,GET,BMC: PowerState,0.700000,0.000000,0,0,0,0,0,0,0,0,0,0,0,46,0,600,702.5927872619714,336.4688909932738,1667.7300919982372,2578.0
1791187349,0,GET,BMC: system information,1.000000,0.000000,0,0,0,0,0,0,0,0,0,0,0,30,0,580,601.0044406337935,325.445763010066,1232.8882760048145,2578.0
1791187349,0,GET,Public: /posts,0.400000,0.000000,0,0,0,0,0,0,0,0,0,0,0,21,0,350,620.6801736663606,170.55653499846812,2986.5540099999635,27520.0
1791187349,0,GET,Public: wttr.in/Novosibirsk,0.400000,0.000000,0,0,0,0,0,0,0,0,0,0,0,18,0,2000,2429.3571708872655,750.698061005096,6903.610150999157,39654.0
1791187349,0,,Aggregated,2.500000,0.000000,0,0,0,0,0,0,0,0,0,0,0,115,0,620,931.4096883132943,170.55653499846812,6903.610150999157,12935.826086956522
1791187350,0,GET,BMC: PowerState,0.700000,0.000000,0,0,0,0,0,0,0,0,0,0,0,46,0,600,702.5927872619714,336.4688909932738,1667.7300919982372,2578.0
1791187350,0,GET,BMC: system information,1.000000,0.000000,0,0,0,0,0,0,0,0,0,0,0,30,0,580,601.0044406337935,325.445763010066,1232.8882760048145,2578.0
1791187350,0,GET,Public: /posts,0.400000,0.000000,0,0,0,0,0,0,0,0,0,0,0,21,0,350,620.6801736663606,170.55653499846812,2986.5540099999635,27520.0
1791187350,0,GET,Public: wttr.in/Novosibirsk,0.400000,0.000000,0,0,0,0,0,0,0,0,0,0,0,18,0,2000,2429.3571708872655,750.698061005096,6903.610150999157,39654.0
1791187350,0,,Aggregated,2.500000,0.000000,0,0,0,0,0,0,0,0,0,0,0,115,0,620,931.4096883132943,170.55653499846812,6903.610150999157,12935.826086956522
1791187351,0,GET,BMC: PowerState,0.700000,0.000000,0,0,0,0,0,0,0,0,0,0,0,46,0,600,702.5927872619714,336.4688909932738,1667.7300919982372,2578.0
1791187351,0,GET,BMC: system information,1.000000,0.000000,0,0,0,0,0,0,0,0,0,0,0,30,0,580,601.0044406337935,325.445763010066,1232.8882760048145,2578.0
1791187351,0,GET,Public: /posts,0.400000,0.000000,0,0,0,0,0,0,0,0,0,0,0,21,0,350,620.6801736663606,170.55653499846812,2986.5540099999635,27520.0
1791187351,0,GET,Public: wttr.in/Novosibirsk,0.400000,0.000000,0,0,0,0,0,0,0,0,0,0,0,18,0,2000,2429.3571708872655,750.698061005096,6903.610150999157,39654.0
1791187351,0,,Aggregated,2.500000,0.000000,0,0,0,0,0,0,0,0,0,0,0,115,0,620,931.4096883132943,170.55653499846812,6903.610150999157,12935.826086956522
1791187352,0,GET,BMC: PowerState,0.700000,0.000000,0,0,0,0,0,0,0,0,0,0,0,46,0,600,702.5927872619714,336.4688909932738,1667.7300919982372,2578.0
1791187352,0,GET,BMC: system information,1.000000,0.000000,0,0,0,0,0,0,0,0,0,0,0,30,0,580,601.0044406337935,325.445763010066,1232.8882760048145,2578.0
1791187352,0,GET,Public: /posts,0.400000,0.000000,0,0,0,0,0,0,0,0,0,0,0,21,0,350,620.6801736663606,170.55653499846812,2986.5540099999635,27520.0
1791187352,0,GET,Public: wttr.in/Novosibirsk,0.400000,0.000000,0,0,0,0,0,0,0,0,0,0,0,18,0,2000,2429.3571708872655,750.698061005096,6903.610150999157,39654.0
1791187352,0,,Aggregated,2.500000,0.000000,0,0,0,0,0,0,0,0,0,0,0,115,0,620,931.4096883132943,170.55653499846812,6903.610150999157,12935.826086956522
1791187353,0,GET,BMC: PowerState,0.700000,0.000000,0,0,0,0,0,0,0,0,0,0,0,46,0,600,702.5927872619714,336.4688909932738,1667.7300919982372,2578.0
1791187353,0,GET,BMC: system information,1.000000,0.000000,0,0,0,0,0,0,0,0,0,0,0,30,0,580,601.0044406337935,325.445763010066,1232.8882760048145,2578.0
1791187353,0,GET,Public: /posts,0.400000,0.000000,0,0,0,0,0,0,0,0,0,0,0,21,0,350,620.6801736663606,170.55653499846812,2986.5540099999635,27520.0
1791187353,0,GET,Public: wttr.in/Novosibirsk,0.400000,0.000000,0,0,0,0,0,0,0,0,0,0,0,18,0,2000,2429.3571708872655,750.698061005096,6903.610150999157,39654.0
1791187353,0,,Aggregated,2.500000,0.000000,0,0,0,0,0,0,0,0,0,0,0,115,0,620,931.4096883132943,170.55653499846812,6903.610150999157,12935.826086956522
1791187354,0,GET,BMC: PowerState,0.700000,0.000000,0,0,0,0,0,0,0,0,0,0,0,46,0,600,702.5927872619714,336.4688909932738,1667.7300919982372,2578.0
1791187354,0,GET,BMC: system information,1.000000,0.000000,0,0,0,0,0,0,0,0,0,0,0,30,0,580,601.0044406337935,325.445763010066,1232.8882760048145,2578.0
1791187354,0,GET,Public: /posts,0.400000,0.000000,0,0,0,0,0,0,0,0,0,0,0,21,0,350,620.6801736663606,170.55653499846812,2986.5540099999635,27520.0
1791187354,0,GET,Public: wttr.in/Novosibirsk,0.400000,0.000000,0,0,0,0,0,0,0,0,0,0,0,18,0,2000,2429.3571708872655,750.698061005096,6903.610150999157,39654.0
1791187354,0,,Aggregated,2.500000,0.000000,0,0,0,0,0,0,0,0,0,0,0,115,0,620,931.4096883132943,170.55653499846812,6903.610150999157,12935.826086956522
1791187355,0,GET,BMC: PowerState,0.700000,0.000000,0,0,0,0,0,0,0,0,0,0,0,46,0,600,702.5927872619714,336.4688909932738,1667.7300919982372,2578.0
1791187355,0,GET,BMC: system information,1.000000,0.000000,0,0,0,0,0,0,0,0,0,0,0,30,0,580,601.0044406337935,325.445763010066,1232.8882760048145,2578.0
1791187355,0,GET,Public: /posts,0.400000,0.000000,0,0,0,0,0,0,0,0,0,0,0,21,0,350,620.6801736663606,170.55653499846812,2986.5540099999635,27520.0
1791187355,0,GET,Public: wttr.in/Novosibirsk,0.400000,0.000000,0,0,0,0,0,0,0,0,0,0,0,18,0,2000,2429.3571708872655,750.698061005096,6903.610150999157,39654.0
1791187355,0,,Aggregated,2.500000,0.000000,0,0,0,0,0,0,0,0,0,0,0,115,0,620,931.4096883132943,170.55653499846812,6903.610150999157,12935.826086956522
1791187356,0,GET,BMC: PowerState,0.700000,0.000000,0,0,0,0,0,0,0,0,0,0,0,46,0,600,702.5927872619714,336.4688909932738,1667.7300919982372,2578.0
1791187356,0,GET,BMC: system information,1.000000,0.000000,0,0,0,0,0,0,0,0,0,0,0,30,0,580,601.0044406337935,325.445763010066,1232.8882760048145,2578.0
1791187356,0,GET,Public: /posts,0.400000,0.000000,0,0,0,0,0,0,0,0,0,0,0,21,0,350,620.6801736663606,170.55653499846812,2986.5540099999635,27520.0
1791187356,0,GET,Public: wttr.in/Novosibirsk,0.400000,0.000000,0,0,0,0,0,0,0,0,0,0,0,18,0,2000,2429.3571708872655,750.698061005096,6903.610150999157,39654.0
1791187356,0,,Aggregated,2.500000,0.000000,0,0,0,0,0,0,0,0,0,0,0,115,0,620,931.4096883132943,170.55653499846812,6903.610150999157,12935.826086956522
1791187357,0,GET,BMC: PowerState,0.700000,0.000000,0,0,0,0,0,0,0,0,0,0,0,46,0,600,702.5927872619714,336.4688909932738,1667.7300919982372,2578.0
1791187357,0,GET,BMC: system information,1.000000,0.000000,0,0,0,0,0,0,0,0,0,0,0,30,0,580,601.0044406337935,325.445763010066,1232.8882760048145,2578.0
1791187357,0,GET,Public: /posts,0.400000,0.000000,0,0,0,0,0,0,0,0,0,0,0,21,0,350,620.6801736663606,170.55653499846812,2986.5540099999635,27520.0
1791187357,0,GET,Public: wttr.in/Novosibirsk,0.400000,0.000000,0,0,0,0,0,0,0,0,0,0,0,18,0,2000,2429.3571708872655,750.698061005096,6903.610150999157,39654.0
1791187357,0,,Aggregated,2.500000,0.000000,0,0,0,0,0,0,0,0,0,0,0,115,0,620,931.4096883132943,170.55653499846812,6903.610150999157,12935.826086956522
1791187358,0,GET,BMC: PowerState,0.700000,0.000000,0,0,0,0,0,0,0,0,0,0,0,46,0,600,702.5927872619714,336.4688909932738,1667.7300919982372,2578.0
1791187358,0,GET,BMC: system information,1.000000,0.000000,0,0,0,0,0,0,0,0,0,0,0,30,0,580,601.0044406337935,325.445763010066,1232.8882760048145,2578.0
1791187358,0,GET,Public: /posts,0.400000,0.000000,0,0,0,0,0,0,0,0,0,0,0,21,0,350,620.6801736663606,170.55653499846812,2986.5540099999635,27520.0
1791187358,0,GET,Public: wttr.in/Novosibirsk,0.400000,0.000000,0,0,0,0,0,0,0,0,0,0,0,18,0,2000,2429.3571708872655,750.698061005096,6903.610150999157,39654.0
1791187358,0,,Aggregated,2.500000,0.000000,0,0,0,0,0,0,0,0,0,0,0,115,0,620,931.4096883132943,170.55653499846812,6903.610150999157,12935.826086956522
1791187359,0,GET,BMC: PowerState,0.700000,0.000000,0,0,0,0,0,0,0,0,0,0,0,46,0,600,702.5927872619714,336.4688909932738,1667.7300919982372,2578.0
1791187359,0,GET,BMC: system information,1.000000,0.000000,0,0,0,0,0,0,0,0,0,0,0,30,0,580,601.0044406337935,325.445763010066,1232.8882760048145,2578.0
1791187359,0,GET,Public: /posts,0.400000,0.000000,0,0,0,0,0,0,0,0,0,0,0,21,0,350,620.6801736663606,170.55653499846812,2986.5540099999635,27520.0
1791187359,0,GET,Public: wttr.in/Novosibirsk,0.400000,0.000000,0,0,0,0,0,0,0,0,0,0,0,18,0,2000,2429.3571708872655,750.698061005096,6903.610150999157,39654.0
1791187359,0,,Aggregated,2.500000,0.000000,0,0,0,0,0,0,0,0,0,0,0,115,0,620,931.4096883132943,170.55653499846812,6903.610150999157,12935.826086956522
1791187360,0,GET,BMC: PowerState,0.700000,0.000000,0,0,0,0,0,0,0,0,0,0,0,46,0,600,702.5927872619714,336.4688909932738,1667.7300919982372,2578.0
1791187360,0,GET,BMC: system information,1.000000,0.000000,0,0,0,0,0,0,0,0,0,0,0,30,0,580,601.0044406337935,325.445763010066,1232.8882760048145,2578.0
1791187360,0,GET,Public: /posts,0.400000,0.000000,0,0,0,0,0,0,0,0,0,0,0,21,0,350,620.6801736663606,170.55653499846812,2986.5540099999635,27520.0
1791187360,0,GET,Public: wttr.in/Novosibirsk,0.400000,0.000000,0,0,0,0,0,0,0,0,0,0,0,18,0,2000,2429.3571708872655,750.698061005096,6903.610150999157,39654.0
1791187360,0,,Aggregated,2.500000,0.000000,0,0,0,0,0,0,0,0,0,0,0,115,0,620,931.4096883132943,170.55653499846812,6903.610150999157,12935.826086956522
1791187361,0,GET,BMC: PowerState,0.700000,0.000000,0,0,0,0,0,0,0,0,0,0,0,46,0,600,702.5927872619714,336.4688909932738,1667.7300919982372,2578.0
1791187361,0,GET,BMC: system information,1.000000,0.000000,0,0,0,0,0,0,0,0,0,0,0,30,0,580,601.0044406337935,325.445763010066,1232.8882760048145,2578.0
1791187361,0,GET,Public: /posts,0.400000,0.000000,0,0,0,0,0,0,0,0,0,0,0,21,0,350,620.6801736663606,170.55653499846812,2986.5540099999635,27520.0
1791187361,0,GET,Public: wttr.in/Novosibirsk,0.400000,0.000000,0,0,0,0,0,0,0,0,0,0,0,18,0,2000,2429.3571708872655,750.698061005096,6903.610150999157,39654.0
1791187361,0,,Aggregated,2.500000,0.000000,0,0,0,0,0,0,0,0,0,0,0,115,0,620,931.4096883132943,170.55653499846812,6903.610150999157,12935.826086956522
1791187362,0,GET,BMC: PowerState,0.700000,0.000000,0,0,0,0,0,0,0,0,0,0,0,46,0,600,702.5927872619714,336.4688909932738,1667.7300919982372,2578.0
1791187362,0,GET,BMC: system information,1.000000,0.000000,0,0,0,0,0,0,0,0,0,0,0,30,0,580,601.0044406337935,325.445763010066,1232.8882760048145,2578.0
1791187362,0,GET,Public: /posts,0.400000,0.000000,0,0,0,0,0,0,0,0,0,0,0,21,0,350,620.6801736663606,170.55653499846812,2986.5540099999635,27520.0
1791187362,0,GET,Public: wttr.in/Novosibirsk,0.400000,0.000000,0,0,0,0,0,0,0,0,0,0,0,18,0,2000,2429.3571708872655,750.698061005096,6903.610150999157,39654.0
1791187362,0,,Aggregated,2.500000,0.000000,0,0,0,0,0,0,0,0,0,0,0,115,0,620,931.4096883132943,170.55653499846812,6903.610150999157,12935.826086956522
1791187363,0,GET,BMC: PowerState,0.700000,0.000000,0,0,0,0,0,0,0,0,0,0,0,46,0,600,702.5927872619714,336.4688909932738,1667.7300919982372,2578.0
1791187363,0,GET,BMC: system information,1.000000,0.000000,0,0,0,0,0,0,0,0,0,0,0,30,0,580,601.0044406337935,325.445763010066,1232.8882760048145,2578.0
1791187363,0,GET,Public: /posts,0.400000,0.000000,0,0,0,0,0,0,0,0,0,0,0,21,0,350,620.6801736663606,170.55653499846812,2986.5540099999635,27520.0
1791187363,0,GET,Public: wttr.in/Novosibirsk,0.400000,0.000000,0,0,0,0,0,0,0,0,0,0,0,18,0,2000,2429.3571708872655,750.698061005096,6903.610150999157,39654.0
1791187363,0,,Aggregated,2.500000,0.000000,0,0,0,0,0,0,0,0,0,0,0,115,0,620,931.4096883132943,170.55653499846812,6903.610150999157,12935.826086956522
1791187364,0,GET,BMC: PowerState,0.700000,0.000000,0,0,0,0,0,0,0,0,0,0,0,46,0,600,702.5927872619714,336.4688909932738,1667.7300919982372,2578.0
1791187364,0,GET,BMC: system information,1.000000,0.000000,0,0,0,0,0,0,0,0,0,0,0,30,0,580,601.0044406337935,325.445763010066,1232.8882760048145,2578.0
1791187364,0,GET,Public: /posts,0.400000,0.000000,0,0,0,0,0,0,0,0,0,0,0,21,0,350,620.6801736663606,170.55653499846812,2986.5540099999635,27520.0
1791187364,0,GET,Public: wttr.in/Novosibirsk,0.400000,0.000000,0,0,0,0,0,0,0,0,0,0,0,18,0,2000,2429.3571708872655,750.698061005096,6903.610150999157,39654.0
1791187364,0,,Aggregated,2.500000,0.000000,0,0,0,0,0,0,0,0,0,0,0,115,0,620,931.4096883132943,170.55653499846812,6903.610150999157,12935.826086956522
1791187365,0,GET,BMC: PowerState,0.700000,0.000000,0,0,0,0,0,0,0,0,0,0,0,46,0,600,702.5927872619714,336.4688909932738,1667.7300919982372,2578.0
1791187365,0,GET,BMC: system information,1.000000,0.000000,0,0,0,0,0,0,0,0,0,0,0,30,0,580,601.0044406337935,325.445763010066,1232.8882760048145,2578.0
1791187365,0,GET,Public: /posts,0.400000,0.000000,0,0,0,0,0,0,0,0,0,0,0,21,0,350,620.6801736663606,170.55653499846812,2986.5540099999635,27520.0
1791187365,0,GET,Public: wttr.in/Novosibirsk,0.400000,0.000000,0,0,0,0,0,0,0,0,0,0,0,18,0,2000,2429.3571708872655,750.698061005096,6903.610150999157,39654.0
1791187365,0,,Aggregated,2.500000,0.000000,0,0,0,0,0,0,0,0,0,0,0,115,0,620,931.4096883132943,170.55653499846812,6903.610150999157,12935.826086956522
1791187366,0,GET,BMC: PowerState,0.700000,0.000000,0,0,0,0,0,0,0,0,0,0,0,46,0,600,702.5927872619714,336.4688909932738,1667.7300919982372,2578.0
1791187366,0,GET,BMC: system information,1.000000,0.000000,0,0,0,0,0,0,0,0,0,0,0,30,0,580,601.0044406337935,325.445763010066,1232.8882760048145,2578.0
1791187366,0,GET,Public: /posts,0.400000,0.000000,0,0,0,0,0,0,0,0,0,0,0,21,0,350,620.6801736663606,170.55653499846812,2986.5540099999635,27520.0
1791187366,0,GET,Public: wttr.in/Novosibirsk,0.400000,0.000000,0,0,0,0,0,0,0,0,0,0,0,18,0,2000,2429.3571708872655,750.698061005096,6903.610150999157,39654.0
1791187366,0,,Aggregated,2.500000,0.000000,0,0,0,0,0,0,0,0,0,0,0,115,0,620,931.4096883132943,170.55653499846812,6903.610150999157,12935.826086956522
1791187367,0,GET,BMC: PowerState,0.700000,0.000000,0,0,0,0,0,0,0,0,0,0,0,46,0,600,702.5927872619714,336.4688909932738,1667.7300919982372,2578.0
1791187367,0,GET,BMC: system information,1.000000,0.000000,0,0,0,0,0,0,0,0,0,0,0,30,0,580,601.0044406337935,325.445763010066,1232.8882760048145,2578.0
1791187367,0,GET,Public: /posts,0.400000,0.000000,0,0,0,0,0,0,0,0,0,0,0,21,0,350,620.6801736663606,170.55653499846812,2986.5540099999635,27520.0
1791187367,0,GET,Public: wttr.in/Novosibirsk,0.400000,0.000000,0,0,0,0,0,0,0,0,0,0,0,18,0,2000,2429.3571708872655,750.698061005096,6903.610150999157,39654.0
1791187367,0,,Aggregated,2.500000,0.000000,0,0,0,0,0,0,0,0,0,0,0,115,0,620,931.4096883132943,170.55653499846812,6903.610150999157,12935.826086956522
1791187368,0,GET,BMC: PowerState,0.700000,0.000000,0,0,0,0,0,0,0,0,0,0,0,46,0,600,702.5927872619714,336.4688909932738,1667.7300919982372,2578.0
1791187368,0,GET,BMC: system information,1.000000,0.000000,0,0,0,0,0,0,0,0,0,0,0,30,0,580,601.0044406337935,325.445763010066,1232.8882760048145,2578.0
1791187368,0,GET,Public: /posts,0.400000,0.000000,0,0,0,0,0,0,0,0,0,0,0,21,0,350,620.6801736663606,170.55653499846812,2986.5540099999635,27520.0
1791187368,0,GET,Public: wttr.in/Novosibirsk,0.400000,0.000000,0,0,0,0,0,0,0,0,0,0,0,18,0,2000,2429.3571708872655,750.698061005096,6903.610150999157,39654.0
1791187368,0,,Aggregated,2.500000,0.000000,0,0,0,0,0,0,0,0,0,0,0,115,0,620,931.4096883132943,170.55653499846812,6903.610150999157,12935.826086956522
1791187369,0,GET,BMC: PowerState,0.700000,0.000000,0,0,0,0,0,0,0,0,0,0,0,46,0,600,702.5927872619714,336.4688909932738,1667.7300919982372,2578.0
1791187369,0,GET,BMC: system information,1.000000,0.000000,0,0,0,0,0,0,0,0,0,0,0,30,0,580,601.0044406337935,325.445763010066,1232.8882760048145,2578.0
1791187369,0,GET,Public: /posts,0.400000,0.000000,0,0,0,0,0,0,0,0,0,0,0,21,0,350,620.6801736663606,170.55653499846812,2986.5540099999635,27520.0
1791187369,0,GET,Public: wttr.in/Novosibirsk,0.400000,0.000000,0,0,0,0,0,0,0,0,0,0,0,18,0,2000,2429.3571708872655,750.698061005096,6903.610150999157,39654.0
1791187369,0,,Aggregated,2.500000,0.000000,0,0,0,0,0,0,0,0,0,0,0,115,0,620,931.4096883132943,170.55653499846812,6903.610150999157,12935.826086956522
1791187370,0,GET,BMC: PowerState,0.700000,0.000000,0,0,0,0,0,0,0,0,0,0,0,46,0,600,702.5927872619714,336.4688909932738,1667.7300919982372,2578.0
1791187370,0,GET,BMC: system information,1.000000,0.000000,0,0,0,0,0,0,0,0,0,0,0,30,0,580,601.0044406337935,325.445763010066,1232.8882760048145,2578.0
1791187370,0,GET,Public: /posts,0.400000,0.000000,0,0,0,0,0,0,0,0,0,0,0,21,0,350,620.6801736663606,170.55653499846812,2986.5540099999635,27520.0
1791187370,0,GET,Public: wttr.in/Novosibirsk,0.400000,0.000000,0,0,0,0,0,0,0,0,0,0,0,18,0,2000,2429.3571708872655,750.698061005096,6903.610150999157,39654.0
1791187370,0,,Aggregated,2.500000,0.000000,0,0,0,0,0,0,0,0,0,0,0,115,0,620,931.4096883132943,170.55653499846812,6903.610150999157,12935.826086956522
1791187371,0,GET,BMC: PowerState,0.700000,0.000000,0,0,0,0,0,0,0,0,0,0,0,46,0,600,702.5927872619714,336.4688909932738,1667.7300919982372,2578.0
1791187371,0,GET,BMC: system information,1.000000,0.000000,0,0,0,0,0,0,0,0,0,0,0,30,0,580,601.0044406337935,325.445763010066,1232.8882760048145,2578.0
1791187371,0,GET,Public: /posts,0.400000,0.000000,0,0,0,0,0,0,0,0,0,0,0,21,0,350,620.6801736663606,170.55653499846812,2986.5540099999635,27520.0
1791187371,0,GET,Public: wttr.in/Novosibirsk,0.400000,0.000000,0,0,0,0,0,0,0,0,0,0,0,18,0,2000,2429.3571708872655,750.698061005096,6903.610150999157,39654.0
1791187371,0,,Aggregated,2.500000,0.000000,0,0,0,0,0,0,0,0,0,0,0,115,0,620,931.4096883132943,170.55653499846812,6903.610150999157,12935.826086956522
1791187372,0,GET,BMC: PowerState,0.700000,0.000000,0,0,0,0,0,0,0,0,0,0,0,46,0,600,702.5927872619714,336.4688909932738,1667.7300919982372,2578.0
1791187372,0,GET,BMC: system information,1.000000,0.000000,0,0,0,0,0,0,0,0,0,0,0,30,0,580,601.0044406337935,325.445763010066,1232.8882760048145,2578.0
1791187372,0,GET,Public: /posts,0.400000,0.000000,0,0,0,0,0,0,0,0,0,0,0,21,0,350,620.6801736663606,170.55653499846812,2986.5540099999635,27520.0
1791187372,0,GET,Public: wttr.in/Novosibirsk,0.400000,0.000000,0,0,0,0,0,0,0,0,0,0,0,18,0,2000,2429.3571708872655,750.698061005096,6903.610150999157,39654.0
1791187372,0,,Aggregated,2.500000,0.000000,0,0,0,0,0,0,0,0,0,0,0,115,0,620,931.4096883132943,170.55653499846812,6903.610150999157,12935.826086956522
1791187373,0,GET,BMC: PowerState,0.700000,0.000000,0,0,0,0,0,0,0,0,0,0,0,46,0,600,702.5927872619714,336.4688909932738,1667.7300919982372,2578.0
1791187373,0,GET,BMC: system information,1.000000,0.000000,0,0,0,0,0,0,0,0,0,0,0,30,0,580,601.0044406337935,325.445763010066,1232.8882760048145,2578.0
1791187373,0,GET,Public: /posts,0.400000,0.000000,0,0,0,0,0,0,0,0,0,0,0,21,0,350,620.6801736663606,170.55653499846812,2986.5540099999635,27520.0
1791187373,0,GET,Public: wttr.in/Novosibirsk,0.400000,0.000000,0,0,0,0,0,0,0,0,0,0,0,18,0,2000,2429.3571708872655,750.698061005096,6903.610150999157,39654.0
1791187373,0,,Aggregated,2.500000,0.000000,0,0,0,0,0,0,0,0,0,0,0,115,0,620,931.4096883132943,170.55653499846812,6903.610150999157,12935.826086956522
1791187374,0,GET,BMC: PowerState,0.700000,0.000000,0,0,0,0,0,0,0,0,0,0,0,46,0,600,702.5927872619714,336.4688909932738,1667.7300919982372,2578.0
1791187374,0,GET,BMC: system information,1.000000,0.000000,0,0,0,0,0,0,0,0,0,0,0,30,0,580,601.0044406337935,325.445763010066,1232.8882760048145,2578.0
1791187374,0,GET,Public: /posts,0.400000,0.000000,0,0,0,0,0,0,0,0,0,0,0,21,0,350,620.6801736663606,170.55653499846812,2986.5540099999635,27520.0
1791187374,0,GET,Public: wttr.in/Novosibirsk,0.400000,0.000000,0,0,0,0,0,0,0,0,0,0,0,18,0,2000,2429.3571708872655,750.698061005096,6903.610150999157,39654.0
1791187374,0,,Aggregated,2.500000,0.000000,0,0,0,0,0,0,0,0,0,0,0,115,0,620,931.4096883132943,170.55653499846812,6903.610150999157,12935.826086956522
1791187375,0,GET,BMC: PowerState,0.700000,0.000000,0,0,0,0,0,0,0,0,0,0,0,46,0,600,702.5927872619714,336.4688909932738,1667.7300919982372,2578.0
1791187375,0,GET,BMC: system information,1.000000,0.000000,0,0,0,0,0,0,0,0,0,0,0,30,0,580,601.0044406337935,325.445763010066,1232.8882760048145,2578.0
1791187375,0,GET,Public: /posts,0.400000,0.000000,0,0,0,0,0,0,0,0,0,0,0,21,0,350,620.6801736663606,170.55653499846812,2986.5540099999635,27520.0
1791187375,0,GET,Public: wttr.in/Novosibirsk,0.400000,0.000000,0,0,0,0,0,0,0,0,0,0,0,18,0,2000,2429.3571708872655,750.698061005096,6903.610150999157,39654.0
1791187375,0,,Aggregated,2.500000,0.000000,0,0,0,0,0,0,0,0,0,0,0,115,0,620,931.4096883132943,170.55653499846812,6903.610150999157,12935.826086956522
1791187376,0,GET,BMC: PowerState,0.700000,0.000000,0,0,0,0,0,0,0,0,0,0,0,46,0,600,702.5927872619714,336.4688909932738,1667.7300919982372,2578.0
1791187376,0,GET,BMC: system information,1.000000,0.000000,0,0,0,0,0,0,0,0,0,0,0,30,0,580,601.0044406337935,325.445763010066,1232.8882760048145,2578.0
1791187376,0,GET,Public: /posts,0.400000,0.000000,0,0,0,0,0,0,0,0,0,0,0,21,0,350,620.6801736663606,170.55653499846812,2986.5540099999635,27520.0
1791187376,0,GET,Public: wttr.in/Novosibirsk,0.400000,0.000000,0,0,0,0,0,0,0,0,0,0,0,18,0,2000,2429.3571708872655,750.698061005096,6903.610150999157,39654.0
1791187376,0,,Aggregated,2.500000,0.000000,0,0,0,0,0,0,0,0,0,0,0,115,0,620,931.4096883132943,170.55653499846812,6903.610150999157,12935.826086956522
1791187377,0,GET,BMC: PowerState,0.700000,0.000000,0,0,0,0,0,0,0,0,0,0,0,46,0,600,702.5927872619714,336.4688909932738,1667.7300919982372,2578.0
1791187377,0,GET,BMC: system information,1.000000,0.000000,0,0,0,0,0,0,0,0,0,0,0,30,0,580,601.0044406337935,325.445763010066,1232.8882760048145,2578.0
1791187377,0,GET,Public: /posts,0.400000,0.000000,0,0,0,0,0,0,0,0,0,0,0,21,0,350,620.6801736663606,170.55653499846812,2986.5540099999635,27520.0
1791187377,0,GET,Public: wttr.in/Novosibirsk,0.400000,0.000000,0,0,0,0,0,0,0,0,0,0,0,18,0,2000,2429.3571708872655,750.698061005096,6903.610150999157,39654.0
1791187377,0,,Aggregated,2.500000,0.000000,0,0,0,0,0,0,0,0,0,0,0,115,0,620,931.4096883132943,170.55653499846812,6903.610150999157,12935.826086956522
1791187378,0,GET,BMC: PowerState,0.700000,0.000000,0,0,0,0,0,0,0,0,0,0,0,46,0,600,702.5927872619714,336.4688909932738,1667.7300919982372,2578.0
1791187378,0,GET,BMC: system information,1.000000,0.000000,0,0,0,0,0,0,0,0,0,0,0,30,0,580,601.0044406337935,325.445763010066,1232.8882760048145,2578.0
1791187378,0,GET,Public: /posts,0.400000,0.000000,0,0,0,0,0,0,0,0,0,0,0,21,0,350,620.6801736663606,170.55653499846812,2986.5540099999635,27520.0
1791187378,0,GET,Public: wttr.in/Novosibirsk,0.400000,0.000000,0,0,0,0,0,0,0,0,0,0,0,18,0,2000,2429.3571708872655,750.698061005096,6903.610150999157,39654.0
1791187378,0,,Aggregated,2.500000,0.000000,0,0,0,0,0,0,0,0,0,0,0,115,0,620,931.4096883132943,170.55653499846812,6903.610150999157,12935.826086956522
1791187379,0,GET,BMC: PowerState,0.700000,0.000000,0,0,0,0,0,0,0,0,0,0,0,46,0,600,702.5927872619714,336.4688909932738,1667.7300919982372,2578.0
1791187379,0,GET,BMC: system information,1.000000,0.000000,0,0,0,0,0,0,0,0,0,0,0,30,0,580,601.0044406337935,325.445763010066,1232.8882760048145,2578.0
1791187379,0,GET,Public: /posts,0.400000,0.000000,0,0,0,0,0,0,0,0,0,0,0,21,0,350,620.6801736663606,170.55653499846812,2986.5540099999635,27520.0
1791187379,0,GET,Public: wttr.in/Novosibirsk,0.400000,0.000000,0,0,0,0,0,0,0,0,0,0,0,18,0,2000,2429.3571708872655,750.698061005096,6903.610150999157,39654.0
1791187379,0,,Aggregated,2.500000,0.000000,0,0,0,0,0,0,0,0,0,0,0,115,0,620,931.4096883132943,170.55653499846812,6903.610150999157,12935.826086956522
1791187380,0,GET,BMC: PowerState,0.700000,0.000000,0,0,0,0,0,0,0,0,0,0,0,46,0,600,702.5927872619714,336.4688909932738,1667.7300919982372,2578.0
1791187380,0,GET,BMC: system information,1.000000,0.000000,0,0,0,0,0,0,0,0,0,0,0,30,0,580,601.0044406337935,325.445763010066,1232.8882760048145,2578.0
1791187380,0,GET,Public: /posts,0.400000,0.000000,0,0,0,0,0,0,0,0,0,0,0,21,0,350,620.6801736663606,170.55653499846812,2986.5540099999635,27520.0
1791187380,0,GET,Public: wttr.in/Novosibirsk,0.400000,0.000000,0,0,0,0,0,0,0,0,0,0,0,18,0,2000,2429.3571708872655,750.698061005096,6903.610150999157,39654.0
1791187380,0,,Aggregated,2.500000,0.000000,0,0,0,0,0,0,0,0,0,0,0,115,0,620,931.4096883132943,170.55653499846812,6903.610150999157,12935.826086956522
1791187381,0,GET,BMC: PowerState,0.700000,0.000000,0,0,0,0,0,0,0,0,0,0,0,46,0,600,702.5927872619714,336.4688909932738,1667.7300919982372,2578.0
1791187381,0,GET,BMC: system information,1.000000,0.000000,0,0,0,0,0,0,0,0,0,0,0,30,0,580,601.0044406337935,325.445763010066,1232.8882760048145,2578.0
1791187381,0,GET,Public: /posts,0.400000,0.000000,0,0,0,0,0,0,0,0,0,0,0,21,0,350,620.6801736663606,170.55653499846812,2986.5540099999635,27520.0
1791187381,0,GET,Public: wttr.in/Novosibirsk,0.400000,0.000000,0,0,0,0,0,0,0,0,0,0,0,18,0,2000,2429.3571708872655,750.698061005096,6903.610150999157,39654.0
1791187381,0,,Aggregated,2.500000,0.000000,0,0,0,0,0,0,0,0,0,0,0,115,0,620,931.4096883132943,170.55653499846812,6903.610150999157,12935.826086956522
1791187382,0,GET,BMC: PowerState,0.700000,0.000000,0,0,0,0,0,0,0,0,0,0,0,46,0,600,702.5927872619714,336.4688909932738,1667.7300919982372,2578.0
1791187382,0,GET,BMC: system information,1.000000,0.000000,0,0,0,0,0,0,0,0,0,0,0,30,0,580,601.0044406337935,325.445763010066,1232.8882760048145,2578.0
1791187382,0,GET,Public: /posts,0.400000,0.000000,0,0,0,0,0,0,0,0,0,0,0,21,0,350,620.6801736663606,170.55653499846812,2986.5540099999635,27520.0
1791187382,0,GET,Public: wttr.in/Novosibirsk,0.400000,0.000000,0,0,0,0,0,0,0,0,0,0,0,18,0,2000,2429.3571708872655,750.698061005096,6903.610150999157,39654.0
1791187382,0,,Aggregated,2.500000,0.000000,0,0,0,0,0,0,0,0,0,0,0,115,0,620,931.4096883132943,170.55653499846812,6903.610150999157,12935.826086956522
1791187383,0,GET,BMC: PowerState,0.700000,0.000000,0,0,0,0,0,0,0,0,0,0,0,46,0,600,702.5927872619714,336.4688909932738,1667.7300919982372,2578.0
1791187383,0,GET,BMC: system information,1.000000,0.000000,0,0,0,0,0,0,0,0,0,0,0,30,0,580,601.0044406337935,325.445763010066,1232.8882760048145,2578.0
1791187383,0,GET,Public: /posts,0.400000,0.000000,0,0,0,0,0,0,0,0,0,0,0,21,0,350,620.6801736663606,170.55653499846812,2986.5540099999635,27520.0
1791187383,0,GET,Public: wttr.in/Novosibirsk,0.400000,0.000000,0,0,0,0,0,0,0,0,0,0,0,18,0,2000,2429.3571708872655,750.698061005096,6903.610150999157,39654.0
1791187383,0,,Aggregated,2.500000,0.000000,0,0,0,0,0,0,0,0,0,0,0,115,0,620,931.4096883132943,170.55653499846812,6903.610150999157,12935.826086956522
1791187384,0,GET,BMC: PowerState,0.700000,0.000000,0,0,0,0,0,0,0,0,0,0,0,46,0,600,702.5927872619714,336.4688909932738,1667.7300919982372,2578.0
1791187384,0,GET,BMC: system information,1.000000,0.000000,0,0,0,0,0,0,0,0,0,0,0,30,0,580,601.0044406337935,325.445763010066,1232.8882760048145,2578.0
1791187384,0,GET,Public: /posts,0.400000,0.000000,0,0,0,0,0,0,0,0,0,0,0,21,0,350,620.6801736663606,170.55653499846812,2986.5540099999635,27520.0
1791187384,0,GET,Public: wttr.in/Novosibirsk,0.400000,0.000000,0,0,0,0,0,0,0,0,0,0,0,18,0,2000,2429.3571708872655,750.698061005096,6903.610150999157,39654.0
1791187384,0,,Aggregated,2.500000,0.000000,0,0,0,0,0,0,0,0,0,0,0,115,0,620,931.4096883132943,170.55653499846812,6903.610150999157,12935.826086956522
1791187385,0,GET,BMC: PowerState,0.700000,0.000000,0,0,0,0,0,0,0,0,0,0,0,46,0,600,702.5927872619714,336.4688909932738,1667.7300919982372,2578.0
1791187385,0,GET,BMC: system information,1.000000,0.000000,0,0,0,0,0,0,0,0,0,0,0,30,0,580,601.0044406337935,325.445763010066,1232.8882760048145,2578.0
1791187385,0,GET,Public: /posts,0.400000,0.000000,0,0,0,0,0,0,0,0,0,0,0,21,0,350,620.6801736663606,170.55653499846812,2986.5540099999635,27520.0
1791187385,0,GET,Public: wttr.in/Novosibirsk,0.400000,0.000000,0,0,0,0,0,0,0,0,0,0,0,18,0,2000,2429.3571708872655,750.698061005096,6903.610150999157,39654.0
1791187385,0,,Aggregated,2.500000,0.000000,0,0,0,0,0,0,0,0,0,0,0,115,0,620,931.4096883132943,170.55653499846812,6903.610150999157,12935.826086956522
1791187386,0,GET,BMC: PowerState,0.700000,0.000000,0,0,0,0,0,0,0,0,0,0,0,46,0,600,702.5927872619714,336.4688909932738,1667.7300919982372,2578.0
1791187386,0,GET,BMC: system information,1.000000,0.000000,0,0,0,0,0,0,0,0,0,0,0,30,0,580,601.0044406337935,325.445763010066,1232.8882760048145,2578.0
1791187386,0,GET,Public: /posts,0.400000,0.000000,0,0,0,0,0,0,0,0,0,0,0,21,0,350,620.6801736663606,170.55653499846812,2986.5540099999635,27520.0
1791187386,0,GET,Public: wttr.in/Novosibirsk,0.400000,0.000000,0,0,0,0,0,0,0,0,0,0,0,18,0,2000,2429.3571708872655,750.698061005096,6903.610150999157,39654.0
1791187386,0,,Aggregated,2.500000,0.000000,0,0,0,0,0,0,0,0,0,0,0,115,0,620,931.4096883132943,170.55653499846812,6903.610150999157,12935.826086956522
1791187387,0,GET,BMC: PowerState,0.700000,0.000000,0,0,0,0,0,0,0,0,0,0,0,46,0,600,702.5927872619714,336.4688909932738,1667.7300919982372,2578.0
1791187387,0,GET,BMC: system information,1.000000,0.000000,0,0,0,0,0,0,0,0,0,0,0,30,0,580,601.0044406337935,325.445763010066,1232.8882760048145,2578.0
1791187387,0,GET,Public: /posts,0.400000,0.000000,0,0,0,0,0,0,0,0,0,0,0,21,0,350,620.6801736663606,170.55653499846812,2986.5540099999635,27520.0
1791187387,0,GET,Public: wttr.in/Novosibirsk,0.400000,0.000000,0,0,0,0,0,0,0,0,0,0,0,18,0,2000,2429.3571708872655,750.698061005096,6903.610150999157,39654.0
1791187387,0,,Aggregated,2.500000,0.000000,0,0,0,0,0,0,0,0,0,0,0,115,0,620,931.4096883132943,170.55653499846812,6903.610150999157,12935.826086956522
1791187388,0,GET,BMC: PowerState,0.700000,0.000000,0,0,0,0,0,0,0,0,0,0,0,46,0,600,702.5927872619714,336.4688909932738,1667.7300919982372,2578.0
1791187388,0,GET,BMC: system information,1.000000,0.000000,0,0,0,0,0,0,0,0,0,0,0,30,0,580,601.0044406337935,325.445763010066,1232.8882760048145,2578.0
1791187388,0,GET,Public: /posts,0.400000,0.000000,0,0,0,0,0,0,0,0,0,0,0,21,0,350,620.6801736663606,170.55653499846812,2986.5540099999635,27520.0
1791187388,0,GET,Public: wttr.in/Novosibirsk,0.400000,0.000000,0,0,0,0,0,0,0,0,0,0,0,18,0,2000,2429.3571708872655,750.698061005096,6903.610150999157,39654.0
1791187388,0,,Aggregated,2.500000,0.000000,0,0,0,0,0,0,0,0,0,0,0,115,0,620,931.4096883132943,170.55653499846812,6903.610150999157,12935.826086956522
1791187389,0,GET,BMC: PowerState,0.700000,0.000000,0,0,0,0,0,0,0,0,0,0,0,46,0,600,702.5927872619714,336.4688909932738,1667.7300919982372,2578.0
1791187389,0,GET,BMC: system information,1.000000,0.000000,0,0,0,0,0,0,0,0,0,0,0,30,0,580,601.0044406337935,325.445763010066,1232.8882760048145,2578.0
1791187389,0,GET,Public: /posts,0.400000,0.000000,0,0,0,0,0,0,0,0,0,0,0,21,0,350,620.6801736663606,170.55653499846812,2986.5540099999635,27520.0
1791187389,0,GET,Public: wttr.in/Novosibirsk,0.400000,0.000000,0,0,0,0,0,0,0,0,0,0,0,18,0,2000,2429.3571708872655,750.698061005096,6903.610150999157,39654.0
1791187389,0,,Aggregated,2.500000,0.000000,0,0,0,0,0,0,0,0,0,0,0,115,0,620,931.4096883132943,170.55653499846812,6903.610150999157,12935.826086956522
1791187390,0,GET,BMC: PowerState,0.700000,0.000000,0,0,0,0,0,0,0,0,0,0,0,46,0,600,702.5927872619714,336.4688909932738,1667.7300919982372,2578.0
1791187390,0,GET,BMC: system information,1.000000,0.000000,0,0,0,0,0,0,0,0,0,0,0,30,0,580,601.0044406337935,325.445763010066,1232.8882760048145,2578.0
1791187390,0,GET,Public: /posts,0.400000,0.000000,0,0,0,0,0,0,0,0,0,0,0,21,0,350,620.6801736663606,170.55653499846812,2986.5540099999635,27520.0
1791187390,0,GET,Public: wttr.in/Novosibirsk,0.400000,0.000000,0,0,0,0,0,0,0,0,0,0,0,18,0,2000,2429.3571708872655,750.698061005096,6903.610150999157,39654.0
1791187390,0,,Aggregated,2.500000,0.000000,0,0,0,0,0,0,0,0,0,0,0,115,0,620,931.4096883132943,170.55653499846812,6903.610150999157,12935.826086956522
1791187391,0,GET,BMC: PowerState,0.700000,0.000000,0,0,0,0,0,0,0,0,0,0,0,46,0,600,702.5927872619714,336.4688909932738,1667.7300919982372,2578.0
1791187391,0,GET,BMC: system information,1.000000,0.000000,0,0,0,0,0,0,0,0,0,0,0,30,0,580,601.0044406337935,325.445763010066,1232.8882760048145,2578.0
1791187391,0,GET,Public: /posts,0.400000,0.000000,0,0,0,0,0,0,0,0,0,0,0,21,0,350,620.6801736663606,170.55653499846812,2986.5540099999635,27520.0
1791187391,0,GET,Public: wttr.in/Novosibirsk,0.400000,0.000000,0,0,0,0,0,0,0,0,0,0,0,18,0,2000,2429.3571708872655,750.698061005096,6903.610150999157,39654.0
1791187391,0,,Aggregated,2.500000,0.000000,0,0,0,0,0,0,0,0,0,0,0,115,0,620,931.4096883132943,170.55653499846812,6903.610150999157,12935.826086956522
1791187392,0,GET,BMC: PowerState,0.700000,0.000000,0,0,0,0,0,0,0,0,0,0,0,46,0,600,702.5927872619714,336.4688909932738,1667.7300919982372,2578.0
1791187392,0,GET,BMC: system information,1.000000,0.000000,0,0,0,0,0,0,0,0,0,0,0,30,0,580,601.0044406337935,325.445763010066,1232.8882760048145,2578.0
1791187392,0,GET,Public: /posts,0.400000,0.000000,0,0,0,0,0,0,0,0,0,0,0,21,0,350,620.6801736663606,170.55653499846812,2986.5540099999635,27520.0
1791187392,0,GET,Public: wttr.in/Novosibirsk,0.400000,0.000000,0,0,0,0,0,0,0,0,0,0,0,18,0,2000,2429.3571708872655,750.698061005096,6903.610150999157,39654.0
1791187392,0,,Aggregated,2.500000,0.000000,0,0,0,0,0,0,0,0,0,0,0,115,0,620,931.4096883132943,170.55653499846812,6903.610150999157,12935.826086956522
1791187393,0,GET,BMC: PowerState,0.700000,0.000000,0,0,0,0,0,0,0,0,0,0,0,46,0,600,702.5927872619714,336.4688909932738,1667.7300919982372,2578.0
1791187393,0,GET,BMC: system information,1.000000,0.000000,0,0,0,0,0,0,0,0,0,0,0,30,0,580,601.0044406337935,325.445763010066,1232.8882760048145,2578.0
1791187393,0,GET,Public: /posts,0.400000,0.000000,0,0,0,0,0,0,0,0,0,0,0,21,0,350,620.6801736663606,170.55653499846812,2986.5540099999635,27520.0
1791187393,0,GET,Public: wttr.in/Novosibirsk,0.400000,0.000000,0,0,0,0,0,0,0,0,0,0,0,18,0,2000,2429.3571708872655,750.698061005096,6903.610150999157,39654.0
1791187393,0,,Aggregated,2.500000,0.000000,0,0,0,0,0,0,0,0,0,0,0,115,0,620,931.4096883132943,170.55653499846812,6903.610150999157,12935.826086956522
1791187394,0,GET,BMC: PowerState,0.700000,0.000000,0,0,0,0,0,0,0,0,0,0,0,46,0,600,702.5927872619714,336.4688909932738,1667.7300919982372,2578.0
1791187394,0,GET,BMC: system information,1.000000,0.000000,0,0,0,0,0,0,0,0,0,0,0,30,0,580,601.0044406337935,325.445763010066,1232.8882760048145,2578.0
1791187394,0,GET,Public: /posts,0.400000,0.000000,0,0,0,0,0,0,0,0,0,0,0,21,0,350,620.6801736663606,170.55653499846812,2986.5540099999635,27520.0
1791187394,0,GET,Public: wttr.in/Novosibirsk,0.400000,0.000000,0,0,0,0,0,0,0,0,0,0,0,18,0,2000,2429.3571708872655,750.698061005096,6903.610150999157,39654.0
1791187394,0,,Aggregated,2.500000,0.000000,0,0,0,0,0,0,0,0,0,0,0,115,0,620,931.4096883132943,170.55653499846812,6903.610150999157,12935.826086956522
1791187395,0,GET,BMC: PowerState,0.700000,0.000000,0,0,0,0,0,0,0,0,0,0,0,46,0,600,702.5927872619714,336.4688909932738,1667.7300919982372,2578.0
1791187395,0,GET,BMC: system information,1.000000,0.000000,0,0,0,0,0,0,0,0,0,0,0,30,0,580,601.0044406337935,325.445763010066,1232.8882760048145,2578.0
1791187395,0,GET,Public: /posts,0.400000,0.000000,0,0,0,0,0,0,0,0,0,0,0,21,0,350,620.6801736663606,170.55653499846812,2986.5540099999635,27520.0
1791187395,0,GET,Public: wttr.in/Novosibirsk,0.400000,0.000000,0,0,0,0,0,0,0,0,0,0,0,18,0,2000,2429.3571708872655,750.698061005096,6903.610150999157,39654.0
1791187395,0,,Aggregated,2.500000,0.000000,0,0,0,0,0,0,0,0,0,0,0,115,0,620,931.4096883132943,170.55653499846812,6903.610150999157,12935.826086956522
1791187396,0,GET,BMC: PowerState,0.700000,0.000000,0,0,0,0,0,0,0,0,0,0,0,46,0,600,702.5927872619714,336.4688909932738,1667.7300919982372,2578.0
1791187396,0,GET,BMC: system information,1.000000,0.000000,0,0,0,0,0,0,0,0,0,0,0,30,0,580,601.0044406337935,325.445763010066,1232.8882760048145,2578.0
1791187396,0,GET,Public: /posts,0.400000,0.000000,0,0,0,0,0,0,0,0,0,0,0,21,0,350,620.6801736663606,170.55653499846812,2986.5540099999635,27520.0
1791187396,0,GET,Public: wttr.in/Novosibirsk,0.400000,0.000000,0,0,0,0,0,0,0,0,0,0,0,18,0,2000,2429.3571708872655,750.698061005096,6903.610150999157,39654.0
1791187396,0,,Aggregated,2.500000,0.000000,0,0,0,0,0,0,0,0,0,0,0,115,0,620,931.4096883132943,170.55653499846812,6903.610150999157,12935.826086956522
1791187397,0,GET,BMC: PowerState,0.700000,0.000000,0,0,0,0,0,0,0,0,0,0,0,46,0,600,702.5927872619714,336.4688909932738,1667.7300919982372,2578.0
1791187397,0,GET,BMC: system information,1.000000,0.000000,0,0,0,0,0,0,0,0,0,0,0,30,0,580,601.0044406337935,325.445763010066,1232.8882760048145,2578.0
1791187397,0,GET,Public: /posts,0.400000,0.000000,0,0,0,0,0,0,0,0,0,0,0,21,0,350,620.6801736663606,170.55653499846812,2986.5540099999635,27520.0
1791187397,0,GET,Public: wttr.in/Novosibirsk,0.400000,0.000000,0,0,0,0,0,0,0,0,0,0,0,18,0,2000,2429.3571708872655,750.698061005096,6903.610150999157,39654.0
1791187397,0,,Aggregated,2.500000,0.000000,0,0,0,0,0,0,0,0,0,0,0,115,0,620,931.4096883132943,170.55653499846812,6903.610150999157,12935.826086956522
1791187398,0,GET,BMC: PowerState,0.700000,0.000000,0,0,0,0,0,0,0,0,0,0,0,46,0,600,702.5927872619714,336.4688909932738,1667.7300919982372,2578.0
1791187398,0,GET,BMC: system information,1.000000,0.000000,0,0,0,0,0,0,0,0,0,0,0,30,0,580,601.0044406337935,325.445763010066,1232.8882760048145,2578.0
1791187398,0,GET,Public: /posts,0.400000,0.000000,0,0,0,0,0,0,0,0,0,0,0,21,0,350,620.6801736663606,170.55653499846812,2986.5540099999635,27520.0
1791187398,0,GET,Public: wttr.in/Novosibirsk,0.400000,0.000000,0,0,0,0,0,0,0,0,0,0,0,18,0,2000,2429.3571708872655,750.698061005096,6903.610150999157,39654.0
1791187398,0,,Aggregated,2.500000,0.000000,0,0,0,0,0,0,0,0,0,0,0,115,0,620,931.4096883132943,170.55653499846812,6903.610150999157,12935.826086956522
1791187399,0,GET,BMC: PowerState,0.700000,0.000000,0,0,0,0,0,0,0,0,0,0,0,46,0,600,702.5927872619714,336.4688909932738,1667.7300919982372,2578.0
1791187399,0,GET,BMC: system information,1.000000,0.000000,0,0,0,0,0,0,0,0,0,0,0,30,0,580,601.0044406337935,325.445763010066,1232.8882760048145,2578.0
1791187399,0,GET,Public: /posts,0.400000,0.000000,0,0,0,0,0,0,0,0,0,0,0,21,0,350,620.6801736663606,170.55653499846812,2986.5540099999635,27520.0
1791187399,0,GET,Public: wttr.in/Novosibirsk,0.400000,0.000000,0,0,0,0,0,0,0,0,0,0,0,18,0,2000,2429.3571708872655,750.698061005096,6903.610150999157,39654.0
1791187399,0,,Aggregated,2.500000,0.000000,0,0,0,0,0,0,0,0,0,0,0,115,0,620,931.4096883132943,170.55653499846812,6903.610150999157,12935.826086956522
1791187400,0,GET,BMC: PowerState,0.700000,0.000000,0,0,0,0,0,0,0,0,0,0,0,46,0,600,702.5927872619714,336.4688909932738,1667.7300919982372,2578.0
1791187400,0,GET,BMC: system information,1.000000,0.000000,0,0,0,0,0,0,0,0,0,0,0,30,0,580,601.0044406337935,325.445763010066,1232.8882760048145,2578.0
1791187400,0,GET,Public: /posts,0.400000,0.000000,0,0,0,0,0,0,0,0,0,0,0,21,0,350,620.6801736663606,170.55653499846812,2986.5540099999635,27520.0
1791187400,0,GET,Public: wttr.in/Novosibirsk,0.400000,0.000000,0,0,0,0,0,0,0,0,0,0,0,18,0,2000,2429.3571708872655,750.698061005096,6903.610150999157,39654.0
1791187400,0,,Aggregated,2.500000,0.000000,0,0,0,0,0,0,0,0,0,0,0,115,0,620,931.4096883132943,170.55653499846812,6903.610150999157,12935.826086956522
1791187401,0,GET,BMC: PowerState,0.700000,0.000000,0,0,0,0,0,0,0,0,0,0,0,46,0,600,702.5927872619714,336.4688909932738,1667.7300919982372,2578.0
1791187401,0,GET,BMC: system information,1.000000,0.000000,0,0,0,0,0,0,0,0,0,0,0,30,0,580,601.0044406337935,325.445763010066,1232.8882760048145,2578.0
1791187401,0,GET,Public: /posts,0.400000,0.000000,0,0,0,0,0,0,0,0,0,0,0,21,0,350,620.6801736663606,170.55653499846812,2986.5540099999635,27520.0
1791187401,0,GET,Public: wttr.in/Novosibirsk,0.400000,0.000000,0,0,0,0,0,0,0,0,0,0,0,18,0,2000,2429.3571708872655,750.698061005096,6903.610150999157,39654.0
1791187401,0,,Aggregated,2.500000,0.000000,0,0,0,0,0,0,0,0,0,0,0,115,0,620,931.4096883132943,170.55653499846812,6903.610150999157,12935.826086956522
1791187402,0,GET,BMC: PowerState,0.700000,0.000000,0,0,0,0,0,0,0,0,0,0,0,46,0,600,702.5927872619714,336.4688909932738,1667.7300919982372,2578.0
1791187402,0,GET,BMC: system information,1.000000,0.000000,0,0,0,0,0,0,0,0,0,0,0,30,0,580,601.0044406337935,325.445763010066,1232.8882760048145,2578.0
1791187402,0,GET,Public: /posts,0.400000,0.000000,0,0,0,0,0,0,0,0,0,0,0,21,0,350,620.6801736663606,170.55653499846812,2986.5540099999635,27520.0
1791187402,0,GET,Public: wttr.in/Novosibirsk,0.400000,0.000000,0,0,0,0,0,0,0,0,0,0,0,18,0,2000,2429.3571708872655,750.698061005096,6903.610150999157,39654.0
1791187402,0,,Aggregated,2.500000,0.000000,0,0,0,0,0,0,0,0,0,0,0,115,0,620,931.4096883132943,170.55653499846812,6903.610150999157,12935.826086956522
1791187403,0,GET,BMC: PowerState,0.700000,0.000000,0,0,0,0,0,0,0,0,0,0,0,46,0,600,702.5927872619714,336.4688909932738,1667.7300919982372,2578.0
1791187403,0,GET,BMC: system information,1.000000,0.000000,0,0,0,0,0,0,0,0,0,0,0,30,0,580,601.0044406337935,325.445763010066,1232.8882760048145,2578.0
1791187403,0,GET,Public: /posts,0.400000,0.000000,0,0,0,0,0,0,0,0,0,0,0,21,0,350,620.6801736663606,170.55653499846812,2986.5540099999635,27520.0
1791187403,0,GET,Public: wttr.in/Novosibirsk,0.400000,0.000000,0,0,0,0,0,0,0,0,0,0,0,18,0,2000,2429.3571708872655,750.698061005096,6903.610150999157,39654.0
1791187403,0,,Aggregated,2.500000,0.000000,0,0,0,0,0,0,0,0,0,0,0,115,0,620,931.4096883132943,170.55653499846812,6903.610150999157,12935.826086956522
1791187404,0,GET,BMC: PowerState,0.700000,0.000000,0,0,0,0,0,0,0,0,0,0,0,46,0,600,702.5927872619714,336.4688909932738,1667.7300919982372,2578.0
1791187404,0,GET,BMC: system information,1.000000,0.000000,0,0,0,0,0,0,0,0,0,0,0,30,0,580,601.0044406337935,325.445763010066,1232.8882760048145,2578.0
1791187404,0,GET,Public: /posts,0.400000,0.000000,0,0,0,0,0,0,0,0,0,0,0,21,0,350,620.6801736663606,170.55653499846812,2986.5540099999635,27520.0
1791187404,0,GET,Public: wttr.in/Novosibirsk,0.400000,0.000000,0,0,0,0,0,0,0,0,0,0,0,18,0,2000,2429.3571708872655,750.698061005096,6903.610150999157,39654.0
1791187404,0,,Aggregated,2.500000,0.000000,0,0,0,0,0,0,0,0,0,0,0,115,0,620,931.4096883132943,170.55653499846812,6903.610150999157,12935.826086956522
1791187405,0,GET,BMC: PowerState,0.700000,0.000000,0,0,0,0,0,0,0,0,0,0,0,46,0,600,702.5927872619714,336.4688909932738,1667.7300919982372,2578.0
1791187405,0,GET,BMC: system information,1.000000,0.000000,0,0,0,0,0,0,0,0,0,0,0,30,0,580,601.0044406337935,325.445763010066,1232.8882760048145,2578.0
1791187405,0,GET,Public: /posts,0.400000,0.000000,0,0,0,0,0,0,0,0,0,0,0,21,0,350,620.6801736663606,170.55653499846812,2986.5540099999635,27520.0
1791187405,0,GET,Public: wttr.in/Novosibirsk,0.400000,0.000000,0,0,0,0,0,0,0,0,0,0,0,18,0,2000,2429.3571708872655,750.698061005096,6903.610150999157,39654.0
1791187405,0,,Aggregated,2.500000,0.000000,0,0,0,0,0,0,0,0,0,0,0,115,0,620,931.4096883132943,170.55653499846812,6903.610150999157,12935.826086956522
1791187406,0,GET,BMC: PowerState,0.700000,0.000000,0,0,0,0,0,0,0,0,0,0,0,46,0,600,702.5927872619714,336.4688909932738,1667.7300919982372,2578.0
1791187406,0,GET,BMC: system information,1.000000,0.000000,0,0,0,0,0,0,0,0,0,0,0,30,0,580,601.0044406337935,325.445763010066,1232.8882760048145,2578.0
1791187406,0,GET,Public: /posts,0.400000,0.000000,0,0,0,0,0,0,0,0,0,0,0,21,0,350,620.6801736663606,170.55653499846812,2986.5540099999635,27520.0
1791187406,0,GET,Public: wttr.in/Novosibirsk,0.400000,0.000000,0,0,0,0,0,0,0,0,0,0,0,18,0,2000,2429.3571708872655,750.698061005096,6903.610150999157,39654.0
1791187406,0,,Aggregated,2.500000,0.000000,0,0,0,0,0,0,0,0,0,0,0,115,0,620,931.4096883132943,170.55653499846812,6903.610150999157,12935.826086956522
1791187407,0,GET,BMC: PowerState,0.700000,0.000000,0,0,0,0,0,0,0,0,0,0,0,46,0,600,702.5927872619714,336.4688909932738,1667.7300919982372,2578.0
1791187407,0,GET,BMC: system information,1.000000,0.000000,0,0,0,0,0,0,0,0,0,0,0,30,0,580,601.0044406337935,325.445763010066,1232.8882760048145,2578.0
1791187407,0,GET,Public: /posts,0.400000,0.000000,0,0,0,0,0,0,0,0,0,0,0,21,0,350,620.6801736663606,170.55653499846812,2986.5540099999635,27520.0
1791187407,0,GET,Public: wttr.in/Novosibirsk,0.400000,0.000000,0,0,0,0,0,0,0,0,0,0,0,18,0,2000,2429.3571708872655,750.698061005096,6903.610150999157,39654.0
1791187407,0,,Aggregated,2.500000,0.000000,0,0,0,0,0,0,0,0,0,0,0,115,0,620,931.4096883132943,170.55653499846812,6903.610150999157,12935.826086956522
1791187408,0,GET,BMC: PowerState,0.700000,0.000000,0,0,0,0,0,0,0,0,0,0,0,46,0,600,702.5927872619714,336.4688909932738,1667.7300919982372,2578.0
1791187408,0,GET,BMC: system information,1.000000,0.000000,0,0,0,0,0,0,0,0,0,0,0,30,0,580,601.0044406337935,325.445763010066,1232.8882760048145,2578.0
1791187408,0,GET,Public: /posts,0.400000,0.000000,0,0,0,0,0,0,0,0,0,0,0,21,0,350,620.6801736663606,170.55653499846812,2986.5540099999635,27520.0
1791187408,0,GET,Public: wttr.in/Novosibirsk,0.400000,0.000000,0,0,0,0,0,0,0,0,0,0,0,18,0,2000,2429.3571708872655,750.698061005096,6903.610150999157,39654.0
1791187408,0,,Aggregated,2.500000,0.000000,0,0,0,0,0,0,0,0,0,0,0,115,0,620,931.4096883132943,170.55653499846812,6903.610150999157,12935.826086956522
1791187409,0,GET,BMC: PowerState,0.700000,0.000000,0,0,0,0,0,0,0,0,0,0,0,46,0,600,702.5927872619714,336.4688909932738,1667.7300919982372,2578.0
1791187409,0,GET,BMC: system information,1.000000,0.000000,0,0,0,0,0,0,0,0,0,0,0,30,0,580,601.0044406337935,325.445763010066,1232.8882760048145,2578.0
1791187409,0,GET,Public: /posts,0.400000,0.000000,0,0,0,0,0,0,0,0,0,0,0,21,0,350,620.6801736663606,170.55653499846812,2986.5540099999635,27520.0
1791187409,0,GET,Public: wttr.in/Novosibirsk,0.400000,0.000000,0,0,0,0,0,0,0,0,0,0,0,18,0,2000,2429.3571708872655,750.698061005096,6903.610150999157,39654.0
1791187409,0,,Aggregated,2.500000,0.000000,0,0,0,0,0,0,0,0,0,0,0,115,0,620,931.4096883132943,170.55653499846812,6903.610150999157,12935.826086956522
1791187410,0,GET,BMC: PowerState,0.700000,0.000000,0,0,0,0,0,0,0,0,0,0,0,46,0,600,702.5927872619714,336.4688909932738,1667.7300919982372,2578.0
1791187410,0,GET,BMC: system information,1.000000,0.000000,0,0,0,0,0,0,0,0,0,0,0,30,0,580,601.0044406337935,325.445763010066,1232.8882760048145,2578.0
1791187410,0,GET,Public: /posts,0.400000,0.000000,0,0,0,0,0,0,0,0,0,0,0,21,0,350,620.6801736663606,170.55653499846812,2986.5540099999635,27520.0
1791187410,0,GET,Public: wttr.in/Novosibirsk,0.400000,0.000000,0,0,0,0,0,0,0,0,0,0,0,18,0,2000,2429.3571708872655,750.698061005096,6903.610150999157,39654.0
1791187410,0,,Aggregated,2.500000,0.000000,0,0,0,0,0,0,0,0,0,0,0,115,0,620,931.4096883132943,170.55653499846812,6903.610150999157,12935.826086956522
1791187411,0,GET,BMC: PowerState,0.700000,0.000000,0,0,0,0,0,0,0,0,0,0,0,46,0,600,702.5927872619714,336.4688909932738,1667.7300919982372,2578.0
1791187411,0,GET,BMC: system information,1.000000,0.000000,0,0,0,0,0,0,0,0,0,0,0,30,0,580,601.0044406337935,325.445763010066,1232.8882760048145,2578.0
1791187411,0,GET,Public: /posts,0.400000,0.000000,0,0,0,0,0,0,0,0,0,0,0,21,0,350,620.6801736663606,170.55653499846812,2986.5540099999635,27520.0
1791187411,0,GET,Public: wttr.in/Novosibirsk,0.400000,0.000000,0,0,0,0,0,0,0,0,0,0,0,18,0,2000,2429.3571708872655,750.698061005096,6903.610150999157,39654.0
1791187411,0,,Aggregated,2.500000,0.000000,0,0,0,0,0,0,0,0,0,0,0,115,0,620,931.4096883132943,170.55653499846812,6903.610150999157,12935.826086956522
1791187412,0,GET,BMC: PowerState,0.700000,0.000000,0,0,0,0,0,0,0,0,0,0,0,46,0,600,702.5927872619714,336.4688909932738,1667.7300919982372,2578.0
1791187412,0,GET,BMC: system information,1.000000,0.000000,0,0,0,0,0,0,0,0,0,0,0,30,0,580,601.0044406337935,325.445763010066,1232.8882760048145,2578.0
1791187412,0,GET,Public: /posts,0.400000,0.000000,0,0,0,0,0,0,0,0,0,0,0,21,0,350,620.6801736663606,170.55653499846812,2986.5540099999635,27520.0
1791187412,0,GET,Public: wttr.in/Novosibirsk,0.400000,0.000000,0,0,0,0,0,0,0,0,0,0,0,18,0,2000,2429.3571708872655,750.698061005096,6903.610150999157,39654.0
1791187412,0,,Aggregated,2.500000,0.000000,0,0,0,0,0,0,0,0,0,0,0,115,0,620,931.4096883132943,170.55653499846812,6903.610150999157,12935.826086956522
1791187413,0,GET,BMC: PowerState,0.700000,0.000000,0,0,0,0,0,0,0,0,0,0,0,46,0,600,702.5927872619714,336.4688909932738,1667.7300919982372,2578.0
1791187413,0,GET,BMC: system information,1.000000,0.000000,0,0,0,0,0,0,0,0,0,0,0,30,0,580,601.0044406337935,325.445763010066,1232.8882760048145,2578.0
1791187413,0,GET,Public: /posts,0.400000,0.000000,0,0,0,0,0,0,0,0,0,0,0,21,0,350,620.6801736663606,170.55653499846812,2986.5540099999635,27520.0
1791187413,0,GET,Public: wttr.in/Novosibirsk,0.400000,0.000000,0,0,0,0,0,0,0,0,0,0,0,18,0,2000,2429.3571708872655,750.698061005096,6903.610150999157,39654.0
1791187413,0,,Aggregated,2.500000,0.000000,0,0,0,0,0,0,0,0,0,0,0,115,0,620,931.4096883132943,170.55653499846812,6903.610150999157,12935.826086956522
1791187414,0,GET,BMC: PowerState,0.700000,0.000000,0,0,0,0,0,0,0,0,0,0,0,46,0,600,702.5927872619714,336.4688909932738,1667.7300919982372,2578.0
1791187414,0,GET,BMC: system information,1.000000,0.000000,0,0,0,0,0,0,0,0,0,0,0,30,0,580,601.0044406337935,325.445763010066,1232.8882760048145,2578.0
1791187414,0,GET,Public: /posts,0.400000,0.000000,0,0,0,0,0,0,0,0,0,0,0,21,0,350,620.6801736663606,170.55653499846812,2986.5540099999635,27520.0
1791187414,0,GET,Public: wttr.in/Novosibirsk,0.400000,0.000000,0,0,0,0,0,0,0,0,0,0,0,18,0,2000,2429.3571708872655,750.698061005096,6903.610150999157,39654.0
1791187414,0,,Aggregated,2.500000,0.000000,0,0,0,0,0,0,0,0,0,0,0,115,0,620,931.4096883132943,170.55653499846812,6903.610150999157,12935.826086956522
1791187415,0,GET,BMC: PowerState,0.700000,0.000000,0,0,0,0,0,0,0,0,0,0,0,46,0,600,702.5927872619714,336.4688909932738,1667.7300919982372,2578.0
1791187415,0,GET,BMC: system information,1.000000,0.000000,0,0,0,0,0,0,0,0,0,0,0,30,0,580,601.0044406337935,325.445763010066,1232.8882760048145,2578.0
1791187415,0,GET,Public: /posts,0.400000,0.000000,0,0,0,0,0,0,0,0,0,0,0,21,0,350,620.6801736663606,170.55653499846812,2986.5540099999635,27520.0
1791187415,0,GET,Public: wttr.in/Novosibirsk,0.400000,0.000000,0,0,0,0,0,0,0,0,0,0,0,18,0,2000,2429.3571708872655,750.698061005096,6903.610150999157,39654.0
1791187415,0,,Aggregated,2.500000,0.000000,0,0,0,0,0,0,0,0,0,0,0,115,0,620,931.4096883132943,170.55653499846812,6903.610150999157,12935.826086956522
1791187416,0,GET,BMC: PowerState,0.700000,0.000000,0,0,0,0,0,0,0,0,0,0,0,46,0,600,702.5927872619714,336.4688909932738,1667.7300919982372,2578.0
1791187416,0,GET,BMC: system information,1.000000,0.000000,0,0,0,0,0,0,0,0,0,0,0,30,0,580,601.0044406337935,325.445763010066,1232.8882760048145,2578.0
1791187416,0,GET,Public: /posts,0.400000,0.000000,0,0,0,0,0,0,0,0,0,0,0,21,0,350,620.6801736663606,170.55653499846812,2986.5540099999635,27520.0
1791187416,0,GET,Public: wttr.in/Novosibirsk,0.400000,0.000000,0,0,0,0,0,0,0,0,0,0,0,18,0,2000,2429.3571708872655,750.698061005096,6903.610150999157,39654.0
1791187416,0,,Aggregated,2.500000,0.000000,0,0,0,0,0,0,0,0,0,0,0,115,0,620,931.4096883132943,170.55653499846812,6903.610150999157,12935.826086956522
1791187417,0,GET,BMC: PowerState,0.700000,0.000000,0,0,0,0,0,0,0,0,0,0,0,46,0,600,702.5927872619714,336.4688909932738,1667.7300919982372,2578.0
1791187417,0,GET,BMC: system information,1.000000,0.000000,0,0,0,0,0,0,0,0,0,0,0,30,0,580,601.0044406337935,325.445763010066,1232.8882760048145,2578.0
1791187417,0,GET,Public: /posts,0.400000,0.000000,0,0,0,0,0,0,0,0,0,0,0,21,0,350,620.6801736663606,170.55653499846812,2986.5540099999635,27520.0
1791187417,0,GET,Public: wttr.in/Novosibirsk,0.400000,0.000000,0,0,0,0,0,0,0,0,0,0,0,18,0,2000,2429.3571708872655,750.698061005096,6903.610150999157,39654.0
1791187417,0,,Aggregated,2.500000,0.000000,0,0,0,0,0,0,0,0,0,0,0,115,0,620,931.4096883132943,170.55653499846812,6903.610150999157,12935.826086956522
1791187418,0,GET,BMC: PowerState,0.700000,0.000000,0,0,0,0,0,0,0,0,0,0,0,46,0,600,702.5927872619714,336.4688909932738,1667.7300919982372,2578.0
1791187418,0,GET,BMC: system information,1.000000,0.000000,0,0,0,0,0,0,0,0,0,0,0,30,0,580,601.0044406337935,325.445763010066,1232.8882760048145,2578.0
1791187418,0,GET,Public: /posts,0.400000,0.000000,0,0,0,0,0,0,0,0,0,0,0,21,0,350,620.6801736663606,170.55653499846812,2986.5540099999635,27520.0
1791187418,0,GET,Public: wttr.in/Novosibirsk,0.400000,0.000000,0,0,0,0,0,0,0,0,0,0,0,18,0,2000,2429.3571708872655,750.698061005096,6903.610150999157,39654.0
1791187418,0,,Aggregated,2.500000,0.000000,0,0,0,0,0,0,0,0,0,0,0,115,0,620,931.4096883132943,170.55653499846812,6903.610150999157,12935.826086956522
1791187419,0,GET,BMC: PowerState,0.700000,0.000000,0,0,0,0,0,0,0,0,0,0,0,46,0,600,702.5927872619714,336.4688909932738,1667.7300919982372,2578.0
1791187419,0,GET,BMC: system information,1.000000,0.000000,0,0,0,0,0,0,0,0,0,0,0,30,0,580,601.0044406337935,325.445763010066,1232.8882760048145,2578.0
1791187419,0,GET,Public: /posts,0.400000,0.000000,0,0,0,0,0,0,0,0,0,0,0,21,0,350,620.6801736663606,170.55653499846812,2986.5540099999635,27520.0
1791187419,0,GET,Public: wttr.in/Novosibirsk,0.400000,0.000000,0,0,0,0,0,0,0,0,0,0,0,18,0,2000,2429.3571708872655,750.698061005096,6903.610150999157,39654.0
1791187419,0,,Aggregated,2.500000,0.000000,0,0,0,0,0,0,0,0,0,0,0,115,0,620,931.4096883132943,170.55653499846812,6903.610150999157,12935.826086956522
1791187420,0,GET,BMC: PowerState,0.700000,0.000000,0,0,0,0,0,0,0,0,0,0,0,46,0,600,702.5927872619714,336.4688909932738,1667.7300919982372,2578.0
1791187420,0,GET,BMC: system information,1.000000,0.000000,0,0,0,0,0,0,0,0,0,0,0,30,0,580,601.0044406337935,325.445763010066,1232.8882760048145,2578.0
1791187420,0,GET,Public: /posts,0.400000,0.000000,0,0,0,0,0,0,0,0,0,0,0,21,0,350,620.6801736663606,170.55653499846812,2986.5540099999635,27520.0
1791187420,0,GET,Public: wttr.in/Novosibirsk,0.400000,0.000000,0,0,0,0,0,0,0,0,0,0,0,18,0,2000,2429.3571708872655,750.698061005096,6903.610150999157,39654.0
1791187420,0,,Aggregated,2.500000,0.000000,0,0,0,0,0,0,0,0,0,0,0,115,0,620,931.4096883132943,170.55653499846812,6903.610150999157,12935.826086956522
1791187421,0,GET,BMC: PowerState,0.700000,0.000000,0,0,0,0,0,0,0,0,0,0,0,46,0,600,702.5927872619714,336.4688909932738,1667.7300919982372,2578.0
1791187421,0,GET,BMC: system information,1.000000,0.000000,0,0,0,0,0,0,0,0,0,0,0,30,0,580,601.0044406337935,325.445763010066,1232.8882760048145,2578.0
1791187421,0,GET,Public: /posts,0.400000,0.000000,0,0,0,0,0,0,0,0,0,0,0,21,0,350,620.6801736663606,170.55653499846812,2986.5540099999635,27520.0
1791187421,0,GET,Public: wttr.in/Novosibirsk,0.400000,0.000000,0,0,0,0,0,0,0,0,0,0,0,18,0,2000,2429.3571708872655,750.698061005096,6903.610150999157,39654.0
1791187421,0,,Aggregated,2.500000,0.000000,0,0,0,0,0,0,0,0,0,0,0,115,0,620,931.4096883132943,170.55653499846812,6903.610150999157,12935.826086956522
1791187422,0,GET,BMC: PowerState,0.700000,0.000000,0,0,0,0,0,0,0,0,0,0,0,46,0,600,702.5927872619714,336.4688909932738,1667.7300919982372,2578.0
1791187422,0,GET,BMC: system information,1.000000,0.000000,0,0,0,0,0,0,0,0,0,0,0,30,0,580,601.0044406337935,325.445763010066,1232.8882760048145,2578.0
1791187422,0,GET,Public: /posts,0.400000,0.000000,0,0,0,0,0,0,0,0,0,0,0,21,0,350,620.6801736663606,170.55653499846812,2986.5540099999635,27520.0
1791187422,0,GET,Public: wttr.in/Novosibirsk,0.400000,0.000000,0,0,0,0,0,0,0,0,0,0,0,18,0,2000,2429.3571708872655,750.698061005096,6903.610150999157,39654.0
1791187422,0,,Aggregated,2.500000,0.000000,0,0,0,0,0,0,0,0,0,0,0,115,0,620,931.4096883132943,170.55653499846812,6903.610150999157,12935.826086956522
1791187423,0,GET,BMC: PowerState,0.700000,0.000000,0,0,0,0,0,0,0,0,0,0,0,46,0,600,702.5927872619714,336.4688909932738,1667.7300919982372,2578.0
1791187423,0,GET,BMC: system information,1.000000,0.000000,0,0,0,0,0,0,0,0,0,0,0,30,0,580,601.0044406337935,325.445763010066,1232.8882760048145,2578.0
1791187423,0,GET,Public: /posts,0.400000,0.000000,0,0,0,0,0,0,0,0,0,0,0,21,0,350,620.6801736663606,170.55653499846812,2986.5540099999635,27520.0
1791187423,0,GET,Public: wttr.in/Novosibirsk,0.400000,0.000000,0,0,0,0,0,0,0,0,0,0,0,18,0,2000,2429.3571708872655,750.698061005096,6903.610150999157,39654.0
1791187423,0,,Aggregated,2.500000,0.000000,0,0,0,0,0,0,0,0,0,0,0,115,0,620,931.4096883132943,170.55653499846812,6903.610150999157,12935.826086956522
1791187424,0,GET,BMC: PowerState,0.700000,0.000000,0,0,0,0,0,0,0,0,0,0,0,46,0,600,702.5927872619714,336.4688909932738,1667.7300919982372,2578.0
1791187424,0,GET,BMC: system information,1.000000,0.000000,0,0,0,0,0,0,0,0,0,0,0,30,0,580,601.0044406337935,325.445763010066,1232.8882760048145,2578.0
1791187424,0,GET,Public: /posts,0.400000,0.000000,0,0,0,0,0,0,0,0,0,0,0,21,0,350,620.6801736663606,170.55653499846812,2986.5540099999635,27520.0
1791187424,0,GET,Public: wttr.in/Novosibirsk,0.400000,0.000000,0,0,0,0,0,0,0,0,0,0,0,18,0,2000,2429.3571708872655,750.698061005096,6903.610150999157,39654.0
1791187424,0,,Aggregated,2.500000,0.000000,0,0,0,0,0,0,0,0,0,0,0,115,0,620,931.4096883132943,170.55653499846812,6903.610150999157,12935.826086956522
1791187425,0,GET,BMC: PowerState,0.700000,0.000000,0,0,0,0,0,0,0,0,0,0,0,46,0,600,702.5927872619714,336.4688909932738,1667.7300919982372,2578.0
1791187425,0,GET,BMC: system information,1.000000,0.000000,0,0,0,0,0,0,0,0,0,0,0,30,0,580,601.0044406337935,325.445763010066,1232.8882760048145,2578.0
1791187425,0,GET,Public: /posts,0.400000,0.000000,0,0,0,0,0,0,0,0,0,0,0,21,0,350,620.6801736663606,170.55653499846812,2986.5540099999635,27520.0
1791187425,0,GET,Public: wttr.in/Novosibirsk,0.400000,0.000000,0,0,0,0,0,0,0,0,0,0,0,18,0,2000,2429.3571708872655,750.698061005096,6903.610150999157,39654.0
1791187425,0,,Aggregated,2.500000,0.000000,0,0,0,0,0,0,0,0,0,0,0,115,0,620,931.4096883132943,170.55653499846812,6903.610150999157,12935.826086956522
1791187426,0,GET,BMC: PowerState,0.700000,0.000000,0,0,0,0,0,0,0,0,0,0,0,46,0,600,702.5927872619714,336.4688909932738,1667.7300919982372,2578.0
1791187426,0,GET,BMC: system information,1.000000,0.000000,0,0,0,0,0,0,0,0,0,0,0,30,0,580,601.0044406337935,325.445763010066,1232.8882760048145,2578.0
1791187426,0,GET,Public: /posts,0.400000,0.000000,0,0,0,0,0,0,0,0,0,0,0,21,0,350,620.6801736663606,170.55653499846812,2986.5540099999635,27520.0
1791187426,0,GET,Public: wttr.in/Novosibirsk,0.400000,0.000000,0,0,0,0,0,0,0,0,0,0,0,18,0,2000,2429.3571708872655,750.698061005096,6903.610150999157,39654.0
1791187426,0,,Aggregated,2.500000,0.000000,0,0,0,0,0,0,0,0,0,0,0,115,0,620,931.4096883132943,170.55653499846812,6903.610150999157,12935.826086956522
1791187427,0,GET,BMC: PowerState,0.700000,0.000000,0,0,0,0,0,0,0,0,0,0,0,46,0,600,702.5927872619714,336.4688909932738,1667.7300919982372,2578.0
1791187427,0,GET,BMC: system information,1.000000,0.000000,0,0,0,0,0,0,0,0,0,0,0,30,0,580,601.0044406337935,325.445763010066,1232.8882760048145,2578.0
1791187427,0,GET,Public: /posts,0.400000,0.000000,0,0,0,0,0,0,0,0,0,0,0,21,0,350,620.6801736663606,170.55653499846812,2986.5540099999635,27520.0
1791187427,0,GET,Public: wttr.in/Novosibirsk,0.400000,0.000000,0,0,0,0,0,0,0,0,0,0,0,18,0,2000,2429.3571708872655,750.698061005096,6903.610150999157,39654.0
1791187427,0,,Aggregated,2.500000,0.000000,0,0,0,0,0,0,0,0,0,0,0,115,0,620,931.4096883132943,170.55653499846812,6903.610150999157,12935.826086956522
1791187428,0,GET,BMC: PowerState,0.700000,0.000000,0,0,0,0,0,0,0,0,0,0,0,46,0,600,702.5927872619714,336.4688909932738,1667.7300919982372,2578.0
1791187428,0,GET,BMC: system information,1.000000,0.000000,0,0,0,0,0,0,0,0,0,0,0,30,0,580,601.0044406337935,325.445763010066,1232.8882760048145,2578.0
1791187428,0,GET,Public: /posts,0.400000,0.000000,0,0,0,0,0,0,0,0,0,0,0,21,0,350,620.6801736663606,170.55653499846812,2986.5540099999635,27520.0
1791187428,0,GET,Public: wttr.in/Novosibirsk,0.400000,0.000000,0,0,0,0,0,0,0,0,0,0,0,18,0,2000,2429.3571708872655,750.698061005096,6903.610150999157,39654.0
1791187428,0,,Aggregated,2.500000,0.000000,0,0,0,0,0,0,0,0,0,0,0,115,0,620,931.4096883132943,170.55653499846812,6903.610150999157,12935.826086956522
1791187429,0,GET,BMC: PowerState,0.700000,0.000000,0,0,0,0,0,0,0,0,0,0,0,46,0,600,702.5927872619714,336.4688909932738,1667.7300919982372,2578.0
1791187429,0,GET,BMC: system information,1.000000,0.000000,0,0,0,0,0,0,0,0,0,0,0,30,0,580,601.0044406337935,325.445763010066,1232.8882760048145,2578.0
1791187429,0,GET,Public: /posts,0.400000,0.000000,0,0,0,0,0,0,0,0,0,0,0,21,0,350,620.6801736663606,170.55653499846812,2986.5540099999635,27520.0
1791187429,0,GET,Public: wttr.in/Novosibirsk,0.400000,0.000000,0,0,0,0,0,0,0,0,0,0,0,18,0,2000,2429.3571708872655,750.698061005096,6903.610150999157,39654.0
1791187429,0,,Aggregated,2.500000,0.000000,0,0,0,0,0,0,0,0,0,0,0,115,0,620,931.4096883132943,170.55653499846812,6903.610150999157,12935.826086956522
1791187430,0,GET,BMC: PowerState,0.700000,0.000000,0,0,0,0,0,0,0,0,0,0,0,46,0,600,702.5927872619714,336.4688909932738,1667.7300919982372,2578.0
1791187430,0,GET,BMC: system information,1.000000,0.000000,0,0,0,0,0,0,0,0,0,0,0,30,0,580,601.0044406337935,325.445763010066,1232.8882760048145,2578.0
1791187430,0,GET,Public: /posts,0.400000,0.000000,0,0,0,0,0,0,0,0,0,0,0,21,0,350,620.6801736663606,170.55653499846812,2986.5540099999635,27520.0
1791187430,0,GET,Public: wttr.in/Novosibirsk,0.400000,0.000000,0,0,0,0,0,0,0,0,0,0,0,18,0,2000,2429.3571708872655,750.698061005096,6903.610150999157,39654.0
1791187430,0,,Aggregated,2.500000,0.000000,0,0,0,0,0,0,0,0,0,0,0,115,0,620,931.4096883132943,170.55653499846812,6903.610150999157,12935.826086956522
1791187431,0,GET,BMC: PowerState,0.700000,0.000000,0,0,0,0,0,0,0,0,0,0,0,46,0,600,702.5927872619714,336.4688909932738,1667.7300919982372,2578.0
1791187431,0,GET,BMC: system information,1.000000,0.000000,0,0,0,0,0,0,0,0,0,0,0,30,0,580,601.0044406337935,325.445763010066,1232.8882760048145,2578.0
1791187431,0,GET,Public: /posts,0.400000,0.000000,0,0,0,0,0,0,0,0,0,0,0,21,0,350,620.6801736663606,170.55653499846812,2986.5540099999635,27520.0
1791187431,0,GET,Public: wttr.in/Novosibirsk,0.400000,0.000000,0,0,0,0,0,0,0,0,0,0,0,18,0,2000,2429.3571708872655,750.698061005096,6903.610150999157,39654.0
1791187431,0,,Aggregated,2.500000,0.000000,0,0,0,0,0,0,0,0,0,0,0,115,0,620,931.4096883132943,170.55653499846812,6903.610150999157,12935.826086956522
1791187432,0,GET,BMC: PowerState,0.700000,0.000000,0,0,0,0,0,0,0,0,0,0,0,46,0,600,702.5927872619714,336.4688909932738,1667.7300919982372,2578.0
1791187432,0,GET,BMC: system information,1.000000,0.000000,0,0,0,0,0,0,0,0,0,0,0,30,0,580,601.0044406337935,325.445763010066,1232.8882760048145,2578.0
1791187432,0,GET,Public: /posts,0.400000,0.000000,0,0,0,0,0,0,0,0,0,0,0,21,0,350,620.6801736663606,170.55653499846812,2986.5540099999635,27520.0
1791187432,0,GET,Public: wttr.in/Novosibirsk,0.400000,0.000000,0,0,0,0,0,0,0,0,0,0,0,18,0,2000,2429.3571708872655,750.698061005096,6903.610150999157,39654.0
1791187432,0,,Aggregated,2.500000,0.000000,0,0,0,0,0,0,0,0,0,0,0,115,0,620,931.4096883132943,170.55653499846812,6903.610150999157,12935.826086956522
1791187433,0,GET,BMC: PowerState,0.700000,0.000000,0,0,0,0,0,0,0,0,0,0,0,46,0,600,702.5927872619714,336.4688909932738,1667.7300919982372,2578.0
1791187433,0,GET,BMC: system information,1.000000,0.000000,0,0,0,0,0,0,0,0,0,0,0,30,0,580,601.0044406337935,325.445763010066,1232.8882760048145,2578.0
1791187433,0,GET,Public: /posts,0.400000,0.000000,0,0,0,0,0,0,0,0,0,0,0,21,0,350,620.6801736663606,170.55653499846812,2986.5540099999635,27520.0
1791187433,0,GET,Public: wttr.in/Novosibirsk,0.400000,0.000000,0,0,0,0,0,0,0,0,0,0,0,18,0,2000,2429.3571708872655,750.698061005096,6903.610150999157,39654.0
1791187433,0,,Aggregated,2.500000,0.000000,0,0,0,0,0,0,0,0,0,0,0,115,0,620,931.4096883132943,170.55653499846812,6903.610150999157,12935.826086956522
1791187434,0,GET,BMC: PowerState,0.700000,0.000000,0,0,0,0,0,0,0,0,0,0,0,46,0,600,702.5927872619714,336.4688909932738,1667.7300919982372,2578.0
1791187434,0,GET,BMC: system information,1.000000,0.000000,0,0,0,0,0,0,0,0,0,0,0,30,0,580,601.0044406337935,325.445763010066,1232.8882760048145,2578.0
1791187434,0,GET,Public: /posts,0.400000,0.000000,0,0,0,0,0,0,0,0,0,0,0,21,0,350,620.6801736663606,170.55653499846812,2986.5540099999635,27520.0
1791187434,0,GET,Public: wttr.in/Novosibirsk,0.400000,0.000000,0,0,0,0,0,0,0,0,0,0,0,18,0,2000,2429.3571708872655,750.698061005096,6903.610150999157,39654.0
1791187434,0,,Aggregated,2.500000,0.000000,0,0,0,0,0,0,0,0,0,0,0,115,0,620,931.4096883132943,170.55653499846812,6903.610150999157,12935.826086956522
1791187435,0,GET,BMC: PowerState,0.700000,0.000000,0,0,0,0,0,0,0,0,0,0,0,46,0,600,702.5927872619714,336.4688909932738,1667.7300919982372,2578.0
1791187435,0,GET,BMC: system information,1.000000,0.000000,0,0,0,0,0,0,0,0,0,0,0,30,0,580,601.0044406337935,325.445763010066,1232.8882760048145,2578.0
1791187435,0,GET,Public: /posts,0.400000,0.000000,0,0,0,0,0,0,0,0,0,0,0,21,0,350,620.6801736663606,170.55653499846812,2986.5540099999635,27520.0
1791187435,0,GET,Public: wttr.in/Novosibirsk,0.400000,0.000000,0,0,0,0,0,0,0,0,0,0,0,18,0,2000,2429.3571708872655,750.698061005096,6903.610150999157,39654.0
1791187435,0,,Aggregated,2.500000,0.000000,0,0,0,0,0,0,0,0,0,0,0,115,0,620,931.4096883132943,170.55653499846812,6903.610150999157,12935.826086956522
1791187436,0,GET,BMC: PowerState,0.700000,0.000000,0,0,0,0,0,0,0,0,0,0,0,46,0,600,702.5927872619714,336.4688909932738,1667.7300919982372,2578.0
1791187436,0,GET,BMC: system information,1.000000,0.000000,0,0,0,0,0,0,0,0,0,0,0,30,0,580,601.0044406337935,325.445763010066,1232.8882760048145,2578.0
1791187436,0,GET,Public: /posts,0.400000,0.000000,0,0,0,0,0,0,0,0,0,0,0,21,0,350,620.6801736663606,170.55653499846812,2986.5540099999635,27520.0
1791187436,0,GET,Public: wttr.in/Novosibirsk,0.400000,0.000000,0,0,0,0,0,0,0,0,0,0,0,18,0,2000,2429.3571708872655,750.698061005096,6903.610150999157,39654.0
1791187436,0,,Aggregated,2.500000,0.000000,0,0,0,0,0,0,0,0,0,0,0,115,0,620,931.4096883132943,170.55653499846812,6903.610150999157,12935.826086956522
1791187437,0,GET,BMC: PowerState,0.700000,0.000000,0,0,0,0,0,0,0,0,0,0,0,46,0,600,702.5927872619714,336.4688909932738,1667.7300919982372,2578.0
1791187437,0,GET,BMC: system information,1.000000,0.000000,0,0,0,0,0,0,0,0,0,0,0,30,0,580,601.0044406337935,325.445763010066,1232.8882760048145,2578.0
1791187437,0,GET,Public: /posts,0.400000,0.000000,0,0,0,0,0,0,0,0,0,0,0,21,0,350,620.6801736663606,170.55653499846812,2986.5540099999635,27520.0
1791187437,0,GET,Public: wttr.in/Novosibirsk,0.400000,0.000000,0,0,0,0,0,0,0,0,0,0,0,18,0,2000,2429.3571708872655,750.698061005096,6903.610150999157,39654.0
1791187437,0,,Aggregated,2.500000,0.000000,0,0,0,0,0,0,0,0,0,0,0,115,0,620,931.4096883132943,170.55653499846812,6903.610150999157,12935.826086956522
1791187438,0,GET,BMC: PowerState,0.700000,0.000000,0,0,0,0,0,0,0,0,0,0,0,46,0,600,702.5927872619714,336.4688909932738,1667.7300919982372,2578.0
1791187438,0,GET,BMC: system information,1.000000,0.000000,0,0,0,0,0,0,0,0,0,0,0,30,0,580,601.0044406337935,325.445763010066,1232.8882760048145,2578.0
1791187438,0,GET,Public: /posts,0.400000,0.000000,0,0,0,0,0,0,0,0,0,0,0,21,0,350,620.6801736663606,170.55653499846812,2986.5540099999635,27520.0
1791187438,0,GET,Public: wttr.in/Novosibirsk,0.400000,0.000000,0,0,0,0,0,0,0,0,0,0,0,18,0,2000,2429.3571708872655,750.698061005096,6903.610150999157,39654.0
1791187438,0,,Aggregated,2.500000,0.000000,0,0,0,0,0,0,0,0,0,0,0,115,0,620,931.4096883132943,170.55653499846812,6903.610150999157,12935.826086956522
1791187439,0,GET,BMC: PowerState,0.700000,0.000000,0,0,0,0,0,0,0,0,0,0,0,46,0,600,702.5927872619714,336.4688909932738,1667.7300919982372,2578.0
1791187439,0,GET,BMC: system information,1.000000,0.000000,0,0,0,0,0,0,0,0,0,0,0,30,0,580,601.0044406337935,325.445763010066,1232.8882760048145,2578.0
1791187439,0,GET,Public: /posts,0.400000,0.000000,0,0,0,0,0,0,0,0,0,0,0,21,0,350,620.6801736663606,170.55653499846812,2986.5540099999635,27520.0
1791187439,0,GET,Public: wttr.in/Novosibirsk,0.400000,0.000000,0,0,0,0,0,0,0,0,0,0,0,18,0,2000,2429.3571708872655,750.698061005096,6903.610150999157,39654.0
1791187439,0,,Aggregated,2.500000,0.000000,0,0,0,0,0,0,0,0,0,0,0,115,0,620,931.4096883132943,170.55653499846812,6903.610150999157,12935.826086956522
1791187440,0,GET,BMC: PowerState,0.700000,0.000000,0,0,0,0,0,0,0,0,0,0,0,46,0,600,702.5927872619714,336.4688909932738,1667.7300919982372,2578.0
1791187440,0,GET,BMC: system information,1.000000,0.000000,0,0,0,0,0,0,0,0,0,0,0,30,0,580,601.0044406337935,325.445763010066,1232.8882760048145,2578.0
1791187440,0,GET,Public: /posts,0.400000,0.000000,0,0,0,0,0,0,0,0,0,0,0,21,0,350,620.6801736663606,170.55653499846812,2986.5540099999635,27520.0
1791187440,0,GET,Public: wttr.in/Novosibirsk,0.400000,0.000000,0,0,0,0,0,0,0,0,0,0,0,18,0,2000,2429.3571708872655,750.698061005096,6903.610150999157,39654.0
1791187440,0,,Aggregated,2.500000,0.000000,0,0,0,0,0,0,0,0,0,0,0,115,0,620,931.4096883132943,170.55653499846812,6903.610150999157,12935.826086956522
1791187441,0,GET,BMC: PowerState,0.700000,0.000000,0,0,0,0,0,0,0,0,0,0,0,46,0,600,702.5927872619714,336.4688909932738,1667.7300919982372,2578.0
1791187441,0,GET,BMC: system information,1.000000,0.000000,0,0,0,0,0,0,0,0,0,0,0,30,0,580,601.0044406337935,325.445763010066,1232.8882760048145,2578.0
1791187441,0,GET,Public: /posts,0.400000,0.000000,0,0,0,0,0,0,0,0,0,0,0,21,0,350,620.6801736663606,170.55653499846812,2986.5540099999635,27520.0
1791187441,0,GET,Public: wttr.in/Novosibirsk,0.400000,0.000000,0,0,0,0,0,0,0,0,0,0,0,18,0,2000,2429.3571708872655,750.698061005096,6903.610150999157,39654.0
1791187441,0,,Aggregated,2.500000,0.000000,0,0,0,0,0,0,0,0,0,0,0,115,0,620,931.4096883132943,170.55653499846812,6903.610150999157,12935.826086956522
1791187442,0,GET,BMC: PowerState,0.700000,0.000000,0,0,0,0,0,0,0,0,0,0,0,46,0,600,702.5927872619714,336.4688909932738,1667.7300919982372,2578.0
1791187442,0,GET,BMC: system information,1.000000,0.000000,0,0,0,0,0,0,0,0,0,0,0,30,0,580,601.0044406337935,325.445763010066,1232.8882760048145,2578.0
1791187442,0,GET,Public: /posts,0.400000,0.000000,0,0,0,0,0,0,0,0,0,0,0,21,0,350,620.6801736663606,170.55653499846812,2986.5540099999635,27520.0
1791187442,0,GET,Public: wttr.in/Novosibirsk,0.400000,0.000000,0,0,0,0,0,0,0,0,0,0,0,18,0,2000,2429.3571708872655,750.698061005096,6903.610150999157,39654.0
1791187442,0,,Aggregated,2.500000,0.000000,0,0,0,0,0,0,0,0,0,0,0,115,0,620,931.4096883132943,170.55653499846812,6903.610150999157,12935.826086956522
1791187443,0,GET,BMC: PowerState,0.700000,0.000000,0,0,0,0,0,0,0,0,0,0,0,46,0,600,702.5927872619714,336.4688909932738,1667.7300919982372,2578.0
1791187443,0,GET,BMC: system information,1.000000,0.000000,0,0,0,0,0,0,0,0,0,0,0,30,0,580,601.0044406337935,325.445763010066,1232.8882760048145,2578.0
1791187443,0,GET,Public: /posts,0.400000,0.000000,0,0,0,0,0,0,0,0,0,0,0,21,0,350,620.6801736663606,170.55653499846812,2986.5540099999635,27520.0
1791187443,0,GET,Public: wttr.in/Novosibirsk,0.400000,0.000000,0,0,0,0,0,0,0,0,0,0,0,18,0,2000,2429.3571708872655,750.698061005096,6903.610150999157,39654.0
1791187443,0,,Aggregated,2.500000,0.000000,0,0,0,0,0,0,0,0,0,0,0,115,0,620,931.4096883132943,170.55653499846812,6903.610150999157,12935.826086956522
1791187444,0,GET,BMC: PowerState,0.700000,0.000000,0,0,0,0,0,0,0,0,0,0,0,46,0,600,702.5927872619714,336.4688909932738,1667.7300919982372,2578.0
1791187444,0,GET,BMC: system information,1.000000,0.000000,0,0,0,0,0,0,0,0,0,0,0,30,0,580,601.0044406337935,325.445763010066,1232.8882760048145,2578.0
1791187444,0,GET,Public: /posts,0.400000,0.000000,0,0,0,0,0,0,0,0,0,0,0,21,0,350,620.6801736663606,170.55653499846812,2986.5540099999635,27520.0
1791187444,0,GET,Public: wttr.in/Novosibirsk,0.400000,0.000000,0,0,0,0,0,0,0,0,0,0,0,18,0,2000,2429.3571708872655,750.698061005096,6903.610150999157,39654.0
1791187444,0,,Aggregated,2.500000,0.000000,0,0,0,0,0,0,0,0,0,0,0,115,0,620,931.4096883132943,170.55653499846812,6903.610150999157,12935.826086956522
1791187445,0,GET,BMC: PowerState,0.700000,0.000000,0,0,0,0,0,0,0,0,0,0,0,46,0,600,702.5927872619714,336.4688909932738,1667.7300919982372,2578.0
1791187445,0,GET,BMC: system information,1.000000,0.000000,0,0,0,0,0,0,0,0,0,0,0,30,0,580,601.0044406337935,325.445763010066,1232.8882760048145,2578.0
1791187445,0,GET,Public: /posts,0.400000,0.000000,0,0,0,0,0,0,0,0,0,0,0,21,0,350,620.6801736663606,170.55653499846812,2986.5540099999635,27520.0
1791187445,0,GET,Public: wttr.in/Novosibirsk,0.400000,0.000000,0,0,0,0,0,0,0,0,0,0,0,18,0,2000,2429.3571708872655,750.698061005096,6903.610150999157,39654.0
1791187445,0,,Aggregated,2.500000,0.000000,0,0,0,0,0,0,0,0,0,0,0,115,0,620,931.4096883132943,170.55653499846812,6903.610150999157,12935.826086956522
1791187446,0,GET,BMC: PowerState,0.700000,0.000000,0,0,0,0,0,0,0,0,0,0,0,46,0,600,702.5927872619714,336.4688909932738,1667.7300919982372,2578.0
1791187446,0,GET,BMC: system information,1.000000,0.000000,0,0,0,0,0,0,0,0,0,0,0,30,0,580,601.0044406337935,325.445763010066,1232.8882760048145,2578.0
1791187446,0,GET,Public: /posts,0.400000,0.000000,0,0,0,0,0,0,0,0,0,0,0,21,0,350,620.6801736663606,170.55653499846812,2986.5540099999635,27520.0
1791187446,0,GET,Public: wttr.in/Novosibirsk,0.400000,0.000000,0,0,0,0,0,0,0,0,0,0,0,18,0,2000,2429.3571708872655,750.698061005096,6903.610150999157,39654.0
1791187446,0,,Aggregated,2.500000,0.000000,0,0,0,0,0,0,0,0,0,0,0,115,0,620,931.4096883132943,170.55653499846812,6903.610150999157,12935.826086956522
1791187447,0,GET,BMC: PowerState,0.700000,0.000000,0,0,0,0,0,0,0,0,0,0,0,46,0,600,702.5927872619714,336.4688909932738,1667.7300919982372,2578.0
1791187447,0,GET,BMC: system information,1.000000,0.000000,0,0,0,0,0,0,0,0,0,0,0,30,0,580,601.0044406337935,325.445763010066,1232.8882760048145,2578.0
1791187447,0,GET,Public: /posts,0.400000,0.000000,0,0,0,0,0,0,0,0,0,0,0,21,0,350,620.6801736663606,170.55653499846812,2986.5540099999635,27520.0
1791187447,0,GET,Public: wttr.in/Novosibirsk,0.400000,0.000000,0,0,0,0,0,0,0,0,0,0,0,18,0,2000,2429.3571708872655,750.698061005096,6903.610150999157,39654.0
1791187447,0,,Aggregated,2.500000,0.000000,0,0,0,0,0,0,0,0,0,0,0,115,0,620,931.4096883132943,170.55653499846812,6903.610150999157,12935.826086956522
1791187448,0,GET,BMC: PowerState,0.700000,0.000000,0,0,0,0,0,0,0,0,0,0,0,46,0,600,702.5927872619714,336.4688909932738,1667.7300919982372,2578.0
1791187448,0,GET,BMC: system information,1.000000,0.000000,0,0,0,0,0,0,0,0,0,0,0,30,0,580,601.0044406337935,325.445763010066,1232.8882760048145,2578.0
1791187448,0,GET,Public: /posts,0.400000,0.000000,0,0,0,0,0,0,0,0,0,0,0,21,0,350,620.6801736663606,170.55653499846812,2986.5540099999635,27520.0
1791187448,0,GET,Public: wttr.in/Novosibirsk,0.400000,0.000000,0,0,0,0,0,0,0,0,0,0,0,18,0,2000,2429.3571708872655,750.698061005096,6903.610150999157,39654.0
1791187448,0,,Aggregated,2.500000,0.000000,0,0,0,0,0,0,0,0,0,0,0,115,0,620,931.4096883132943,170.55653499846812,6903.610150999157,12935.826086956522
1791187449,0,GET,BMC: PowerState,0.700000,0.000000,0,0,0,0,0,0,0,0,0,0,0,46,0,600,702.5927872619714,336.4688909932738,1667.7300919982372,2578.0
1791187449,0,GET,BMC: system information,1.000000,0.000000,0,0,0,0,0,0,0,0,0,0,0,30,0,580,601.0044406337935,325.445763010066,1232.8882760048145,2578.0
1791187449,0,GET,Public: /posts,0.400000,0.000000,0,0,0,0,0,0,0,0,0,0,0,21,0,350,620.6801736663606,170.55653499846812,2986.5540099999635,27520.0
1791187449,0,GET,Public: wttr.in/Novosibirsk,0.400000,0.000000,0,0,0,0,0,0,0,0,0,0,0,18,0,2000,2429.3571708872655,750.698061005096,6903.610150999157,39654.0
1791187449,0,,Aggregated,2.500000,0.000000,0,0,0,0,0,0,0,0,0,0,0,115,0,620,931.4096883132943,170.55653499846812,6903.610150999157,12935.826086956522
1791187450,0,GET,BMC: PowerState,0.700000,0.000000,0,0,0,0,0,0,0,0,0,0,0,46,0,600,702.5927872619714,336.4688909932738,1667.7300919982372,2578.0
1791187450,0,GET,BMC: system information,1.000000,0.000000,0,0,0,0,0,0,0,0,0,0,0,30,0,580,601.0044406337935,325.445763010066,1232.8882760048145,2578.0
1791187450,0,GET,Public: /posts,0.400000,0.000000,0,0,0,0,0,0,0,0,0,0,0,21,0,350,620.6801736663606,170.55653499846812,2986.5540099999635,27520.0
1791187450,0,GET,Public: wttr.in/Novosibirsk,0.400000,0.000000,0,0,0,0,0,0,0,0,0,0,0,18,0,2000,2429.3571708872655,750.698061005096,6903.610150999157,39654.0
1791187450,0,,Aggregated,2.500000,0.000000,0,0,0,0,0,0,0,0,0,0,0,115,0,620,931.4096883132943,170.55653499846812,6903.610150999157,12935.826086956522
1791187451,0,GET,BMC: PowerState,0.700000,0.000000,0,0,0,0,0,0,0,0,0,0,0,46,0,600,702.5927872619714,336.4688909932738,1667.7300919982372,2578.0
1791187451,0,GET,BMC: system information,1.000000,0.000000,0,0,0,0,0,0,0,0,0,0,0,30,0,580,601.0044406337935,325.445763010066,1232.8882760048145,2578.0
1791187451,0,GET,Public: /posts,0.400000,0.000000,0,0,0,0,0,0,0,0,0,0,0,21,0,350,620.6801736663606,170.55653499846812,2986.5540099999635,27520.0
1791187451,0,GET,Public: wttr.in/Novosibirsk,0.400000,0.000000,0,0,0,0,0,0,0,0,0,0,0,18,0,2000,2429.3571708872655,750.698061005096,6903.610150999157,39654.0
1791187451,0,,Aggregated,2.500000,0.000000,0,0,0,0,0,0,0,0,0,0,0,115,0,620,931.4096883132943,170.55653499846812,6903.610150999157,12935.826086956522
1791187452,0,GET,BMC: PowerState,0.700000,0.000000,0,0,0,0,0,0,0,0,0,0,0,46,0,600,702.5927872619714,336.4688909932738,1667.7300919982372,2578.0
1791187452,0,GET,BMC: system information,1.000000,0.000000,0,0,0,0,0,0,0,0,0,0,0,30,0,580,601.0044406337935,325.445763010066,1232.8882760048145,2578.0
1791187452,0,GET,Public: /posts,0.400000,0.000000,0,0,0,0,0,0,0,0,0,0,0,21,0,350,620.6801736663606,170.55653499846812,2986.5540099999635,27520.0
1791187452,0,GET,Public: wttr.in/Novosibirsk,0.400000,0.000000,0,0,0,0,0,0,0,0,0,0,0,18,0,2000,2429.3571708872655,750.698061005096,6903.610150999157,39654.0
1791187452,0,,Aggregated,2.500000,0.000000,0,0,0,0,0,0,0,0,0,0,0,115,0,620,931.4096883132943,170.55653499846812,6903.610150999157,12935.826086956522
1791187453,0,GET,BMC: PowerState,0.700000,0.000000,0,0,0,0,0,0,0,0,0,0,0,46,0,600,702.5927872619714,336.4688909932738,1667.7300919982372,2578.0
1791187453,0,GET,BMC: system information,1.000000,0.000000,0,0,0,0,0,0,0,0,0,0,0,30,0,580,601.0044406337935,325.445763010066,1232.8882760048145,2578.0
1791187453,0,GET,Public: /posts,0.400000,0.000000,0,0,0,0,0,0,0,0,0,0,0,21,0,350,620.6801736663606,170.55653499846812,2986.5540099999635,27520.0
1791187453,0,GET,Public: wttr.in/Novosibirsk,0.400000,0.000000,0,0,0,0,0,0,0,0,0,0,0,18,0,2000,2429.3571708872655,750.698061005096,6903.610150999157,39654.0
1791187453,0,,Aggregated,2.500000,0.000000,0,0,0,0,0,0,0,0,0,0,0,115,0,620,931.4096883132943,170.55653499846812,6903.610150999157,12935.826086956522
1791187454,0,GET,BMC: PowerState,0.700000,0.000000,0,0,0,0,0,0,0,0,0,0,0,46,0,600,702.5927872619714,336.4688909932738,1667.7300919982372,2578.0
1791187454,0,GET,BMC: system information,1.000000,0.000000,0,0,0,0,0,0,0,0,0,0,0,30,0,580,601.0044406337935,325.445763010066,1232.8882760048145,2578.0
1791187454,0,GET,Public: /posts,0.400000,0.000000,0,0,0,0,0,0,0,0,0,0,0,21,0,350,620.6801736663606,170.55653499846812,2986.5540099999635,27520.0
1791187454,0,GET,Public: wttr.in/Novosibirsk,0.400000,0.000000,0,0,0,0,0,0,0,0,0,0,0,18,0,2000,2429.3571708872655,750.698061005096,6903.610150999157,39654.0
1791187454,0,,Aggregated,2.500000,0.000000,0,0,0,0,0,0,0,0,0,0,0,115,0,620,931.4096883132943,170.55653499846812,6903.610150999157,12935.826086956522
1791187455,0,GET,BMC: PowerState,0.700000,0.000000,0,0,0,0,0,0,0,0,0,0,0,46,0,600,702.5927872619714,336.4688909932738,1667.7300919982372,2578.0
1791187455,0,GET,BMC: system information,1.000000,0.000000,0,0,0,0,0,0,0,0,0,0,0,30,0,580,601.0044406337935,325.445763010066,1232.8882760048145,2578.0
1791187455,0,GET,Public: /posts,0.400000,0.000000,0,0,0,0,0,0,0,0,0,0,0,21,0,350,620.6801736663606,170.55653499846812,2986.5540099999635,27520.0
1791187455,0,GET,Public: wttr.in/Novosibirsk,0.400000,0.000000,0,0,0,0,0,0,0,0,0,0,0,18,0,2000,2429.3571708872655,750.698061005096,6903.610150999157,39654.0
1791187455,0,,Aggregated,2.500000,0.000000,0,0,0,0,0,0,0,0,0,0,0,115,0,620,931.4096883132943,170.55653499846812,6903.610150999157,12935.826086956522
1791187456,0,GET,BMC: PowerState,0.700000,0.000000,0,0,0,0,0,0,0,0,0,0,0,46,0,600,702.5927872619714,336.4688909932738,1667.7300919982372,2578.0
1791187456,0,GET,BMC: system information,1.000000,0.000000,0,0,0,0,0,0,0,0,0,0,0,30,0,580,601.0044406337935,325.445763010066,1232.8882760048145,2578.0
1791187456,0,GET,Public: /posts,0.400000,0.000000,0,0,0,0,0,0,0,0,0,0,0,21,0,350,620.6801736663606,170.55653499846812,2986.5540099999635,27520.0
1791187456,0,GET,Public: wttr.in/Novosibirsk,0.400000,0.000000,0,0,0,0,0,0,0,0,0,0,0,18,0,2000,2429.3571708872655,750.698061005096,6903.610150999157,39654.0
1791187456,0,,Aggregated,2.500000,0.000000,0,0,0,0,0,0,0,0,0,0,0,115,0,620,931.4096883132943,170.55653499846812,6903.610150999157,12935.826086956522
1791187457,0,GET,BMC: PowerState,0.700000,0.000000,0,0,0,0,0,0,0,0,0,0,0,46,0,600,702.5927872619714,336.4688909932738,1667.7300919982372,2578.0
1791187457,0,GET,BMC: system information,1.000000,0.000000,0,0,0,0,0,0,0,0,0,0,0,30,0,580,601.0044406337935,325.445763010066,1232.8882760048145,2578.0
1791187457,0,GET,Public: /posts,0.400000,0.000000,0,0,0,0,0,0,0,0,0,0,0,21,0,350,620.6801736663606,170.55653499846812,2986.5540099999635,27520.0
1791187457,0,GET,Public: wttr.in/Novosibirsk,0.400000,0.000000,0,0,0,0,0,0,0,0,0,0,0,18,0,2000,2429.3571708872655,750.698061005096,6903.610150999157,39654.0
1791187457,0,,Aggregated,2.500000,0.000000,0,0,0,0,0,0,0,0,0,0,0,115,0,620,931.4096883132943,170.55653499846812,6903.610150999157,12935.826086956522
1791187458,0,GET,BMC: PowerState,0.700000,0.000000,0,0,0,0,0,0,0,0,0,0,0,46,0,600,702.5927872619714,336.4688909932738,1667.7300919982372,2578.0
1791187458,0,GET,BMC: system information,1.000000,0.000000,0,0,0,0,0,0,0,0,0,0,0,30,0,580,601.0044406337935,325.445763010066,1232.8882760048145,2578.0
1791187458,0,GET,Public: /posts,0.400000,0.000000,0,0,0,0,0,0,0,0,0,0,0,21,0,350,620.6801736663606,170.55653499846812,2986.5540099999635,27520.0
1791187458,0,GET,Public: wttr.in/Novosibirsk,0.400000,0.000000,0,0,0,0,0,0,0,0,0,0,0,18,0,2000,2429.3571708872655,750.698061005096,6903.610150999157,39654.0
1791187458,0,,Aggregated,2.500000,0.000000,0,0,0,0,0,0,0,0,0,0,0,115,0,620,931.4096883132943,170.55653499846812,6903.610150999157,12935.826086956522
1791187459,0,GET,BMC: PowerState,0.700000,0.000000,0,0,0,0,0,0,0,0,0,0,0,46,0,600,702.5927872619714,336.4688909932738,1667.7300919982372,2578.0
1791187459,0,GET,BMC: system information,1.000000,0.000000,0,0,0,0,0,0,0,0,0,0,0,30,0,580,601.0044406337935,325.445763010066,1232.8882760048145,2578.0
1791187459,0,GET,Public: /posts,0.400000,0.000000,0,0,0,0,0,0,0,0,0,0,0,21,0,350,620.6801736663606,170.55653499846812,2986.5540099999635,27520.0
1791187459,0,GET,Public: wttr.in/Novosibirsk,0.400000,0.000000,0,0,0,0,0,0,0,0,0,0,0,18,0,2000,2429.3571708872655,750.698061005096,6903.610150999157,39654.0
1791187459,0,,Aggregated,2.500000,0.000000,0,0,0,0,0,0,0,0,0,0,0,115,0,620,931.4096883132943,170.55653499846812,6903.610150999157,12935.826086956522
1791187460,0,GET,BMC: PowerState,0.700000,0.000000,0,0,0,0,0,0,0,0,0,0,0,46,0,600,702.5927872619714,336.4688909932738,1667.7300919982372,2578.0
1791187460,0,GET,BMC: system information,1.000000,0.000000,0,0,0,0,0,0,0,0,0,0,0,30,0,580,601.0044406337935,325.445763010066,1232.8882760048145,2578.0
1791187460,0,GET,Public: /posts,0.400000,0.000000,0,0,0,0,0,0,0,0,0,0,0,21,0,350,620.6801736663606,170.55653499846812,2986.5540099999635,27520.0
1791187460,0,GET,Public: wttr.in/Novosibirsk,0.400000,0.000000,0,0,0,0,0,0,0,0,0,0,0,18,0,2000,2429.3571708872655,750.698061005096,6903.610150999157,39654.0
1791187460,0,,Aggregated,2.500000,0.000000,0,0,0,0,0,0,0,0,0,0,0,115,0,620,931.4096883132943,170.55653499846812,6903.610150999157,12935.826086956522
1791187461,0,GET,BMC: PowerState,0.700000,0.000000,0,0,0,0,0,0,0,0,0,0,0,46,0,600,702.5927872619714,336.4688909932738,1667.7300919982372,2578.0
1791187461,0,GET,BMC: system information,1.000000,0.000000,0,0,0,0,0,0,0,0,0,0,0,30,0,580,601.0044406337935,325.445763010066,1232.8882760048145,2578.0
1791187461,0,GET,Public: /posts,0.400000,0.000000,0,0,0,0,0,0,0,0,0,0,0,21,0,350,620.6801736663606,170.55653499846812,2986.5540099999635,27520.0
1791187461,0,GET,Public: wttr.in/Novosibirsk,0.400000,0.000000,0,0,0,0,0,0,0,0,0,0,0,18,0,2000,2429.3571708872655,750.698061005096,6903.610150999157,39654.0
1791187461,0,,Aggregated,2.500000,0.000000,0,0,0,0,0,0,0,0,0,0,0,115,0,620,931.4096883132943,170.55653499846812,6903.610150999157,12935.826086956522
1791187462,0,GET,BMC: PowerState,0.700000,0.000000,0,0,0,0,0,0,0,0,0,0,0,46,0,600,702.5927872619714,336.4688909932738,1667.7300919982372,2578.0
1791187462,0,GET,BMC: system information,1.000000,0.000000,0,0,0,0,0,0,0,0,0,0,0,30,0,580,601.0044406337935,325.445763010066,1232.8882760048145,2578.0
1791187462,0,GET,Public: /posts,0.400000,0.000000,0,0,0,0,0,0,0,0,0,0,0,21,0,350,620.6801736663606,170.55653499846812,2986.5540099999635,27520.0
1791187462,0,GET,Public: wttr.in/Novosibirsk,0.400000,0.000000,0,0,0,0,0,0,0,0,0,0,0,18,0,2000,2429.3571708872655,750.698061005096,6903.610150999157,39654.0
1791187462,0,,Aggregated,2.500000,0.000000,0,0,0,0,0,0,0,0,0,0,0,115,0,620,931.4096883132943,170.55653499846812,6903.610150999157,12935.826086956522
1791187463,0,GET,BMC: PowerState,0.700000,0.000000,0,0,0,0,0,0,0,0,0,0,0,46,0,600,702.5927872619714,336.4688909932738,1667.7300919982372,2578.0
1791187463,0,GET,BMC: system information,1.000000,0.000000,0,0,0,0,0,0,0,0,0,0,0,30,0,580,601.0044406337935,325.445763010066,1232.8882760048145,2578.0
1791187463,0,GET,Public: /posts,0.400000,0.000000,0,0,0,0,0,0,0,0,0,0,0,21,0,350,620.6801736663606,170.55653499846812,2986.5540099999635,27520.0
1791187463,0,GET,Public: wttr.in/Novosibirsk,0.400000,0.000000,0,0,0,0,0,0,0,0,0,0,0,18,0,2000,2429.3571708872655,750.698061005096,6903.610150999157,39654.0
1791187463,0,,Aggregated,2.500000,0.000000,0,0,0,0,0,0,0,0,0,0,0,115,0,620,931.4096883132943,170.55653499846812,6903.610150999157,12935.826086956522
1791187464,0,GET,BMC: PowerState,0.700000,0.000000,0,0,0,0,0,0,0,0,0,0,0,46,0,600,702.5927872619714,336.4688909932738,1667.7300919982372,2578.0
1791187464,0,GET,BMC: system information,1.000000,0.000000,0,0,0,0,0,0,0,0,0,0,0,30,0,580,601.0044406337935,325.445763010066,1232.8882760048145,2578.0
1791187464,0,GET,Public: /posts,0.400000,0.000000,0,0,0,0,0,0,0,0,0,0,0,21,0,350,620.6801736663606,170.55653499846812,2986.5540099999635,27520.0
1791187464,0,GET,Public: wttr.in/Novosibirsk,0.400000,0.000000,0,0,0,0,0,0,0,0,0,0,0,18,0,2000,2429.3571708872655,750.698061005096,6903.610150999157,39654.0
1791187464,0,,Aggregated,2.500000,0.000000,0,0,0,0,0,0,0,0,0,0,0,115,0,620,931.4096883132943,170.55653499846812,6903.610150999157,12935.826086956522
1791187465,0,GET,BMC: PowerState,0.700000,0.000000,0,0,0,0,0,0,0,0,0,0,0,46,0,600,702.5927872619714,336.4688909932738,1667.7300919982372,2578.0
1791187465,0,GET,BMC: system information,1.000000,0.000000,0,0,0,0,0,0,0,0,0,0,0,30,0,580,601.0044406337935,325.445763010066,1232.8882760048145,2578.0
1791187465,0,GET,Public: /posts,0.400000,0.000000,0,0,0,0,0,0,0,0,0,0,0,21,0,350,620.6801736663606,170.55653499846812,2986.5540099999635,27520.0
1791187465,0,GET,Public: wttr.in/Novosibirsk,0.400000,0.000000,0,0,0,0,0,0,0,0,0,0,0,18,0,2000,2429.3571708872655,750.698061005096,6903.610150999157,39654.0
1791187465,0,,Aggregated,2.500000,0.000000,0,0,0,0,0,0,0,0,0,0,0,115,0,620,931.4096883132943,170.55653499846812,6903.610150999157,12935.826086956522
1791187466,0,GET,BMC: PowerState,0.700000,0.000000,0,0,0,0,0,0,0,0,0,0,0,46,0,600,702.5927872619714,336.4688909932738,1667.7300919982372,2578.0
1791187466,0,GET,BMC: system information,1.000000,0.000000,0,0,0,0,0,0,0,0,0,0,0,30,0,580,601.0044406337935,325.445763010066,1232.8882760048145,2578.0
1791187466,0,GET,Public: /posts,0.400000,0.000000,0,0,0,0,0,0,0,0,0,0,0,21,0,350,620.6801736663606,170.55653499846812,2986.5540099999635,27520.0
1791187466,0,GET,Public: wttr.in/Novosibirsk,0.400000,0.000000,0,0,0,0,0,0,0,0,0,0,0,18,0,2000,2429.3571708872655,750.698061005096,6903.610150999157,39654.0
1791187466,0,,Aggregated,2.500000,0.000000,0,0,0,0,0,0,0,0,0,0,0,115,0,620,931.4096883132943,170.55653499846812,6903.610150999157,12935.826086956522
1791187467,0,GET,BMC: PowerState,0.700000,0.000000,0,0,0,0,0,0,0,0,0,0,0,46,0,600,702.5927872619714,336.4688909932738,1667.7300919982372,2578.0
1791187467,0,GET,BMC: system information,1.000000,0.000000,0,0,0,0,0,0,0,0,0,0,0,30,0,580,601.0044406337935,325.445763010066,1232.8882760048145,2578.0
1791187467,0,GET,Public: /posts,0.400000,0.000000,0,0,0,0,0,0,0,0,0,0,0,21,0,350,620.6801736663606,170.55653499846812,2986.5540099999635,27520.0
1791187467,0,GET,Public: wttr.in/Novosibirsk,0.400000,0.000000,0,0,0,0,0,0,0,0,0,0,0,18,0,2000,2429.3571708872655,750.698061005096,6903.610150999157,39654.0
1791187467,0,,Aggregated,2.500000,0.000000,0,0,0,0,0,0,0,0,0,0,0,115,0,620,931.4096883132943,170.55653499846812,6903.610150999157,12935.826086956522
1791187468,0,GET,BMC: PowerState,0.700000,0.000000,0,0,0,0,0,0,0,0,0,0,0,46,0,600,702.5927872619714,336.4688909932738,1667.7300919982372,2578.0
1791187468,0,GET,BMC: system information,1.000000,0.000000,0,0,0,0,0,0,0,0,0,0,0,30,0,580,601.0044406337935,325.445763010066,1232.8882760048145,2578.0
1791187468,0,GET,Public: /posts,0.400000,0.000000,0,0,0,0,0,0,0,0,0,0,0,21,0,350,620.6801736663606,170.55653499846812,2986.5540099999635,27520.0
1791187468,0,GET,Public: wttr.in/Novosibirsk,0.400000,0.000000,0,0,0,0,0,0,0,0,0,0,0,18,0,2000,2429.3571708872655,750.698061005096,6903.610150999157,39654.0
1791187468,0,,Aggregated,2.500000,0.000000,0,0,0,0,0,0,0,0,0,0,0,115,0,620,931.4096883132943,170.55653499846812,6903.610150999157,12935.826086956522
1791187469,0,GET,BMC: PowerState,0.700000,0.000000,0,0,0,0,0,0,0,0,0,0,0,46,0,600,702.5927872619714,336.4688909932738,1667.7300919982372,2578.0
1791187469,0,GET,BMC: system information,1.000000,0.000000,0,0,0,0,0,0,0,0,0,0,0,30,0,580,601.0044406337935,325.445763010066,1232.8882760048145,2578.0
1791187469,0,GET,Public: /posts,0.400000,0.000000,0,0,0,0,0,0,0,0,0,0,0,21,0,350,620.6801736663606,170.55653499846812,2986.5540099999635,27520.0
1791187469,0,GET,Public: wttr.in/Novosibirsk,0.400000,0.000000,0,0,0,0,0,0,0,0,0,0,0,18,0,2000,2429.3571708872655,750.698061005096,6903.610150999157,39654.0
1791187469,0,,Aggregated,2.500000,0.000000,0,0,0,0,0,0,0,0,0,0,0,115,0,620,931.4096883132943,170.55653499846812,6903.610150999157,12935.826086956522
1791187470,0,GET,BMC: PowerState,0.700000,0.000000,0,0,0,0,0,0,0,0,0,0,0,46,0,600,702.5927872619714,336.4688909932738,1667.7300919982372,2578.0
1791187470,0,GET,BMC: system information,1.000000,0.000000,0,0,0,0,0,0,0,0,0,0,0,30,0,580,601.0044406337935,325.445763010066,1232.8882760048145,2578.0
1791187470,0,GET,Public: /posts,0.400000,0.000000,0,0,0,0,0,0,0,0,0,0,0,21,0,350,620.6801736663606,170.55653499846812,2986.5540099999635,27520.0
1791187470,0,GET,Public: wttr.in/Novosibirsk,0.400000,0.000000,0,0,0,0,0,0,0,0,0,0,0,18,0,2000,2429.3571708872655,750.698061005096,6903.610150999157,39654.0
1791187470,0,,Aggregated,2.500000,0.000000,0,0,0,0,0,0,0,0,0,0,0,115,0,620,931.4096883132943,170.55653499846812,6903.610150999157,12935.826086956522
1791187471,0,GET,BMC: PowerState,0.700000,0.000000,0,0,0,0,0,0,0,0,0,0,0,46,0,600,702.5927872619714,336.4688909932738,1667.7300919982372,2578.0
1791187471,0,GET,BMC: system information,1.000000,0.000000,0,0,0,0,0,0,0,0,0,0,0,30,0,580,601.0044406337935,325.445763010066,1232.8882760048145,2578.0
1791187471,0,GET,Public: /posts,0.400000,0.000000,0,0,0,0,0,0,0,0,0,0,0,21,0,350,620.6801736663606,170.55653499846812,2986.5540099999635,27520.0
1791187471,0,GET,Public: wttr.in/Novosibirsk,0.400000,0.000000,0,0,0,0,0,0,0,0,0,0,0,18,0,2000,2429.3571708872655,750.698061005096,6903.610150999157,39654.0
1791187471,0,,Aggregated,2.500000,0.000000,0,0,0,0,0,0,0,0,0,0,0,115,0,620,931.4096883132943,170.55653499846812,6903.610150999157,12935.826086956522
1791187472,0,GET,BMC: PowerState,0.700000,0.000000,0,0,0,0,0,0,0,0,0,0,0,46,0,600,702.5927872619714,336.4688909932738,1667.7300919982372,2578.0
1791187472,0,GET,BMC: system information,1.000000,0.000000,0,0,0,0,0,0,0,0,0,0,0,30,0,580,601.0044406337935,325.445763010066,1232.8882760048145,2578.0
1791187472,0,GET,Public: /posts,0.400000,0.000000,0,0,0,0,0,0,0,0,0,0,0,21,0,350,620.6801736663606,170.55653499846812,2986.5540099999635,27520.0
1791187472,0,GET,Public: wttr.in/Novosibirsk,0.400000,0.000000,0,0,0,0,0,0,0,0,0,0,0,18,0,2000,2429.3571708872655,750.698061005096,6903.610150999157,39654.0
1791187472,0,,Aggregated,2.500000,0.000000,0,0,0,0,0,0,0,0,0,0,0,115,0,620,931.4096883132943,170.55653499846812,6903.610150999157,12935.826086956522
1791187473,0,GET,BMC: PowerState,0.700000,0.000000,0,0,0,0,0,0,0,0,0,0,0,46,0,600,702.5927872619714,336.4688909932738,1667.7300919982372,2578.0
1791187473,0,GET,BMC: system information,1.000000,0.000000,0,0,0,0,0,0,0,0,0,0,0,30,0,580,601.0044406337935,325.445763010066,1232.8882760048145,2578.0
1791187473,0,GET,Public: /posts,0.400000,0.000000,0,0,0,0,0,0,0,0,0,0,0,21,0,350,620.6801736663606,170.55653499846812,2986.5540099999635,27520.0
1791187473,0,GET,Public: wttr.in/Novosibirsk,0.400000,0.000000,0,0,0,0,0,0,0,0,0,0,0,18,0,2000,2429.3571708872655,750.698061005096,6903.610150999157,39654.0
1791187473,0,,Aggregated,2.500000,0.000000,0,0,0,0,0,0,0,0,0,0,0,115,0,620,931.4096883132943,170.55653499846812,6903.610150999157,12935.826086956522
1791187474,0,GET,BMC: PowerState,0.700000,0.000000,0,0,0,0,0,0,0,0,0,0,0,46,0,600,702.5927872619714,336.4688909932738,1667.7300919982372,2578.0
1791187474,0,GET,BMC: system information,1.000000,0.000000,0,0,0,0,0,0,0,0,0,0,0,30,0,580,601.0044406337935,325.445763010066,1232.8882760048145,2578.0
1791187474,0,GET,Public: /posts,0.400000,0.000000,0,0,0,0,0,0,0,0,0,0,0,21,0,350,620.6801736663606,170.55653499846812,2986.5540099999635,27520.0
1791187474,0,GET,Public: wttr.in/Novosibirsk,0.400000,0.000000,0,0,0,0,0,0,0,0,0,0,0,18,0,2000,2429.3571708872655,750.698061005096,6903.610150999157,39654.0
1791187474,0,,Aggregated,2.500000,0.000000,0,0,0,0,0,0,0,0,0,0,0,115,0,620,931.4096883132943,170.55653499846812,6903.610150999157,12935.826086956522
1791187475,0,GET,BMC: PowerState,0.700000,0.000000,0,0,0,0,0,0,0,0,0,0,0,46,0,600,702.5927872619714,336.4688909932738,1667.7300919982372,2578.0
1791187475,0,GET,BMC: system information,1.000000,0.000000,0,0,0,0,0,0,0,0,0,0,0,30,0,580,601.0044406337935,325.445763010066,1232.8882760048145,2578.0
1791187475,0,GET,Public: /posts,0.400000,0.000000,0,0,0,0,0,0,0,0,0,0,0,21,0,350,620.6801736663606,170.55653499846812,2986.5540099999635,27520.0
1791187475,0,GET,Public: wttr.in/Novosibirsk,0.400000,0.000000,0,0,0,0,0,0,0,0,0,0,0,18,0,2000,2429.3571708872655,750.698061005096,6903.610150999157,39654.0
1791187475,0,,Aggregated,2.500000,0.000000,0,0,0,0,0,0,0,0,0,0,0,115,0,620,931.4096883132943,170.55653499846812,6903.610150999157,12935.826086956522
1791187476,0,GET,BMC: PowerState,0.700000,0.000000,0,0,0,0,0,0,0,0,0,0,0,46,0,600,702.5927872619714,336.4688909932738,1667.7300919982372,2578.0
1791187476,0,GET,BMC: system information,1.000000,0.000000,0,0,0,0,0,0,0,0,0,0,0,30,0,580,601.0044406337935,325.445763010066,1232.8882760048145,2578.0
1791187476,0,GET,Public: /posts,0.400000,0.000000,0,0,0,0,0,0,0,0,0,0,0,21,0,350,620.6801736663606,170.55653499846812,2986.5540099999635,27520.0
1791187476,0,GET,Public: wttr.in/Novosibirsk,0.400000,0.000000,0,0,0,0,0,0,0,0,0,0,0,18,0,2000,2429.3571708872655,750.698061005096,6903.610150999157,39654.0
1791187476,0,,Aggregated,2.500000,0.000000,0,0,0,0,0,0,0,0,0,0,0,115,0,620,931.4096883132943,170.55653499846812,6903.610150999157,12935.826086956522
1791187477,0,GET,BMC: PowerState,0.700000,0.000000,0,0,0,0,0,0,0,0,0,0,0,46,0,600,702.5927872619714,336.4688909932738,1667.7300919982372,2578.0
1791187477,0,GET,BMC: system information,1.000000,0.000000,0,0,0,0,0,0,0,0,0,0,0,30,0,580,601.0044406337935,325.445763010066,1232.8882760048145,2578.0
1791187477,0,GET,Public: /posts,0.400000,0.000000,0,0,0,0,0,0,0,0,0,0,0,21,0,350,620.6801736663606,170.55653499846812,2986.5540099999635,27520.0
1791187477,0,GET,Public: wttr.in/Novosibirsk,0.400000,0.000000,0,0,0,0,0,0,0,0,0,0,0,18,0,2000,2429.3571708872655,750.698061005096,6903.610150999157,39654.0
1791187477,0,,Aggregated,2.500000,0.000000,0,0,0,0,0,0,0,0,0,0,0,115,0,620,931.4096883132943,170.55653499846812,6903.610150999157,12935.826086956522
1791187478,0,GET,BMC: PowerState,0.700000,0.000000,0,0,0,0,0,0,0,0,0,0,0,46,0,600,702.5927872619714,336.4688909932738,1667.7300919982372,2578.0
1791187478,0,GET,BMC: system information,1.000000,0.000000,0,0,0,0,0,0,0,0,0,0,0,30,0,580,601.0044406337935,325.445763010066,1232.8882760048145,2578.0
1791187478,0,GET,Public: /posts,0.400000,0.000000,0,0,0,0,0,0,0,0,0,0,0,21,0,350,620.6801736663606,170.55653499846812,2986.5540099999635,27520.0
1791187478,0,GET,Public: wttr.in/Novosibirsk,0.400000,0.000000,0,0,0,0,0,0,0,0,0,0,0,18,0,2000,2429.3571708872655,750.698061005096,6903.610150999157,39654.0
1791187478,0,,Aggregated,2.500000,0.000000,0,0,0,0,0,0,0,0,0,0,0,115,0,620,931.4096883132943,170.55653499846812,6903.610150999157,12935.826086956522
1791187479,0,GET,BMC: PowerState,0.700000,0.000000,0,0,0,0,0,0,0,0,0,0,0,46,0,600,702.5927872619714,336.4688909932738,1667.7300919982372,2578.0
1791187479,0,GET,BMC: system information,1.000000,0.000000,0,0,0,0,0,0,0,0,0,0,0,30,0,580,601.0044406337935,325.445763010066,1232.8882760048145,2578.0
1791187479,0,GET,Public: /posts,0.400000,0.000000,0,0,0,0,0,0,0,0,0,0,0,21,0,350,620.6801736663606,170.55653499846812,2986.5540099999635,27520.0
1791187479,0,GET,Public: wttr.in/Novosibirsk,0.400000,0.000000,0,0,0,0,0,0,0,0,0,0,0,18,0,2000,2429.3571708872655,750.698061005096,6903.610150999157,39654.0
1791187479,0,,Aggregated,2.500000,0.000000,0,0,0,0,0,0,0,0,0,0,0,115,0,620,931.4096883132943,170.55653499846812,6903.610150999157,12935.826086956522
1791187480,0,GET,BMC: PowerState,0.700000,0.000000,0,0,0,0,0,0,0,0,0,0,0,46,0,600,702.5927872619714,336.4688909932738,1667.7300919982372,2578.0
1791187480,0,GET,BMC: system information,1.000000,0.000000,0,0,0,0,0,0,0,0,0,0,0,30,0,580,601.0044406337935,325.445763010066,1232.8882760048145,2578.0
1791187480,0,GET,Public: /posts,0.400000,0.000000,0,0,0,0,0,0,0,0,0,0,0,21,0,350,620.6801736663606,170.55653499846812,2986.5540099999635,27520.0
1791187480,0,GET,Public: wttr.in/Novosibirsk,0.400000,0.000000,0,0,0,0,0,0,0,0,0,0,0,18,0,2000,2429.3571708872655,750.698061005096,6903.610150999157,39654.0
1791187480,0,,Aggregated,2.500000,0.000000,0,0,0,0,0,0,0,0,0,0,0,115,0,620,931.4096883132943,170.55653499846812,6903.610150999157,12935.826086956522
1791187481,0,GET,BMC: PowerState,0.700000,0.000000,0,0,0,0,0,0,0,0,0,0,0,46,0,600,702.5927872619714,336.4688909932738,1667.7300919982372,2578.0
1791187481,0,GET,BMC: system information,1.000000,0.000000,0,0,0,0,0,0,0,0,0,0,0,30,0,580,601.0044406337935,325.445763010066,1232.8882760048145,2578.0
1791187481,0,GET,Public: /posts,0.400000,0.000000,0,0,0,0,0,0,0,0,0,0,0,21,0,350,620.6801736663606,170.55653499846812,2986.5540099999635,27520.0
1791187481,0,GET,Public: wttr.in/Novosibirsk,0.400000,0.000000,0,0,0,0,0,0,0,0,0,0,0,18,0,2000,2429.3571708872655,750.698061005096,6903.610150999157,39654.0
1791187481,0,,Aggregated,2.500000,0.000000,0,0,0,0,0,0,0,0,0,0,0,115,0,620,931.4096883132943,170.55653499846812,6903.610150999157,12935.826086956522
1791187482,0,GET,BMC: PowerState,0.700000,0.000000,0,0,0,0,0,0,0,0,0,0,0,46,0,600,702.5927872619714,336.4688909932738,1667.7300919982372,2578.0
1791187482,0,GET,BMC: system information,1.000000,0.000000,0,0,0,0,0,0,0,0,0,0,0,30,0,580,601.0044406337935,325.445763010066,1232.8882760048145,2578.0
1791187482,0,GET,Public: /posts,0.400000,0.000000,0,0,0,0,0,0,0,0,0,0,0,21,0,350,620.6801736663606,170.55653499846812,2986.5540099999635,27520.0
1791187482,0,GET,Public: wttr.in/Novosibirsk,0.400000,0.000000,0,0,0,0,0,0,0,0,0,0,0,18,0,2000,2429.3571708872655,750.698061005096,6903.610150999157,39654.0
1791187482,0,,Aggregated,2.500000,0.000000,0,0,0,0,0,0,0,0,0,0,0,115,0,620,931.4096883132943,170.55653499846812,6903.610150999157,12935.826086956522
1791187483,0,GET,BMC: PowerState,0.700000,0.000000,0,0,0,0,0,0,0,0,0,0,0,46,0,600,702.5927872619714,336.4688909932738,1667.7300919982372,2578.0
1791187483,0,GET,BMC: system information,1.000000,0.000000,0,0,0,0,0,0,0,0,0,0,0,30,0,580,601.0044406337935,325.445763010066,1232.8882760048145,2578.0
1791187483,0,GET,Public: /posts,0.400000,0.000000,0,0,0,0,0,0,0,0,0,0,0,21,0,350,620.6801736663606,170.55653499846812,2986.5540099999635,27520.0
1791187483,0,GET,Public: wttr.in/Novosibirsk,0.400000,0.000000,0,0,0,0,0,0,0,0,0,0,0,18,0,2000,2429.3571708872655,750.698061005096,6903.610150999157,39654.0
1791187483,0,,Aggregated,2.500000,0.000000,0,0,0,0,0,0,0,0,0,0,0,115,0,620,931.4096883132943,170.55653499846812,6903.610150999157,12935.826086956522
1791187484,0,GET,BMC: PowerState,0.700000,0.000000,0,0,0,0,0,0,0,0,0,0,0,46,0,600,702.5927872619714,336.4688909932738,1667.7300919982372,2578.0
1791187484,0,GET,BMC: system information,1.000000,0.000000,0,0,0,0,0,0,0,0,0,0,0,30,0,580,601.0044406337935,325.445763010066,1232.8882760048145,2578.0
1791187484,0,GET,Public: /posts,0.400000,0.000000,0,0,0,0,0,0,0,0,0,0,0,21,0,350,620.6801736663606,170.55653499846812,2986.5540099999635,27520.0
1791187484,0,GET,Public: wttr.in/Novosibirsk,0.400000,0.000000,0,0,0,0,0,0,0,0,0,0,0,18,0,2000,2429.3571708872655,750.698061005096,6903.610150999157,39654.0
1791187484,0,,Aggregated,2.500000,0.000000,0,0,0,0,0,0,0,0,0,0,0,115,0,620,931.4096883132943,170.55653499846812,6903.610150999157,12935.826086956522
1791187485,0,GET,BMC: PowerState,0.700000,0.000000,0,0,0,0,0,0,0,0,0,0,0,46,0,600,702.5927872619714,336.4688909932738,1667.7300919982372,2578.0
1791187485,0,GET,BMC: system information,1.000000,0.000000,0,0,0,0,0,0,0,0,0,0,0,30,0,580,601.0044406337935,325.445763010066,1232.8882760048145,2578.0
1791187485,0,GET,Public: /posts,0.400000,0.000000,0,0,0,0,0,0,0,0,0,0,0,21,0,350,620.6801736663606,170.55653499846812,2986.5540099999635,27520.0
1791187485,0,GET,Public: wttr.in/Novosibirsk,0.400000,0.000000,0,0,0,0,0,0,0,0,0,0,0,18,0,2000,2429.3571708872655,750.698061005096,6903.610150999157,39654.0
1791187485,0,,Aggregated,2.500000,0.000000,0,0,0,0,0,0,0,0,0,0,0,115,0,620,931.4096883132943,170.55653499846812,6903.610150999157,12935.826086956522
1791187487,0,GET,BMC: PowerState,0.700000,0.000000,0,0,0,0,0,0,0,0,0,0,0,46,0,600,702.5927872619714,336.4688909932738,1667.7300919982372,2578.0
1791187487,0,GET,BMC: system information,1.000000,0.000000,0,0,0,0,0,0,0,0,0,0,0,30,0,580,601.0044406337935,325.445763010066,1232.8882760048145,2578.0
1791187487,0,GET,Public: /posts,0.400000,0.000000,0,0,0,0,0,0,0,0,0,0,0,21,0,350,620.6801736663606,170.55653499846812,2986.5540099999635,27520.0
1791187487,0,GET,Public: wttr.in/Novosibirsk,0.400000,0.000000,0,0,0,0,0,0,0,0,0,0,0,18,0,2000,2429.3571708872655,750.698061005096,6903.610150999157,39654.0
1791187487,0,,Aggregated,2.500000,0.000000,0,0,0,0,0,0,0,0,0,0,0,115,0,620,931.4096883132943,170.55653499846812,6903.610150999157,12935.826086956522
1791187488,0,GET,BMC: PowerState,0.700000,0.000000,0,0,0,0,0,0,0,0,0,0,0,46,0,600,702.5927872619714,336.4688909932738,1667.7300919982372,2578.0
1791187488,0,GET,BMC: system information,1.000000,0.000000,0,0,0,0,0,0,0,0,0,0,0,30,0,580,601.0044406337935,325.445763010066,1232.8882760048145,2578.0
1791187488,0,GET,Public: /posts,0.400000,0.000000,0,0,0,0,0,0,0,0,0,0,0,21,0,350,620.6801736663606,170.55653499846812,2986.5540099999635,27520.0
1791187488,0,GET,Public: wttr.in/Novosibirsk,0.400000,0.000000,0,0,0,0,0,0,0,0,0,0,0,18,0,2000,2429.3571708872655,750.698061005096,6903.610150999157,39654.0
1791187488,0,,Aggregated,2.500000,0.000000,0,0,0,0,0,0,0,0,0,0,0,115,0,620,931.4096883132943,170.55653499846812,6903.610150999157,12935.826086956522
1791187489,0,GET,BMC: PowerState,0.700000,0.000000,0,0,0,0,0,0,0,0,0,0,0,46,0,600,702.5927872619714,336.4688909932738,1667.7300919982372,2578.0
1791187489,0,GET,BMC: system information,1.000000,0.000000,0,0,0,0,0,0,0,0,0,0,0,30,0,580,601.0044406337935,325.445763010066,1232.8882760048145,2578.0
1791187489,0,GET,Public: /posts,0.400000,0.000000,0,0,0,0,0,0,0,0,0,0,0,21,0,350,620.6801736663606,170.55653499846812,2986.5540099999635,27520.0
1791187489,0,GET,Public: wttr.in/Novosibirsk,0.400000,0.000000,0,0,0,0,0,0,0,0,0,0,0,18,0,2000,2429.3571708872655,750.698061005096,6903.610150999157,39654.0
1791187489,0,,Aggregated,2.500000,0.000000,0,0,0,0,0,0,0,0,0,0,0,115,0,620,931.4096883132943,170.55653499846812,6903.610150999157,12935.826086956522
1791187490,0,GET,BMC: PowerState,0.700000,0.000000,0,0,0,0,0,0,0,0,0,0,0,46,0,600,702.5927872619714,336.4688909932738,1667.7300919982372,2578.0
1791187490,0,GET,BMC: system information,1.000000,0.000000,0,0,0,0,0,0,0,0,0,0,0,30,0,580,601.0044406337935,325.445763010066,1232.8882760048145,2578.0
1791187490,0,GET,Public: /posts,0.400000,0.000000,0,0,0,0,0,0,0,0,0,0,0,21,0,350,620.6801736663606,170.55653499846812,2986.5540099999635,27520.0
1791187490,0,GET,Public: wttr.in/Novosibirsk,0.400000,0.000000,0,0,0,0,0,0,0,0,0,0,0,18,0,2000,2429.3571708872655,750.698061005096,6903.610150999157,39654.0
1791187490,0,,Aggregated,2.500000,0.000000,0,0,0,0,0,0,0,0,0,0,0,115,0,620,931.4096883132943,170.55653499846812,6903.610150999157,12935.826086956522
1791187491,0,GET,BMC: PowerState,0.700000,0.000000,0,0,0,0,0,0,0,0,0,0,0,46,0,600,702.5927872619714,336.4688909932738,1667.7300919982372,2578.0
1791187491,0,GET,BMC: system information,1.000000,0.000000,0,0,0,0,0,0,0,0,0,0,0,30,0,580,601.0044406337935,325.445763010066,1232.8882760048145,2578.0
1791187491,0,GET,Public: /posts,0.400000,0.000000,0,0,0,0,0,0,0,0,0,0,0,21,0,350,620.6801736663606,170.55653499846812,2986.5540099999635,27520.0
1791187491,0,GET,Public: wttr.in/Novosibirsk,0.400000,0.000000,0,0,0,0,0,0,0,0,0,0,0,18,0,2000,2429.3571708872655,750.698061005096,6903.610150999157,39654.0
1791187491,0,,Aggregated,2.500000,0.000000,0,0,0,0,0,0,0,0,0,0,0,115,0,620,931.4096883132943,170.55653499846812,6903.610150999157,12935.826086956522
1791187492,0,GET,BMC: PowerState,0.700000,0.000000,0,0,0,0,0,0,0,0,0,0,0,46,0,600,702.5927872619714,336.4688909932738,1667.7300919982372,2578.0
1791187492,0,GET,BMC: system information,1.000000,0.000000,0,0,0,0,0,0,0,0,0,0,0,30,0,580,601.0044406337935,325.445763010066,1232.8882760048145,2578.0
1791187492,0,GET,Public: /posts,0.400000,0.000000,0,0,0,0,0,0,0,0,0,0,0,21,0,350,620.6801736663606,170.55653499846812,2986.5540099999635,27520.0
1791187492,0,GET,Public: wttr.in/Novosibirsk,0.400000,0.000000,0,0,0,0,0,0,0,0,0,0,0,18,0,2000,2429.3571708872655,750.698061005096,6903.610150999157,39654.0
1791187492,0,,Aggregated,2.500000,0.000000,0,0,0,0,0,0,0,0,0,0,0,115,0,620,931.4096883132943,170.55653499846812,6903.610150999157,12935.826086956522
1791187493,0,GET,BMC: PowerState,0.700000,0.000000,0,0,0,0,0,0,0,0,0,0,0,46,0,600,702.5927872619714,336.4688909932738,1667.7300919982372,2578.0
1791187493,0,GET,BMC: system information,1.000000,0.000000,0,0,0,0,0,0,0,0,0,0,0,30,0,580,601.0044406337935,325.445763010066,1232.8882760048145,2578.0
1791187493,0,GET,Public: /posts,0.400000,0.000000,0,0,0,0,0,0,0,0,0,0,0,21,0,350,620.6801736663606,170.55653499846812,2986.5540099999635,27520.0
1791187493,0,GET,Public: wttr.in/Novosibirsk,0.400000,0.000000,0,0,0,0,0,0,0,0,0,0,0,18,0,2000,2429.3571708872655,750.698061005096,6903.610150999157,39654.0
1791187493,0,,Aggregated,2.500000,0.000000,0,0,0,0,0,0,0,0,0,0,0,115,0,620,931.4096883132943,170.55653499846812,6903.610150999157,12935.826086956522
1791187494,0,GET,BMC: PowerState,0.700000,0.000000,0,0,0,0,0,0,0,0,0,0,0,46,0,600,702.5927872619714,336.4688909932738,1667.7300919982372,2578.0
1791187494,0,GET,BMC: system information,1.000000,0.000000,0,0,0,0,0,0,0,0,0,0,0,30,0,580,601.0044406337935,325.445763010066,1232.8882760048145,2578.0
1791187494,0,GET,Public: /posts,0.400000,0.000000,0,0,0,0,0,0,0,0,0,0,0,21,0,350,620.6801736663606,170.55653499846812,2986.5540099999635,27520.0
1791187494,0,GET,Public: wttr.in/Novosibirsk,0.400000,0.000000,0,0,0,0,0,0,0,0,0,0,0,18,0,2000,2429.3571708872655,750.698061005096,6903.610150999157,39654.0
1791187494,0,,Aggregated,2.500000,0.000000,0,0,0,0,0,0,0,0,0,0,0,115,0,620,931.4096883132943,170.55653499846812,6903.610150999157,12935.826086956522
1791187495,0,GET,BMC: PowerState,0.700000,0.000000,0,0,0,0,0,0,0,0,0,0,0,46,0,600,702.5927872619714,336.4688909932738,1667.7300919982372,2578.0
1791187495,0,GET,BMC: system information,1.000000,0.000000,0,0,0,0,0,0,0,0,0,0,0,30,0,580,601.0044406337935,325.445763010066,1232.8882760048145,2578.0
1791187495,0,GET,Public: /posts,0.400000,0.000000,0,0,0,0,0,0,0,0,0,0,0,21,0,350,620.6801736663606,170.55653499846812,2986.5540099999635,27520.0
1791187495,0,GET,Public: wttr.in/Novosibirsk,0.400000,0.000000,0,0,0,0,0,0,0,0,0,0,0,18,0,2000,2429.3571708872655,750.698061005096,6903.610150999157,39654.0
1791187495,0,,Aggregated,2.500000,0.000000,0,0,0,0,0,0,0,0,0,0,0,115,0,620,931.4096883132943,170.55653499846812,6903.610150999157,12935.826086956522
1791187496,0,GET,BMC: PowerState,0.700000,0.000000,0,0,0,0,0,0,0,0,0,0,0,46,0,600,702.5927872619714,336.4688909932738,1667.7300919982372,2578.0
1791187496,0,GET,BMC: system information,1.000000,0.000000,0,0,0,0,0,0,0,0,0,0,0,30,0,580,601.0044406337935,325.445763010066,1232.8882760048145,2578.0
1791187496,0,GET,Public: /posts,0.400000,0.000000,0,0,0,0,0,0,0,0,0,0,0,21,0,350,620.6801736663606,170.55653499846812,2986.5540099999635,27520.0
1791187496,0,GET,Public: wttr.in/Novosibirsk,0.400000,0.000000,0,0,0,0,0,0,0,0,0,0,0,18,0,2000,2429.3571708872655,750.698061005096,6903.610150999157,39654.0
1791187496,0,,Aggregated,2.500000,0.000000,0,0,0,0,0,0,0,0,0,0,0,115,0,620,931.4096883132943,170.55653499846812,6903.610150999157,12935.826086956522
1791187497,0,GET,BMC: PowerState,0.700000,0.000000,0,0,0,0,0,0,0,0,0,0,0,46,0,600,702.5927872619714,336.4688909932738,1667.7300919982372,2578.0
1791187497,0,GET,BMC: system information,1.000000,0.000000,0,0,0,0,0,0,0,0,0,0,0,30,0,580,601.0044406337935,325.445763010066,1232.8882760048145,2578.0
1791187497,0,GET,Public: /posts,0.400000,0.000000,0,0,0,0,0,0,0,0,0,0,0,21,0,350,620.6801736663606,170.55653499846812,2986.5540099999635,27520.0
1791187497,0,GET,Public: wttr.in/Novosibirsk,0.400000,0.000000,0,0,0,0,0,0,0,0,0,0,0,18,0,2000,2429.3571708872655,750.698061005096,6903.610150999157,39654.0
1791187497,0,,Aggregated,2.500000,0.000000,0,0,0,0,0,0,0,0,0,0,0,115,0,620,931.4096883132943,170.55653499846812,6903.610150999157,12935.826086956522
1791187498,0,GET,BMC: PowerState,0.700000,0.000000,0,0,0,0,0,0,0,0,0,0,0,46,0,600,702.5927872619714,336.4688909932738,1667.7300919982372,2578.0
1791187498,0,GET,BMC: system information,1.000000,0.000000,0,0,0,0,0,0,0,0,0,0,0,30,0,580,601.0044406337935,325.445763010066,1232.8882760048145,2578.0
1791187498,0,GET,Public: /posts,0.400000,0.000000,0,0,0,0,0,0,0,0,0,0,0,21,0,350,620.6801736663606,170.55653499846812,2986.5540099999635,27520.0
1791187498,0,GET,Public: wttr.in/Novosibirsk,0.400000,0.000000,0,0,0,0,0,0,0,0,0,0,0,18,0,2000,2429.3571708872655,750.698061005096,6903.610150999157,39654.0
1791187498,0,,Aggregated,2.500000,0.000000,0,0,0,0,0,0,0,0,0,0,0,115,0,620,931.4096883132943,170.55653499846812,6903.610150999157,12935.826086956522
1791187499,0,GET,BMC: PowerState,0.700000,0.000000,0,0,0,0,0,0,0,0,0,0,0,46,0,600,702.5927872619714,336.4688909932738,1667.7300919982372,2578.0
1791187499,0,GET,BMC: system information,1.000000,0.000000,0,0,0,0,0,0,0,0,0,0,0,30,0,580,601.0044406337935,325.445763010066,1232.8882760048145,2578.0
1791187499,0,GET,Public: /posts,0.400000,0.000000,0,0,0,0,0,0,0,0,0,0,0,21,0,350,620.6801736663606,170.55653499846812,2986.5540099999635,27520.0
1791187499,0,GET,Public: wttr.in/Novosibirsk,0.400000,0.000000,0,0,0,0,0,0,0,0,0,0,0,18,0,2000,2429.3571708872655,750.698061005096,6903.610150999157,39654.0
1791187499,0,,Aggregated,2.500000,0.000000,0,0,0,0,0,0,0,0,0,0,0,115,0,620,931.4096883132943,170.55653499846812,6903.610150999157,12935.826086956522
1791187500,0,GET,BMC: PowerState,0.700000,0.000000,0,0,0,0,0,0,0,0,0,0,0,46,0,600,702.5927872619714,336.4688909932738,1667.7300919982372,2578.0
1791187500,0,GET,BMC: system information,1.000000,0.000000,0,0,0,0,0,0,0,0,0,0,0,30,0,580,601.0044406337935,325.445763010066,1232.8882760048145,2578.0
1791187500,0,GET,Public: /posts,0.400000,0.000000,0,0,0,0,0,0,0,0,0,0,0,21,0,350,620.6801736663606,170.55653499846812,2986.5540099999635,27520.0
1791187500,0,GET,Public: wttr.in/Novosibirsk,0.400000,0.000000,0,0,0,0,0,0,0,0,0,0,0,18,0,2000,2429.3571708872655,750.698061005096,6903.610150999157,39654.0
1791187500,0,,Aggregated,2.500000,0.000000,0,0,0,0,0,0,0,0,0,0,0,115,0,620,931.4096883132943,170.55653499846812,6903.610150999157,12935.826086956522
1791187501,0,GET,BMC: PowerState,0.700000,0.000000,0,0,0,0,0,0,0,0,0,0,0,46,0,600,702.5927872619714,336.4688909932738,1667.7300919982372,2578.0
1791187501,0,GET,BMC: system information,1.000000,0.000000,0,0,0,0,0,0,0,0,0,0,0,30,0,580,601.0044406337935,325.445763010066,1232.8882760048145,2578.0
1791187501,0,GET,Public: /posts,0.400000,0.000000,0,0,0,0,0,0,0,0,0,0,0,21,0,350,620.6801736663606,170.55653499846812,2986.5540099999635,27520.0
1791187501,0,GET,Public: wttr.in/Novosibirsk,0.400000,0.000000,0,0,0,0,0,0,0,0,0,0,0,18,0,2000,2429.3571708872655,750.698061005096,6903.610150999157,39654.0
1791187501,0,,Aggregated,2.500000,0.000000,0,0,0,0,0,0,0,0,0,0,0,115,0,620,931.4096883132943,170.55653499846812,6903.610150999157,12935.826086956522
1791187502,0,GET,BMC: PowerState,0.700000,0.000000,0,0,0,0,0,0,0,0,0,0,0,46,0,600,702.5927872619714,336.4688909932738,1667.7300919982372,2578.0
1791187502,0,GET,BMC: system information,1.000000,0.000000,0,0,0,0,0,0,0,0,0,0,0,30,0,580,601.0044406337935,325.445763010066,1232.8882760048145,2578.0
1791187502,0,GET,Public: /posts,0.400000,0.000000,0,0,0,0,0,0,0,0,0,0,0,21,0,350,620.6801736663606,170.55653499846812,2986.5540099999635,27520.0
1791187502,0,GET,Public: wttr.in/Novosibirsk,0.400000,0.000000,0,0,0,0,0,0,0,0,0,0,0,18,0,2000,2429.3571708872655,750.698061005096,6903.610150999157,39654.0
1791187502,0,,Aggregated,2.500000,0.000000,0,0,0,0,0,0,0,0,0,0,0,115,0,620,931.4096883132943,170.55653499846812,6903.610150999157,12935.826086956522
1791187503,0,GET,BMC: PowerState,0.700000,0.000000,0,0,0,0,0,0,0,0,0,0,0,46,0,600,702.5927872619714,336.4688909932738,1667.7300919982372,2578.0
1791187503,0,GET,BMC: system information,1.000000,0.000000,0,0,0,0,0,0,0,0,0,0,0,30,0,580,601.0044406337935,325.445763010066,1232.8882760048145,2578.0
1791187503,0,GET,Public: /posts,0.400000,0.000000,0,0,0,0,0,0,0,0,0,0,0,21,0,350,620.6801736663606,170.55653499846812,2986.5540099999635,27520.0
1791187503,0,GET,Public: wttr.in/Novosibirsk,0.400000,0.000000,0,0,0,0,0,0,0,0,0,0,0,18,0,2000,2429.3571708872655,750.698061005096,6903.610150999157,39654.0
1791187503,0,,Aggregated,2.500000,0.000000,0,0,0,0,0,0,0,0,0,0,0,115,0,620,931.4096883132943,170.55653499846812,6903.610150999157,12935.826086956522
1791187504,0,GET,BMC: PowerState,0.700000,0.000000,0,0,0,0,0,0,0,0,0,0,0,46,0,600,702.5927872619714,336.4688909932738,1667.7300919982372,2578.0
1791187504,0,GET,BMC: system information,1.000000,0.000000,0,0,0,0,0,0,0,0,0,0,0,30,0,580,601.0044406337935,325.445763010066,1232.8882760048145,2578.0
1791187504,0,GET,Public: /posts,0.400000,0.000000,0,0,0,0,0,0,0,0,0,0,0,21,0,350,620.6801736663606,170.55653499846812,2986.5540099999635,27520.0
1791187504,0,GET,Public: wttr.in/Novosibirsk,0.400000,0.000000,0,0,0,0,0,0,0,0,0,0,0,18,0,2000,2429.3571708872655,750.698061005096,6903.610150999157,39654.0
1791187504,0,,Aggregated,2.500000,0.000000,0,0,0,0,0,0,0,0,0,0,0,115,0,620,931.4096883132943,170.55653499846812,6903.610150999157,12935.826086956522
1791187505,0,GET,BMC: PowerState,0.700000,0.000000,0,0,0,0,0,0,0,0,0,0,0,46,0,600,702.5927872619714,336.4688909932738,1667.7300919982372,2578.0
1791187505,0,GET,BMC: system information,1.000000,0.000000,0,0,0,0,0,0,0,0,0,0,0,30,0,580,601.0044406337935,325.445763010066,1232.8882760048145,2578.0
1791187505,0,GET,Public: /posts,0.400000,0.000000,0,0,0,0,0,0,0,0,0,0,0,21,0,350,620.6801736663606,170.55653499846812,2986.5540099999635,27520.0
1791187505,0,GET,Public: wttr.in/Novosibirsk,0.400000,0.000000,0,0,0,0,0,0,0,0,0,0,0,18,0,2000,2429.3571708872655,750.698061005096,6903.610150999157,39654.0
1791187505,0,,Aggregated,2.500000,0.000000,0,0,0,0,0,0,0,0,0,0,0,115,0,620,931.4096883132943,170.55653499846812,6903.610150999157,12935.826086956522
1791187506,0,GET,BMC: PowerState,0.700000,0.000000,0,0,0,0,0,0,0,0,0,0,0,46,0,600,702.5927872619714,336.4688909932738,1667.7300919982372,2578.0
1791187506,0,GET,BMC: system information,1.000000,0.000000,0,0,0,0,0,0,0,0,0,0,0,30,0,580,601.0044406337935,325.445763010066,1232.8882760048145,2578.0
1791187506,0,GET,Public: /posts,0.400000,0.000000,0,0,0,0,0,0,0,0,0,0,0,21,0,350,620.6801736663606,170.55653499846812,2986.5540099999635,27520.0
1791187506,0,GET,Public: wttr.in/Novosibirsk,0.400000,0.000000,0,0,0,0,0,0,0,0,0,0,0,18,0,2000,2429.3571708872655,750.698061005096,6903.610150999157,39654.0
1791187506,0,,Aggregated,2.500000,0.000000,0,0,0,0,0,0,0,0,0,0,0,115,0,620,931.4096883132943,170.55653499846812,6903.610150999157,12935.826086956522
1791187507,0,GET,BMC: PowerState,0.700000,0.000000,0,0,0,0,0,0,0,0,0,0,0,46,0,600,702.5927872619714,336.4688909932738,1667.7300919982372,2578.0
1791187507,0,GET,BMC: system information,1.000000,0.000000,0,0,0,0,0,0,0,0,0,0,0,30,0,580,601.0044406337935,325.445763010066,1232.8882760048145,2578.0
1791187507,0,GET,Public: /posts,0.400000,0.000000,0,0,0,0,0,0,0,0,0,0,0,21,0,350,620.6801736663606,170.55653499846812,2986.5540099999635,27520.0
1791187507,0,GET,Public: wttr.in/Novosibirsk,0.400000,0.000000,0,0,0,0,0,0,0,0,0,0,0,18,0,2000,2429.3571708872655,750.698061005096,6903.610150999157,39654.0
1791187507,0,,Aggregated,2.500000,0.000000,0,0,0,0,0,0,0,0,0,0,0,115,0,620,931.4096883132943,170.55653499846812,6903.610150999157,12935.826086956522
1791187508,0,GET,BMC: PowerState,0.700000,0.000000,0,0,0,0,0,0,0,0,0,0,0,46,0,600,702.5927872619714,336.4688909932738,1667.7300919982372,2578.0
1791187508,0,GET,BMC: system information,1.000000,0.000000,0,0,0,0,0,0,0,0,0,0,0,30,0,580,601.0044406337935,325.445763010066,1232.8882760048145,2578.0
1791187508,0,GET,Public: /posts,0.400000,0.000000,0,0,0,0,0,0,0,0,0,0,0,21,0,350,620.6801736663606,170.55653499846812,2986.5540099999635,27520.0
1791187508,0,GET,Public: wttr.in/Novosibirsk,0.400000,0.000000,0,0,0,0,0,0,0,0,0,0,0,18,0,2000,2429.3571708872655,750.698061005096,6903.610150999157,39654.0
1791187508,0,,Aggregated,2.500000,0.000000,0,0,0,0,0,0,0,0,0,0,0,115,0,620,931.4096883132943,170.55653499846812,6903.610150999157,12935.826086956522
1791187509,0,GET,BMC: PowerState,0.700000,0.000000,0,0,0,0,0,0,0,0,0,0,0,46,0,600,702.5927872619714,336.4688909932738,1667.7300919982372,2578.0
1791187509,0,GET,BMC: system information,1.000000,0.000000,0,0,0,0,0,0,0,0,0,0,0,30,0,580,601.0044406337935,325.445763010066,1232.8882760048145,2578.0
1791187509,0,GET,Public: /posts,0.400000,0.000000,0,0,0,0,0,0,0,0,0,0,0,21,0,350,620.6801736663606,170.55653499846812,2986.5540099999635,27520.0
1791187509,0,GET,Public: wttr.in/Novosibirsk,0.400000,0.000000,0,0,0,0,0,0,0,0,0,0,0,18,0,2000,2429.3571708872655,750.698061005096,6903.610150999157,39654.0
1791187509,0,,Aggregated,2.500000,0.000000,0,0,0,0,0,0,0,0,0,0,0,115,0,620,931.4096883132943,170.55653499846812,6903.610150999157,12935.826086956522
1791187510,0,GET,BMC: PowerState,0.700000,0.000000,0,0,0,0,0,0,0,0,0,0,0,46,0,600,702.5927872619714,336.4688909932738,1667.7300919982372,2578.0
1791187510,0,GET,BMC: system information,1.000000,0.000000,0,0,0,0,0,0,0,0,0,0,0,30,0,580,601.0044406337935,325.445763010066,1232.8882760048145,2578.0
1791187510,0,GET,Public: /posts,0.400000,0.000000,0,0,0,0,0,0,0,0,0,0,0,21,0,350,620.6801736663606,170.55653499846812,2986.5540099999635,27520.0
1791187510,0,GET,Public: wttr.in/Novosibirsk,0.400000,0.000000,0,0,0,0,0,0,0,0,0,0,0,18,0,2000,2429.3571708872655,750.698061005096,6903.610150999157,39654.0
1791187510,0,,Aggregated,2.500000,0.000000,0,0,0,0,0,0,0,0,0,0,0,115,0,620,931.4096883132943,170.55653499846812,6903.610150999157,12935.826086956522
1791187511,0,GET,BMC: PowerState,0.700000,0.000000,0,0,0,0,0,0,0,0,0,0,0,46,0,600,702.5927872619714,336.4688909932738,1667.7300919982372,2578.0
1791187511,0,GET,BMC: system information,1.000000,0.000000,0,0,0,0,0,0,0,0,0,0,0,30,0,580,601.0044406337935,325.445763010066,1232.8882760048145,2578.0
1791187511,0,GET,Public: /posts,0.400000,0.000000,0,0,0,0,0,0,0,0,0,0,0,21,0,350,620.6801736663606,170.55653499846812,2986.5540099999635,27520.0
1791187511,0,GET,Public: wttr.in/Novosibirsk,0.400000,0.000000,0,0,0,0,0,0,0,0,0,0,0,18,0,2000,2429.3571708872655,750.698061005096,6903.610150999157,39654.0
1791187511,0,,Aggregated,2.500000,0.000000,0,0,0,0,0,0,0,0,0,0,0,115,0,620,931.4096883132943,170.55653499846812,6903.610150999157,12935.826086956522
1791187512,0,GET,BMC: PowerState,0.700000,0.000000,0,0,0,0,0,0,0,0,0,0,0,46,0,600,702.5927872619714,336.4688909932738,1667.7300919982372,2578.0
1791187512,0,GET,BMC: system information,1.000000,0.000000,0,0,0,0,0,0,0,0,0,0,0,30,0,580,601.0044406337935,325.445763010066,1232.8882760048145,2578.0
1791187512,0,GET,Public: /posts,0.400000,0.000000,0,0,0,0,0,0,0,0,0,0,0,21,0,350,620.6801736663606,170.55653499846812,2986.5540099999635,27520.0
1791187512,0,GET,Public: wttr.in/Novosibirsk,0.400000,0.000000,0,0,0,0,0,0,0,0,0,0,0,18,0,2000,2429.3571708872655,750.698061005096,6903.610150999157,39654.0
1791187512,0,,Aggregated,2.500000,0.000000,0,0,0,0,0,0,0,0,0,0,0,115,0,620,931.4096883132943,170.55653499846812,6903.610150999157,12935.826086956522
1791187513,0,GET,BMC: PowerState,0.700000,0.000000,0,0,0,0,0,0,0,0,0,0,0,46,0,600,702.5927872619714,336.4688909932738,1667.7300919982372,2578.0
1791187513,0,GET,BMC: system information,1.000000,0.000000,0,0,0,0,0,0,0,0,0,0,0,30,0,580,601.0044406337935,325.445763010066,1232.8882760048145,2578.0
1791187513,0,GET,Public: /posts,0.400000,0.000000,0,0,0,0,0,0,0,0,0,0,0,21,0,350,620.6801736663606,170.55653499846812,2986.5540099999635,27520.0
1791187513,0,GET,Public: wttr.in/Novosibirsk,0.400000,0.000000,0,0,0,0,0,0,0,0,0,0,0,18,0,2000,2429.3571708872655,750.698061005096,6903.610150999157,39654.0
1791187513,0,,Aggregated,2.500000,0.000000,0,0,0,0,0,0,0,0,0,0,0,115,0,620,931.4096883132943,170.55653499846812,6903.610150999157,12935.826086956522
1791187514,0,GET,BMC: PowerState,0.700000,0.000000,0,0,0,0,0,0,0,0,0,0,0,46,0,600,702.5927872619714,336.4688909932738,1667.7300919982372,2578.0
1791187514,0,GET,BMC: system information,1.000000,0.000000,0,0,0,0,0,0,0,0,0,0,0,30,0,580,601.0044406337935,325.445763010066,1232.8882760048145,2578.0
1791187514,0,GET,Public: /posts,0.400000,0.000000,0,0,0,0,0,0,0,0,0,0,0,21,0,350,620.6801736663606,170.55653499846812,2986.5540099999635,27520.0
1791187514,0,GET,Public: wttr.in/Novosibirsk,0.400000,0.000000,0,0,0,0,0,0,0,0,0,0,0,18,0,2000,2429.3571708872655,750.698061005096,6903.610150999157,39654.0
1791187514,0,,Aggregated,2.500000,0.000000,0,0,0,0,0,0,0,0,0,0,0,115,0,620,931.4096883132943,170.55653499846812,6903.610150999157,12935.826086956522
1791187515,0,GET,BMC: PowerState,0.700000,0.000000,0,0,0,0,0,0,0,0,0,0,0,46,0,600,702.5927872619714,336.4688909932738,1667.7300919982372,2578.0
1791187515,0,GET,BMC: system information,1.000000,0.000000,0,0,0,0,0,0,0,0,0,0,0,30,0,580,601.0044406337935,325.445763010066,1232.8882760048145,2578.0
1791187515,0,GET,Public: /posts,0.400000,0.000000,0,0,0,0,0,0,0,0,0,0,0,21,0,350,620.6801736663606,170.55653499846812,2986.5540099999635,27520.0
1791187515,0,GET,Public: wttr.in/Novosibirsk,0.400000,0.000000,0,0,0,0,0,0,0,0,0,0,0,18,0,2000,2429.3571708872655,750.698061005096,6903.610150999157,39654.0
1791187515,0,,Aggregated,2.500000,0.000000,0,0,0,0,0,0,0,0,0,0,0,115,0,620,931.4096883132943,170.55653499846812,6903.610150999157,12935.826086956522
1791187516,0,GET,BMC: PowerState,0.700000,0.000000,0,0,0,0,0,0,0,0,0,0,0,46,0,600,702.5927872619714,336.4688909932738,1667.7300919982372,2578.0
1791187516,0,GET,BMC: system information,1.000000,0.000000,0,0,0,0,0,0,0,0,0,0,0,30,0,580,601.0044406337935,325.445763010066,1232.8882760048145,2578.0
1791187516,0,GET,Public: /posts,0.400000,0.000000,0,0,0,0,0,0,0,0,0,0,0,21,0,350,620.6801736663606,170.55653499846812,2986.5540099999635,27520.0
1791187516,0,GET,Public: wttr.in/Novosibirsk,0.400000,0.000000,0,0,0,0,0,0,0,0,0,0,0,18,0,2000,2429.3571708872655,750.698061005096,6903.610150999157,39654.0
1791187516,0,,Aggregated,2.500000,0.000000,0,0,0,0,0,0,0,0,0,0,0,115,0,620,931.4096883132943,170.55653499846812,6903.610150999157,12935.826086956522
1791187517,0,GET,BMC: PowerState,0.700000,0.000000,0,0,0,0,0,0,0,0,0,0,0,46,0,600,702.5927872619714,336.4688909932738,1667.7300919982372,2578.0
1791187517,0,GET,BMC: system information,1.000000,0.000000,0,0,0,0,0,0,0,0,0,0,0,30,0,580,601.0044406337935,325.445763010066,1232.8882760048145,2578.0
1791187517,0,GET,Public: /posts,0.400000,0.000000,0,0,0,0,0,0,0,0,0,0,0,21,0,350,620.6801736663606,170.55653499846812,2986.5540099999635,27520.0
1791187517,0,GET,Public: wttr.in/Novosibirsk,0.400000,0.000000,0,0,0,0,0,0,0,0,0,0,0,18,0,2000,2429.3571708872655,750.698061005096,6903.610150999157,39654.0
1791187517,0,,Aggregated,2.500000,0.000000,0,0,0,0,0,0,0,0,0,0,0,115,0,620,931.4096883132943,170.55653499846812,6903.610150999157,12935.826086956522
1791187518,0,GET,BMC: PowerState,0.700000,0.000000,0,0,0,0,0,0,0,0,0,0,0,46,0,600,702.5927872619714,336.4688909932738,1667.7300919982372,2578.0
1791187518,0,GET,BMC: system information,1.000000,0.000000,0,0,0,0,0,0,0,0,0,0,0,30,0,580,601.0044406337935,325.445763010066,1232.8882760048145,2578.0
1791187518,0,GET,Public: /posts,0.400000,0.000000,0,0,0,0,0,0,0,0,0,0,0,21,0,350,620.6801736663606,170.55653499846812,2986.5540099999635,27520.0
1791187518,0,GET,Public: wttr.in/Novosibirsk,0.400000,0.000000,0,0,0,0,0,0,0,0,0,0,0,18,0,2000,2429.3571708872655,750.698061005096,6903.610150999157,39654.0
1791187518,0,,Aggregated,2.500000,0.000000,0,0,0,0,0,0,0,0,0,0,0,115,0,620,931.4096883132943,170.55653499846812,6903.610150999157,12935.826086956522
1791187519,0,GET,BMC: PowerState,0.700000,0.000000,0,0,0,0,0,0,0,0,0,0,0,46,0,600,702.5927872619714,336.4688909932738,1667.7300919982372,2578.0
1791187519,0,GET,BMC: system information,1.000000,0.000000,0,0,0,0,0,0,0,0,0,0,0,30,0,580,601.0044406337935,325.445763010066,1232.8882760048145,2578.0
1791187519,0,GET,Public: /posts,0.400000,0.000000,0,0,0,0,0,0,0,0,0,0,0,21,0,350,620.6801736663606,170.55653499846812,2986.5540099999635,27520.0
1791187519,0,GET,Public: wttr.in/Novosibirsk,0.400000,0.000000,0,0,0,0,0,0,0,0,0,0,0,18,0,2000,2429.3571708872655,750.698061005096,6903.610150999157,39654.0
1791187519,0,,Aggregated,2.500000,0.000000,0,0,0,0,0,0,0,0,0,0,0,115,0,620,931.4096883132943,170.55653499846812,6903.610150999157,12935.826086956522
1791187520,0,GET,BMC: PowerState,0.700000,0.000000,0,0,0,0,0,0,0,0,0,0,0,46,0,600,702.5927872619714,336.4688909932738,1667.7300919982372,2578.0
1791187520,0,GET,BMC: system information,1.000000,0.000000,0,0,0,0,0,0,0,0,0,0,0,30,0,580,601.0044406337935,325.445763010066,1232.8882760048145,2578.0
1791187520,0,GET,Public: /posts,0.400000,0.000000,0,0,0,0,0,0,0,0,0,0,0,21,0,350,620.6801736663606,170.55653499846812,2986.5540099999635,27520.0
1791187520,0,GET,Public: wttr.in/Novosibirsk,0.400000,0.000000,0,0,0,0,0,0,0,0,0,0,0,18,0,2000,2429.3571708872655,750.698061005096,6903.610150999157,39654.0
1791187520,0,,Aggregated,2.500000,0.000000,0,0,0,0,0,0,0,0,0,0,0,115,0,620,931.4096883132943,170.55653499846812,6903.610150999157,12935.826086956522
1791187521,0,GET,BMC: PowerState,0.700000,0.000000,0,0,0,0,0,0,0,0,0,0,0,46,0,600,702.5927872619714,336.4688909932738,1667.7300919982372,2578.0
1791187521,0,GET,BMC: system information,1.000000,0.000000,0,0,0,0,0,0,0,0,0,0,0,30,0,580,601.0044406337935,325.445763010066,1232.8882760048145,2578.0
1791187521,0,GET,Public: /posts,0.400000,0.000000,0,0,0,0,0,0,0,0,0,0,0,21,0,350,620.6801736663606,170.55653499846812,2986.5540099999635,27520.0
1791187521,0,GET,Public: wttr.in/Novosibirsk,0.400000,0.000000,0,0,0,0,0,0,0,0,0,0,0,18,0,2000,2429.3571708872655,750.698061005096,6903.610150999157,39654.0
1791187521,0,,Aggregated,2.500000,0.000000,0,0,0,0,0,0,0,0,0,0,0,115,0,620,931.4096883132943,170.55653499846812,6903.610150999157,12935.826086956522
1791187522,0,GET,BMC: PowerState,0.700000,0.000000,0,0,0,0,0,0,0,0,0,0,0,46,0,600,702.5927872619714,336.4688909932738,1667.7300919982372,2578.0
1791187522,0,GET,BMC: system information,1.000000,0.000000,0,0,0,0,0,0,0,0,0,0,0,30,0,580,601.0044406337935,325.445763010066,1232.8882760048145,2578.0
1791187522,0,GET,Public: /posts,0.400000,0.000000,0,0,0,0,0,0,0,0,0,0,0,21,0,350,620.6801736663606,170.55653499846812,2986.5540099999635,27520.0
1791187522,0,GET,Public: wttr.in/Novosibirsk,0.400000,0.000000,0,0,0,0,0,0,0,0,0,0,0,18,0,2000,2429.3571708872655,750.698061005096,6903.610150999157,39654.0
1791187522,0,,Aggregated,2.500000,0.000000,0,0,0,0,0,0,0,0,0,0,0,115,0,620,931.4096883132943,170.55653499846812,6903.610150999157,12935.826086956522
1791187523,0,GET,BMC: PowerState,0.700000,0.000000,0,0,0,0,0,0,0,0,0,0,0,46,0,600,702.5927872619714,336.4688909932738,1667.7300919982372,2578.0
1791187523,0,GET,BMC: system information,1.000000,0.000000,0,0,0,0,0,0,0,0,0,0,0,30,0,580,601.0044406337935,325.445763010066,1232.8882760048145,2578.0
1791187523,0,GET,Public: /posts,0.400000,0.000000,0,0,0,0,0,0,0,0,0,0,0,21,0,350,620.6801736663606,170.55653499846812,2986.5540099999635,27520.0
1791187523,0,GET,Public: wttr.in/Novosibirsk,0.400000,0.000000,0,0,0,0,0,0,0,0,0,0,0,18,0,2000,2429.3571708872655,750.698061005096,6903.610150999157,39654.0
1791187523,0,,Aggregated,2.500000,0.000000,0,0,0,0,0,0,0,0,0,0,0,115,0,620,931.4096883132943,170.55653499846812,6903.610150999157,12935.826086956522
1791187524,0,GET,BMC: PowerState,0.700000,0.000000,0,0,0,0,0,0,0,0,0,0,0,46,0,600,702.5927872619714,336.4688909932738,1667.7300919982372,2578.0
1791187524,0,GET,BMC: system information,1.000000,0.000000,0,0,0,0,0,0,0,0,0,0,0,30,0,580,601.0044406337935,325.445763010066,1232.8882760048145,2578.0
1791187524,0,GET,Public: /posts,0.400000,0.000000,0,0,0,0,0,0,0,0,0,0,0,21,0,350,620.6801736663606,170.55653499846812,2986.5540099999635,27520.0
1791187524,0,GET,Public: wttr.in/Novosibirsk,0.400000,0.000000,0,0,0,0,0,0,0,0,0,0,0,18,0,2000,2429.3571708872655,750.698061005096,6903.610150999157,39654.0
1791187524,0,,Aggregated,2.500000,0.000000,0,0,0,0,0,0,0,0,0,0,0,115,0,620,931.4096883132943,170.55653499846812,6903.610150999157,12935.826086956522
1791187525,0,GET,BMC: PowerState,0.700000,0.000000,0,0,0,0,0,0,0,0,0,0,0,46,0,600,702.5927872619714,336.4688909932738,1667.7300919982372,2578.0
1791187525,0,GET,BMC: system information,1.000000,0.000000,0,0,0,0,0,0,0,0,0,0,0,30,0,580,601.0044406337935,325.445763010066,1232.8882760048145,2578.0
1791187525,0,GET,Public: /posts,0.400000,0.000000,0,0,0,0,0,0,0,0,0,0,0,21,0,350,620.6801736663606,170.55653499846812,2986.5540099999635,27520.0
1791187525,0,GET,Public: wttr.in/Novosibirsk,0.400000,0.000000,0,0,0,0,0,0,0,0,0,0,0,18,0,2000,2429.3571708872655,750.698061005096,6903.610150999157,39654.0
1791187525,0,,Aggregated,2.500000,0.000000,0,0,0,0,0,0,0,0,0,0,0,115,0,620,931.4096883132943,170.55653499846812,6903.610150999157,12935.826086956522
1791187526,0,GET,BMC: PowerState,0.700000,0.000000,0,0,0,0,0,0,0,0,0,0,0,46,0,600,702.5927872619714,336.4688909932738,1667.7300919982372,2578.0
1791187526,0,GET,BMC: system information,1.000000,0.000000,0,0,0,0,0,0,0,0,0,0,0,30,0,580,601.0044406337935,325.445763010066,1232.8882760048145,2578.0
1791187526,0,GET,Public: /posts,0.400000,0.000000,0,0,0,0,0,0,0,0,0,0,0,21,0,350,620.6801736663606,170.55653499846812,2986.5540099999635,27520.0
1791187526,0,GET,Public: wttr.in/Novosibirsk,0.400000,0.000000,0,0,0,0,0,0,0,0,0,0,0,18,0,2000,2429.3571708872655,750.698061005096,6903.610150999157,39654.0
1791187526,0,,Aggregated,2.500000,0.000000,0,0,0,0,0,0,0,0,0,0,0,115,0,620,931.4096883132943,170.55653499846812,6903.610150999157,12935.826086956522
1791187527,0,GET,BMC: PowerState,0.700000,0.000000,0,0,0,0,0,0,0,0,0,0,0,46,0,600,702.5927872619714,336.4688909932738,1667.7300919982372,2578.0
1791187527,0,GET,BMC: system information,1.000000,0.000000,0,0,0,0,0,0,0,0,0,0,0,30,0,580,601.0044406337935,325.445763010066,1232.8882760048145,2578.0
1791187527,0,GET,Public: /posts,0.400000,0.000000,0,0,0,0,0,0,0,0,0,0,0,21,0,350,620.6801736663606,170.55653499846812,2986.5540099999635,27520.0
1791187527,0,GET,Public: wttr.in/Novosibirsk,0.400000,0.000000,0,0,0,0,0,0,0,0,0,0,0,18,0,2000,2429.3571708872655,750.698061005096,6903.610150999157,39654.0
1791187527,0,,Aggregated,2.500000,0.000000,0,0,0,0,0,0,0,0,0,0,0,115,0,620,931.4096883132943,170.55653499846812,6903.610150999157,12935.826086956522
1791187528,0,GET,BMC: PowerState,0.700000,0.000000,0,0,0,0,0,0,0,0,0,0,0,46,0,600,702.5927872619714,336.4688909932738,1667.7300919982372,2578.0
1791187528,0,GET,BMC: system information,1.000000,0.000000,0,0,0,0,0,0,0,0,0,0,0,30,0,580,601.0044406337935,325.445763010066,1232.8882760048145,2578.0
1791187528,0,GET,Public: /posts,0.400000,0.000000,0,0,0,0,0,0,0,0,0,0,0,21,0,350,620.6801736663606,170.55653499846812,2986.5540099999635,27520.0
1791187528,0,GET,Public: wttr.in/Novosibirsk,0.400000,0.000000,0,0,0,0,0,0,0,0,0,0,0,18,0,2000,2429.3571708872655,750.698061005096,6903.610150999157,39654.0
1791187528,0,,Aggregated,2.500000,0.000000,0,0,0,0,0,0,0,0,0,0,0,115,0,620,931.4096883132943,170.55653499846812,6903.610150999157,12935.826086956522
1791187529,0,GET,BMC: PowerState,0.700000,0.000000,0,0,0,0,0,0,0,0,0,0,0,46,0,600,702.5927872619714,336.4688909932738,1667.7300919982372,2578.0
1791187529,0,GET,BMC: system information,1.000000,0.000000,0,0,0,0,0,0,0,0,0,0,0,30,0,580,601.0044406337935,325.445763010066,1232.8882760048145,2578.0
1791187529,0,GET,Public: /posts,0.400000,0.000000,0,0,0,0,0,0,0,0,0,0,0,21,0,350,620.6801736663606,170.55653499846812,2986.5540099999635,27520.0
1791187529,0,GET,Public: wttr.in/Novosibirsk,0.400000,0.000000,0,0,0,0,0,0,0,0,0,0,0,18,0,2000,2429.3571708872655,750.698061005096,6903.610150999157,39654.0
1791187529,0,,Aggregated,2.500000,0.000000,0,0,0,0,0,0,0,0,0,0,0,115,0,620,931.4096883132943,170.55653499846812,6903.610150999157,12935.826086956522
1791187530,0,GET,BMC: PowerState,0.700000,0.000000,0,0,0,0,0,0,0,0,0,0,0,46,0,600,702.5927872619714,336.4688909932738,1667.7300919982372,2578.0
1791187530,0,GET,BMC: system information,1.000000,0.000000,0,0,0,0,0,0,0,0,0,0,0,30,0,580,601.0044406337935,325.445763010066,1232.8882760048145,2578.0
1791187530,0,GET,Public: /posts,0.400000,0.000000,0,0,0,0,0,0,0,0,0,0,0,21,0,350,620.6801736663606,170.55653499846812,2986.5540099999635,27520.0
1791187530,0,GET,Public: wttr.in/Novosibirsk,0.400000,0.000000,0,0,0,0,0,0,0,0,0,0,0,18,0,2000,2429.3571708872655,750.698061005096,6903.610150999157,39654.0
1791187530,0,,Aggregated,2.500000,0.000000,0,0,0,0,0,0,0,0,0,0,0,115,0,620,931.4096883132943,170.55653499846812,6903.610150999157,12935.826086956522
1791187531,0,GET,BMC: PowerState,0.700000,0.000000,0,0,0,0,0,0,0,0,0,0,0,46,0,600,702.5927872619714,336.4688909932738,1667.7300919982372,2578.0
1791187531,0,GET,BMC: system information,1.000000,0.000000,0,0,0,0,0,0,0,0,0,0,0,30,0,580,601.0044406337935,325.445763010066,1232.8882760048145,2578.0
1791187531,0,GET,Public: /posts,0.400000,0.000000,0,0,0,0,0,0,0,0,0,0,0,21,0,350,620.6801736663606,170.55653499846812,2986.5540099999635,27520.0
1791187531,0,GET,Public: wttr.in/Novosibirsk,0.400000,0.000000,0,0,0,0,0,0,0,0,0,0,0,18,0,2000,2429.3571708872655,750.698061005096,6903.610150999157,39654.0
1791187531,0,,Aggregated,2.500000,0.000000,0,0,0,0,0,0,0,0,0,0,0,115,0,620,931.4096883132943,170.55653499846812,6903.610150999157,12935.826086956522
1791187532,0,GET,BMC: PowerState,0.700000,0.000000,0,0,0,0,0,0,0,0,0,0,0,46,0,600,702.5927872619714,336.4688909932738,1667.7300919982372,2578.0
1791187532,0,GET,BMC: system information,1.000000,0.000000,0,0,0,0,0,0,0,0,0,0,0,30,0,580,601.0044406337935,325.445763010066,1232.8882760048145,2578.0
1791187532,0,GET,Public: /posts,0.400000,0.000000,0,0,0,0,0,0,0,0,0,0,0,21,0,350,620.6801736663606,170.55653499846812,2986.5540099999635,27520.0
1791187532,0,GET,Public: wttr.in/Novosibirsk,0.400000,0.000000,0,0,0,0,0,0,0,0,0,0,0,18,0,2000,2429.3571708872655,750.698061005096,6903.610150999157,39654.0
1791187532,0,,Aggregated,2.500000,0.000000,0,0,0,0,0,0,0,0,0,0,0,115,0,620,931.4096883132943,170.55653499846812,6903.610150999157,12935.826086956522
1791187533,0,GET,BMC: PowerState,0.700000,0.000000,0,0,0,0,0,0,0,0,0,0,0,46,0,600,702.5927872619714,336.4688909932738,1667.7300919982372,2578.0
1791187533,0,GET,BMC: system information,1.000000,0.000000,0,0,0,0,0,0,0,0,0,0,0,30,0,580,601.0044406337935,325.445763010066,1232.8882760048145,2578.0
1791187533,0,GET,Public: /posts,0.400000,0.000000,0,0,0,0,0,0,0,0,0,0,0,21,0,350,620.6801736663606,170.55653499846812,2986.5540099999635,27520.0
1791187533,0,GET,Public: wttr.in/Novosibirsk,0.400000,0.000000,0,0,0,0,0,0,0,0,0,0,0,18,0,2000,2429.3571708872655,750.698061005096,6903.610150999157,39654.0
1791187533,0,,Aggregated,2.500000,0.000000,0,0,0,0,0,0,0,0,0,0,0,115,0,620,931.4096883132943,170.55653499846812,6903.610150999157,12935.826086956522
1791187534,0,GET,BMC: PowerState,0.700000,0.000000,0,0,0,0,0,0,0,0,0,0,0,46,0,600,702.5927872619714,336.4688909932738,1667.7300919982372,2578.0
1791187534,0,GET,BMC: system information,1.000000,0.000000,0,0,0,0,0,0,0,0,0,0,0,30,0,580,601.0044406337935,325.445763010066,1232.8882760048145,2578.0
1791187534,0,GET,Public: /posts,0.400000,0.000000,0,0,0,0,0,0,0,0,0,0,0,21,0,350,620.6801736663606,170.55653499846812,2986.5540099999635,27520.0
1791187534,0,GET,Public: wttr.in/Novosibirsk,0.400000,0.000000,0,0,0,0,0,0,0,0,0,0,0,18,0,2000,2429.3571708872655,750.698061005096,6903.610150999157,39654.0
1791187534,0,,Aggregated,2.500000,0.000000,0,0,0,0,0,0,0,0,0,0,0,115,0,620,931.4096883132943,170.55653499846812,6903.610150999157,12935.826086956522
1791187535,0,GET,BMC: PowerState,0.700000,0.000000,0,0,0,0,0,0,0,0,0,0,0,46,0,600,702.5927872619714,336.4688909932738,1667.7300919982372,2578.0
1791187535,0,GET,BMC: system information,1.000000,0.000000,0,0,0,0,0,0,0,0,0,0,0,30,0,580,601.0044406337935,325.445763010066,1232.8882760048145,2578.0
1791187535,0,GET,Public: /posts,0.400000,0.000000,0,0,0,0,0,0,0,0,0,0,0,21,0,350,620.6801736663606,170.55653499846812,2986.5540099999635,27520.0
1791187535,0,GET,Public: wttr.in/Novosibirsk,0.400000,0.000000,0,0,0,0,0,0,0,0,0,0,0,18,0,2000,2429.3571708872655,750.698061005096,6903.610150999157,39654.0
1791187535,0,,Aggregated,2.500000,0.000000,0,0,0,0,0,0,0,0,0,0,0,115,0,620,931.4096883132943,170.55653499846812,6903.610150999157,12935.826086956522
1791187536,0,GET,BMC: PowerState,0.700000,0.000000,0,0,0,0,0,0,0,0,0,0,0,46,0,600,702.5927872619714,336.4688909932738,1667.7300919982372,2578.0
1791187536,0,GET,BMC: system information,1.000000,0.000000,0,0,0,0,0,0,0,0,0,0,0,30,0,580,601.0044406337935,325.445763010066,1232.8882760048145,2578.0
1791187536,0,GET,Public: /posts,0.400000,0.000000,0,0,0,0,0,0,0,0,0,0,0,21,0,350,620.6801736663606,170.55653499846812,2986.5540099999635,27520.0
1791187536,0,GET,Public: wttr.in/Novosibirsk,0.400000,0.000000,0,0,0,0,0,0,0,0,0,0,0,18,0,2000,2429.3571708872655,750.698061005096,6903.610150999157,39654.0
1791187536,0,,Aggregated,2.500000,0.000000,0,0,0,0,0,0,0,0,0,0,0,115,0,620,931.4096883132943,170.55653499846812,6903.610150999157,12935.826086956522
1791187537,0,GET,BMC: PowerState,0.700000,0.000000,0,0,0,0,0,0,0,0,0,0,0,46,0,600,702.5927872619714,336.4688909932738,1667.7300919982372,2578.0
1791187537,0,GET,BMC: system information,1.000000,0.000000,0,0,0,0,0,0,0,0,0,0,0,30,0,580,601.0044406337935,325.445763010066,1232.8882760048145,2578.0
1791187537,0,GET,Public: /posts,0.400000,0.000000,0,0,0,0,0,0,0,0,0,0,0,21,0,350,620.6801736663606,170.55653499846812,2986.5540099999635,27520.0
1791187537,0,GET,Public: wttr.in/Novosibirsk,0.400000,0.000000,0,0,0,0,0,0,0,0,0,0,0,18,0,2000,2429.3571708872655,750.698061005096,6903.610150999157,39654.0
1791187537,0,,Aggregated,2.500000,0.000000,0,0,0,0,0,0,0,0,0,0,0,115,0,620,931.4096883132943,170.55653499846812,6903.610150999157,12935.826086956522
1791187538,0,GET,BMC: PowerState,0.700000,0.000000,0,0,0,0,0,0,0,0,0,0,0,46,0,600,702.5927872619714,336.4688909932738,1667.7300919982372,2578.0
1791187538,0,GET,BMC: system information,1.000000,0.000000,0,0,0,0,0,0,0,0,0,0,0,30,0,580,601.0044406337935,325.445763010066,1232.8882760048145,2578.0
1791187538,0,GET,Public: /posts,0.400000,0.000000,0,0,0,0,0,0,0,0,0,0,0,21,0,350,620.6801736663606,170.55653499846812,2986.5540099999635,27520.0
1791187538,0,GET,Public: wttr.in/Novosibirsk,0.400000,0.000000,0,0,0,0,0,0,0,0,0,0,0,18,0,2000,2429.3571708872655,750.698061005096,6903.610150999157,39654.0
1791187538,0,,Aggregated,2.500000,0.000000,0,0,0,0,0,0,0,0,0,0,0,115,0,620,931.4096883132943,170.55653499846812,6903.610150999157,12935.826086956522
1791187539,0,GET,BMC: PowerState,0.700000,0.000000,0,0,0,0,0,0,0,0,0,0,0,46,0,600,702.5927872619714,336.4688909932738,1667.7300919982372,2578.0
1791187539,0,GET,BMC: system information,1.000000,0.000000,0,0,0,0,0,0,0,0,0,0,0,30,0,580,601.0044406337935,325.445763010066,1232.8882760048145,2578.0
1791187539,0,GET,Public: /posts,0.400000,0.000000,0,0,0,0,0,0,0,0,0,0,0,21,0,350,620.6801736663606,170.55653499846812,2986.5540099999635,27520.0
1791187539,0,GET,Public: wttr.in/Novosibirsk,0.400000,0.000000,0,0,0,0,0,0,0,0,0,0,0,18,0,2000,2429.3571708872655,750.698061005096,6903.610150999157,39654.0
1791187539,0,,Aggregated,2.500000,0.000000,0,0,0,0,0,0,0,0,0,0,0,115,0,620,931.4096883132943,170.55653499846812,6903.610150999157,12935.826086956522
1791187540,0,GET,BMC: PowerState,0.700000,0.000000,0,0,0,0,0,0,0,0,0,0,0,46,0,600,702.5927872619714,336.4688909932738,1667.7300919982372,2578.0
1791187540,0,GET,BMC: system information,1.000000,0.000000,0,0,0,0,0,0,0,0,0,0,0,30,0,580,601.0044406337935,325.445763010066,1232.8882760048145,2578.0
1791187540,0,GET,Public: /posts,0.400000,0.000000,0,0,0,0,0,0,0,0,0,0,0,21,0,350,620.6801736663606,170.55653499846812,2986.5540099999635,27520.0
1791187540,0,GET,Public: wttr.in/Novosibirsk,0.400000,0.000000,0,0,0,0,0,0,0,0,0,0,0,18,0,2000,2429.3571708872655,750.698061005096,6903.610150999157,39654.0
1791187540,0,,Aggregated,2.500000,0.000000,0,0,0,0,0,0,0,0,0,0,0,115,0,620,931.4096883132943,170.55653499846812,6903.610150999157,12935.826086956522
1791187541,0,GET,BMC: PowerState,0.700000,0.000000,0,0,0,0,0,0,0,0,0,0,0,46,0,600,702.5927872619714,336.4688909932738,1667.7300919982372,2578.0
1791187541,0,GET,BMC: system information,1.000000,0.000000,0,0,0,0,0,0,0,0,0,0,0,30,0,580,601.0044406337935,325.445763010066,1232.8882760048145,2578.0
1791187541,0,GET,Public: /posts,0.400000,0.000000,0,0,0,0,0,0,0,0,0,0,0,21,0,350,620.6801736663606,170.55653499846812,2986.5540099999635,27520.0
1791187541,0,GET,Public: wttr.in/Novosibirsk,0.400000,0.000000,0,0,0,0,0,0,0,0,0,0,0,18,0,2000,2429.3571708872655,750.698061005096,6903.610150999157,39654.0
1791187541,0,,Aggregated,2.500000,0.000000,0,0,0,0,0,0,0,0,0,0,0,115,0,620,931.4096883132943,170.55653499846812,6903.610150999157,12935.826086956522
1791187542,0,GET,BMC: PowerState,0.700000,0.000000,0,0,0,0,0,0,0,0,0,0,0,46,0,600,702.5927872619714,336.4688909932738,1667.7300919982372,2578.0
1791187542,0,GET,BMC: system information,1.000000,0.000000,0,0,0,0,0,0,0,0,0,0,0,30,0,580,601.0044406337935,325.445763010066,1232.8882760048145,2578.0
1791187542,0,GET,Public: /posts,0.400000,0.000000,0,0,0,0,0,0,0,0,0,0,0,21,0,350,620.6801736663606,170.55653499846812,2986.5540099999635,27520.0
1791187542,0,GET,Public: wttr.in/Novosibirsk,0.400000,0.000000,0,0,0,0,0,0,0,0,0,0,0,18,0,2000,2429.3571708872655,750.698061005096,6903.610150999157,39654.0
1791187542,0,,Aggregated,2.500000,0.000000,0,0,0,0,0,0,0,0,0,0,0,115,0,620,931.4096883132943,170.55653499846812,6903.610150999157,12935.826086956522
1791187543,0,GET,BMC: PowerState,0.700000,0.000000,0,0,0,0,0,0,0,0,0,0,0,46,0,600,702.5927872619714,336.4688909932738,1667.7300919982372,2578.0
1791187543,0,GET,BMC: system information,1.000000,0.000000,0,0,0,0,0,0,0,0,0,0,0,30,0,580,601.0044406337935,325.445763010066,1232.8882760048145,2578.0
1791187543,0,GET,Public: /posts,0.400000,0.000000,0,0,0,0,0,0,0,0,0,0,0,21,0,350,620.6801736663606,170.55653499846812,2986.5540099999635,27520.0
1791187543,0,GET,Public: wttr.in/Novosibirsk,0.400000,0.000000,0,0,0,0,0,0,0,0,0,0,0,18,0,2000,2429.3571708872655,750.698061005096,6903.610150999157,39654.0
1791187543,0,,Aggregated,2.500000,0.000000,0,0,0,0,0,0,0,0,0,0,0,115,0,620,931.4096883132943,170.55653499846812,6903.610150999157,12935.826086956522
1791187544,0,GET,BMC: PowerState,0.700000,0.000000,0,0,0,0,0,0,0,0,0,0,0,46,0,600,702.5927872619714,336.4688909932738,1667.7300919982372,2578.0
1791187544,0,GET,BMC: system information,1.000000,0.000000,0,0,0,0,0,0,0,0,0,0,0,30,0,580,601.0044406337935,325.445763010066,1232.8882760048145,2578.0
1791187544,0,GET,Public: /posts,0.400000,0.000000,0,0,0,0,0,0,0,0,0,0,0,21,0,350,620.6801736663606,170.55653499846812,2986.5540099999635,27520.0
1791187544,0,GET,Public: wttr.in/Novosibirsk,0.400000,0.000000,0,0,0,0,0,0,0,0,0,0,0,18,0,2000,2429.3571708872655,750.698061005096,6903.610150999157,39654.0
1791187544,0,,Aggregated,2.500000,0.000000,0,0,0,0,0,0,0,0,0,0,0,115,0,620,931.4096883132943,170.55653499846812,6903.610150999157,12935.826086956522
1791187545,0,GET,BMC: PowerState,0.700000,0.000000,0,0,0,0,0,0,0,0,0,0,0,46,0,600,702.5927872619714,336.4688909932738,1667.7300919982372,2578.0
1791187545,0,GET,BMC: system information,1.000000,0.000000,0,0,0,0,0,0,0,0,0,0,0,30,0,580,601.0044406337935,325.445763010066,1232.8882760048145,2578.0
1791187545,0,GET,Public: /posts,0.400000,0.000000,0,0,0,0,0,0,0,0,0,0,0,21,0,350,620.6801736663606,170.55653499846812,2986.5540099999635,27520.0
1791187545,0,GET,Public: wttr.in/Novosibirsk,0.400000,0.000000,0,0,0,0,0,0,0,0,0,0,0,18,0,2000,2429.3571708872655,750.698061005096,6903.610150999157,39654.0
1791187545,0,,Aggregated,2.500000,0.000000,0,0,0,0,0,0,0,0,0,0,0,115,0,620,931.4096883132943,170.55653499846812,6903.610150999157,12935.826086956522
1791187546,0,GET,BMC: PowerState,0.700000,0.000000,0,0,0,0,0,0,0,0,0,0,0,46,0,600,702.5927872619714,336.4688909932738,1667.7300919982372,2578.0
1791187546,0,GET,BMC: system information,1.000000,0.000000,0,0,0,0,0,0,0,0,0,0,0,30,0,580,601.0044406337935,325.445763010066,1232.8882760048145,2578.0
1791187546,0,GET,Public: /posts,0.400000,0.000000,0,0,0,0,0,0,0,0,0,0,0,21,0,350,620.6801736663606,170.55653499846812,2986.5540099999635,27520.0
1791187546,0,GET,Public: wttr.in/Novosibirsk,0.400000,0.000000,0,0,0,0,0,0,0,0,0,0,0,18,0,2000,2429.3571708872655,750.698061005096,6903.610150999157,39654.0
1791187546,0,,Aggregated,2.500000,0.000000,0,0,0,0,0,0,0,0,0,0,0,115,0,620,931.4096883132943,170.55653499846812,6903.610150999157,12935.826086956522
1791187547,0,GET,BMC: PowerState,0.700000,0.000000,0,0,0,0,0,0,0,0,0,0,0,46,0,600,702.5927872619714,336.4688909932738,1667.7300919982372,2578.0
1791187547,0,GET,BMC: system information,1.000000,0.000000,0,0,0,0,0,0,0,0,0,0,0,30,0,580,601.0044406337935,325.445763010066,1232.8882760048145,2578.0
1791187547,0,GET,Public: /posts,0.400000,0.000000,0,0,0,0,0,0,0,0,0,0,0,21,0,350,620.6801736663606,170.55653499846812,2986.5540099999635,27520.0
1791187547,0,GET,Public: wttr.in/Novosibirsk,0.400000,0.000000,0,0,0,0,0,0,0,0,0,0,0,18,0,2000,2429.3571708872655,750.698061005096,6903.610150999157,39654.0
1791187547,0,,Aggregated,2.500000,0.000000,0,0,0,0,0,0,0,0,0,0,0,115,0,620,931.4096883132943,170.55653499846812,6903.610150999157,12935.826086956522
1791187548,0,GET,BMC: PowerState,0.700000,0.000000,0,0,0,0,0,0,0,0,0,0,0,46,0,600,702.5927872619714,336.4688909932738,1667.7300919982372,2578.0
1791187548,0,GET,BMC: system information,1.000000,0.000000,0,0,0,0,0,0,0,0,0,0,0,30,0,580,601.0044406337935,325.445763010066,1232.8882760048145,2578.0
1791187548,0,GET,Public: /posts,0.400000,0.000000,0,0,0,0,0,0,0,0,0,0,0,21,0,350,620.6801736663606,170.55653499846812,2986.5540099999635,27520.0
1791187548,0,GET,Public: wttr.in/Novosibirsk,0.400000,0.000000,0,0,0,0,0,0,0,0,0,0,0,18,0,2000,2429.3571708872655,750.698061005096,6903.610150999157,39654.0
1791187548,0,,Aggregated,2.500000,0.000000,0,0,0,0,0,0,0,0,0,0,0,115,0,620,931.4096883132943,170.55653499846812,6903.610150999157,12935.826086956522
1791187549,0,GET,BMC: PowerState,0.700000,0.000000,0,0,0,0,0,0,0,0,0,0,0,46,0,600,702.5927872619714,336.4688909932738,1667.7300919982372,2578.0
1791187549,0,GET,BMC: system information,1.000000,0.000000,0,0,0,0,0,0,0,0,0,0,0,30,0,580,601.0044406337935,325.445763010066,1232.8882760048145,2578.0
1791187549,0,GET,Public: /posts,0.400000,0.000000,0,0,0,0,0,0,0,0,0,0,0,21,0,350,620.6801736663606,170.55653499846812,2986.5540099999635,27520.0
1791187549,0,GET,Public: wttr.in/Novosibirsk,0.400000,0.000000,0,0,0,0,0,0,0,0,0,0,0,18,0,2000,2429.3571708872655,750.698061005096,6903.610150999157,39654.0
1791187549,0,,Aggregated,2.500000,0.000000,0,0,0,0,0,0,0,0,0,0,0,115,0,620,931.4096883132943,170.55653499846812,6903.610150999157,12935.826086956522
1791187550,0,GET,BMC: PowerState,0.700000,0.000000,0,0,0,0,0,0,0,0,0,0,0,46,0,600,702.5927872619714,336.4688909932738,1667.7300919982372,2578.0
1791187550,0,GET,BMC: system information,1.000000,0.000000,0,0,0,0,0,0,0,0,0,0,0,30,0,580,601.0044406337935,325.445763010066,1232.8882760048145,2578.0
1791187550,0,GET,Public: /posts,0.400000,0.000000,0,0,0,0,0,0,0,0,0,0,0,21,0,350,620.6801736663606,170.55653499846812,2986.5540099999635,27520.0
1791187550,0,GET,Public: wttr.in/Novosibirsk,0.400000,0.000000,0,0,0,0,0,0,0,0,0,0,0,18,0,2000,2429.3571708872655,750.698061005096,6903.610150999157,39654.0
1791187550,0,,Aggregated,2.500000,0.000000,0,0,0,0,0,0,0,0,0,0,0,115,0,620,931.4096883132943,170.55653499846812,6903.610150999157,12935.826086956522
1791187551,0,GET,BMC: PowerState,0.700000,0.000000,0,0,0,0,0,0,0,0,0,0,0,46,0,600,702.5927872619714,336.4688909932738,1667.7300919982372,2578.0
1791187551,0,GET,BMC: system information,1.000000,0.000000,0,0,0,0,0,0,0,0,0,0,0,30,0,580,601.0044406337935,325.445763010066,1232.8882760048145,2578.0
1791187551,0,GET,Public: /posts,0.400000,0.000000,0,0,0,0,0,0,0,0,0,0,0,21,0,350,620.6801736663606,170.55653499846812,2986.5540099999635,27520.0
1791187551,0,GET,Public: wttr.in/Novosibirsk,0.400000,0.000000,0,0,0,0,0,0,0,0,0,0,0,18,0,2000,2429.3571708872655,750.698061005096,6903.610150999157,39654.0
1791187551,0,,Aggregated,2.500000,0.000000,0,0,0,0,0,0,0,0,0,0,0,115,0,620,931.4096883132943,170.55653499846812,6903.610150999157,12935.826086956522
1791187552,0,GET,BMC: PowerState,0.700000,0.000000,0,0,0,0,0,0,0,0,0,0,0,46,0,600,702.5927872619714,336.4688909932738,1667.7300919982372,2578.0
1791187552,0,GET,BMC: system information,1.000000,0.000000,0,0,0,0,0,0,0,0,0,0,0,30,0,580,601.0044406337935,325.445763010066,1232.8882760048145,2578.0
1791187552,0,GET,Public: /posts,0.400000,0.000000,0,0,0,0,0,0,0,0,0,0,0,21,0,350,620.6801736663606,170.55653499846812,2986.5540099999635,27520.0
1791187552,0,GET,Public: wttr.in/Novosibirsk,0.400000,0.000000,0,0,0,0,0,0,0,0,0,0,0,18,0,2000,2429.3571708872655,750.698061005096,6903.610150999157,39654.0
1791187552,0,,Aggregated,2.500000,0.000000,0,0,0,0,0,0,0,0,0,0,0,115,0,620,931.4096883132943,170.55653499846812,6903.610150999157,12935.826086956522
1791187553,0,GET,BMC: PowerState,0.700000,0.000000,0,0,0,0,0,0,0,0,0,0,0,46,0,600,702.5927872619714,336.4688909932738,1667.7300919982372,2578.0
1791187553,0,GET,BMC: system information,1.000000,0.000000,0,0,0,0,0,0,0,0,0,0,0,30,0,580,601.0044406337935,325.445763010066,1232.8882760048145,2578.0
1791187553,0,GET,Public: /posts,0.400000,0.000000,0,0,0,0,0,0,0,0,0,0,0,21,0,350,620.6801736663606,170.55653499846812,2986.5540099999635,27520.0
1791187553,0,GET,Public: wttr.in/Novosibirsk,0.400000,0.000000,0,0,0,0,0,0,0,0,0,0,0,18,0,2000,2429.3571708872655,750.698061005096,6903.610150999157,39654.0
1791187553,0,,Aggregated,2.500000,0.000000,0,0,0,0,0,0,0,0,0,0,0,115,0,620,931.4096883132943,170.55653499846812,6903.610150999157,12935.826086956522
1791187554,0,GET,BMC: PowerState,0.700000,0.000000,0,0,0,0,0,0,0,0,0,0,0,46,0,600,702.5927872619714,336.4688909932738,1667.7300919982372,2578.0
1791187554,0,GET,BMC: system information,1.000000,0.000000,0,0,0,0,0,0,0,0,0,0,0,30,0,580,601.0044406337935,325.445763010066,1232.8882760048145,2578.0
1791187554,0,GET,Public: /posts,0.400000,0.000000,0,0,0,0,0,0,0,0,0,0,0,21,0,350,620.6801736663606,170.55653499846812,2986.5540099999635,27520.0
1791187554,0,GET,Public: wttr.in/Novosibirsk,0.400000,0.000000,0,0,0,0,0,0,0,0,0,0,0,18,0,2000,2429.3571708872655,750.698061005096,6903.610150999157,39654.0
1791187554,0,,Aggregated,2.500000,0.000000,0,0,0,0,0,0,0,0,0,0,0,115,0,620,931.4096883132943,170.55653499846812,6903.610150999157,12935.826086956522
1791187555,0,GET,BMC: PowerState,0.700000,0.000000,0,0,0,0,0,0,0,0,0,0,0,46,0,600,702.5927872619714,336.4688909932738,1667.7300919982372,2578.0
1791187555,0,GET,BMC: system information,1.000000,0.000000,0,0,0,0,0,0,0,0,0,0,0,30,0,580,601.0044406337935,325.445763010066,1232.8882760048145,2578.0
1791187555,0,GET,Public: /posts,0.400000,0.000000,0,0,0,0,0,0,0,0,0,0,0,21,0,350,620.6801736663606,170.55653499846812,2986.5540099999635,27520.0
1791187555,0,GET,Public: wttr.in/Novosibirsk,0.400000,0.000000,0,0,0,0,0,0,0,0,0,0,0,18,0,2000,2429.3571708872655,750.698061005096,6903.610150999157,39654.0
1791187555,0,,Aggregated,2.500000,0.000000,0,0,0,0,0,0,0,0,0,0,0,115,0,620,931.4096883132943,170.55653499846812,6903.610150999157,12935.826086956522
1791187556,0,GET,BMC: PowerState,0.700000,0.000000,0,0,0,0,0,0,0,0,0,0,0,46,0,600,702.5927872619714,336.4688909932738,1667.7300919982372,2578.0
1791187556,0,GET,BMC: system information,1.000000,0.000000,0,0,0,0,0,0,0,0,0,0,0,30,0,580,601.0044406337935,325.445763010066,1232.8882760048145,2578.0
1791187556,0,GET,Public: /posts,0.400000,0.000000,0,0,0,0,0,0,0,0,0,0,0,21,0,350,620.6801736663606,170.55653499846812,2986.5540099999635,27520.0
1791187556,0,GET,Public: wttr.in/Novosibirsk,0.400000,0.000000,0,0,0,0,0,0,0,0,0,0,0,18,0,2000,2429.3571708872655,750.698061005096,6903.610150999157,39654.0
1791187556,0,,Aggregated,2.500000,0.000000,0,0,0,0,0,0,0,0,0,0,0,115,0,620,931.4096883132943,170.55653499846812,6903.610150999157,12935.826086956522
1791187557,0,GET,BMC: PowerState,0.700000,0.000000,0,0,0,0,0,0,0,0,0,0,0,46,0,600,702.5927872619714,336.4688909932738,1667.7300919982372,2578.0
1791187557,0,GET,BMC: system information,1.000000,0.000000,0,0,0,0,0,0,0,0,0,0,0,30,0,580,601.0044406337935,325.445763010066,1232.8882760048145,2578.0
1791187557,0,GET,Public: /posts,0.400000,0.000000,0,0,0,0,0,0,0,0,0,0,0,21,0,350,620.6801736663606,170.55653499846812,2986.5540099999635,27520.0
1791187557,0,GET,Public: wttr.in/Novosibirsk,0.400000,0.000000,0,0,0,0,0,0,0,0,0,0,0,18,0,2000,2429.3571708872655,750.698061005096,6903.610150999157,39654.0
1791187557,0,,Aggregated,2.500000,0.000000,0,0,0,0,0,0,0,0,0,0,0,115,0,620,931.4096883132943,170.55653499846812,6903.610150999157,12935.826086956522
1791187558,0,GET,BMC: PowerState,0.700000,0.000000,0,0,0,0,0,0,0,0,0,0,0,46,0,600,702.5927872619714,336.4688909932738,1667.7300919982372,2578.0
1791187558,0,GET,BMC: system information,1.000000,0.000000,0,0,0,0,0,0,0,0,0,0,0,30,0,580,601.0044406337935,325.445763010066,1232.8882760048145,2578.0
1791187558,0,GET,Public: /posts,0.400000,0.000000,0,0,0,0,0,0,0,0,0,0,0,21,0,350,620.6801736663606,170.55653499846812,2986.5540099999635,27520.0
1791187558,0,GET,Public: wttr.in/Novosibirsk,0.400000,0.000000,0,0,0,0,0,0,0,0,0,0,0,18,0,2000,2429.3571708872655,750.698061005096,6903.610150999157,39654.0
1791187558,0,,Aggregated,2.500000,0.000000,0,0,0,0,0,0,0,0,0,0,0,115,0,620,931.4096883132943,170.55653499846812,6903.610150999157,12935.826086956522
1791187559,0,GET,BMC: PowerState,0.700000,0.000000,0,0,0,0,0,0,0,0,0,0,0,46,0,600,702.5927872619714,336.4688909932738,1667.7300919982372,2578.0
1791187559,0,GET,BMC: system information,1.000000,0.000000,0,0,0,0,0,0,0,0,0,0,0,30,0,580,601.0044406337935,325.445763010066,1232.8882760048145,2578.0
1791187559,0,GET,Public: /posts,0.400000,0.000000,0,0,0,0,0,0,0,0,0,0,0,21,0,350,620.6801736663606,170.55653499846812,2986.5540099999635,27520.0
1791187559,0,GET,Public: wttr.in/Novosibirsk,0.400000,0.000000,0,0,0,0,0,0,0,0,0,0,0,18,0,2000,2429.3571708872655,750.698061005096,6903.610150999157,39654.0
1791187559,0,,Aggregated,2.500000,0.000000,0,0,0,0,0,0,0,0,0,0,0,115,0,620,931.4096883132943,170.55653499846812,6903.610150999157,12935.826086956522
1791187560,0,GET,BMC: PowerState,0.700000,0.000000,0,0,0,0,0,0,0,0,0,0,0,46,0,600,702.5927872619714,336.4688909932738,1667.7300919982372,2578.0
1791187560,0,GET,BMC: system information,1.000000,0.000000,0,0,0,0,0,0,0,0,0,0,0,30,0,580,601.0044406337935,325.445763010066,1232.8882760048145,2578.0
1791187560,0,GET,Public: /posts,0.400000,0.000000,0,0,0,0,0,0,0,0,0,0,0,21,0,350,620.6801736663606,170.55653499846812,2986.5540099999635,27520.0
1791187560,0,GET,Public: wttr.in/Novosibirsk,0.400000,0.000000,0,0,0,0,0,0,0,0,0,0,0,18,0,2000,2429.3571708872655,750.698061005096,6903.610150999157,39654.0
1791187560,0,,Aggregated,2.500000,0.000000,0,0,0,0,0,0,0,0,0,0,0,115,0,620,931.4096883132943,170.55653499846812,6903.610150999157,12935.826086956522
1791187561,0,GET,BMC: PowerState,0.700000,0.000000,0,0,0,0,0,0,0,0,0,0,0,46,0,600,702.5927872619714,336.4688909932738,1667.7300919982372,2578.0
1791187561,0,GET,BMC: system information,1.000000,0.000000,0,0,0,0,0,0,0,0,0,0,0,30,0,580,601.0044406337935,325.445763010066,1232.8882760048145,2578.0
1791187561,0,GET,Public: /posts,0.400000,0.000000,0,0,0,0,0,0,0,0,0,0,0,21,0,350,620.6801736663606,170.55653499846812,2986.5540099999635,27520.0
1791187561,0,GET,Public: wttr.in/Novosibirsk,0.400000,0.000000,0,0,0,0,0,0,0,0,0,0,0,18,0,2000,2429.3571708872655,750.698061005096,6903.610150999157,39654.0
1791187561,0,,Aggregated,2.500000,0.000000,0,0,0,0,0,0,0,0,0,0,0,115,0,620,931.4096883132943,170.55653499846812,6903.610150999157,12935.826086956522
1791187562,0,GET,BMC: PowerState,0.700000,0.000000,0,0,0,0,0,0,0,0,0,0,0,46,0,600,702.5927872619714,336.4688909932738,1667.7300919982372,2578.0
1791187562,0,GET,BMC: system information,1.000000,0.000000,0,0,0,0,0,0,0,0,0,0,0,30,0,580,601.0044406337935,325.445763010066,1232.8882760048145,2578.0
1791187562,0,GET,Public: /posts,0.400000,0.000000,0,0,0,0,0,0,0,0,0,0,0,21,0,350,620.6801736663606,170.55653499846812,2986.5540099999635,27520.0
1791187562,0,GET,Public: wttr.in/Novosibirsk,0.400000,0.000000,0,0,0,0,0,0,0,0,0,0,0,18,0,2000,2429.3571708872655,750.698061005096,6903.610150999157,39654.0
1791187562,0,,Aggregated,2.500000,0.000000,0,0,0,0,0,0,0,0,0,0,0,115,0,620,931.4096883132943,170.55653499846812,6903.610150999157,12935.826086956522
1791187563,0,GET,BMC: PowerState,0.700000,0.000000,0,0,0,0,0,0,0,0,0,0,0,46,0,600,702.5927872619714,336.4688909932738,1667.7300919982372,2578.0
1791187563,0,GET,BMC: system information,1.000000,0.000000,0,0,0,0,0,0,0,0,0,0,0,30,0,580,601.0044406337935,325.445763010066,1232.8882760048145,2578.0
1791187563,0,GET,Public: /posts,0.400000,0.000000,0,0,0,0,0,0,0,0,0,0,0,21,0,350,620.6801736663606,170.55653499846812,2986.5540099999635,27520.0
1791187563,0,GET,Public: wttr.in/Novosibirsk,0.400000,0.000000,0,0,0,0,0,0,0,0,0,0,0,18,0,2000,2429.3571708872655,750.698061005096,6903.610150999157,39654.0
1791187563,0,,Aggregated,2.500000,0.000000,0,0,0,0,0,0,0,0,0,0,0,115,0,620,931.4096883132943,170.55653499846812,6903.610150999157,12935.826086956522
1791187564,0,GET,BMC: PowerState,0.700000,0.000000,0,0,0,0,0,0,0,0,0,0,0,46,0,600,702.5927872619714,336.4688909932738,1667.7300919982372,2578.0
1791187564,0,GET,BMC: system information,1.000000,0.000000,0,0,0,0,0,0,0,0,0,0,0,30,0,580,601.0044406337935,325.445763010066,1232.8882760048145,2578.0
1791187564,0,GET,Public: /posts,0.400000,0.000000,0,0,0,0,0,0,0,0,0,0,0,21,0,350,620.6801736663606,170.55653499846812,2986.5540099999635,27520.0
1791187564,0,GET,Public: wttr.in/Novosibirsk,0.400000,0.000000,0,0,0,0,0,0,0,0,0,0,0,18,0,2000,2429.3571708872655,750.698061005096,6903.610150999157,39654.0
1791187564,0,,Aggregated,2.500000,0.000000,0,0,0,0,0,0,0,0,0,0,0,115,0,620,931.4096883132943,170.55653499846812,6903.610150999157,12935.826086956522
1791187565,0,GET,BMC: PowerState,0.700000,0.000000,0,0,0,0,0,0,0,0,0,0,0,46,0,600,702.5927872619714,336.4688909932738,1667.7300919982372,2578.0
1791187565,0,GET,BMC: system information,1.000000,0.000000,0,0,0,0,0,0,0,0,0,0,0,30,0,580,601.0044406337935,325.445763010066,1232.8882760048145,2578.0
1791187565,0,GET,Public: /posts,0.400000,0.000000,0,0,0,0,0,0,0,0,0,0,0,21,0,350,620.6801736663606,170.55653499846812,2986.5540099999635,27520.0
1791187565,0,GET,Public: wttr.in/Novosibirsk,0.400000,0.000000,0,0,0,0,0,0,0,0,0,0,0,18,0,2000,2429.3571708872655,750.698061005096,6903.610150999157,39654.0
1791187565,0,,Aggregated,2.500000,0.000000,0,0,0,0,0,0,0,0,0,0,0,115,0,620,931.4096883132943,170.55653499846812,6903.610150999157,12935.826086956522
1791187566,0,GET,BMC: PowerState,0.700000,0.000000,0,0,0,0,0,0,0,0,0,0,0,46,0,600,702.5927872619714,336.4688909932738,1667.7300919982372,2578.0
1791187566,0,GET,BMC: system information,1.000000,0.000000,0,0,0,0,0,0,0,0,0,0,0,30,0,580,601.0044406337935,325.445763010066,1232.8882760048145,2578.0
1791187566,0,GET,Public: /posts,0.400000,0.000000,0,0,0,0,0,0,0,0,0,0,0,21,0,350,620.6801736663606,170.55653499846812,2986.5540099999635,27520.0
1791187566,0,GET,Public: wttr.in/Novosibirsk,0.400000,0.000000,0,0,0,0,0,0,0,0,0,0,0,18,0,2000,2429.3571708872655,750.698061005096,6903.610150999157,39654.0
1791187566,0,,Aggregated,2.500000,0.000000,0,0,0,0,0,0,0,0,0,0,0,115,0,620,931.4096883132943,170.55653499846812,6903.610150999157,12935.826086956522
1791187567,0,GET,BMC: PowerState,0.700000,0.000000,0,0,0,0,0,0,0,0,0,0,0,46,0,600,702.5927872619714,336.4688909932738,1667.7300919982372,2578.0
1791187567,0,GET,BMC: system information,1.000000,0.000000,0,0,0,0,0,0,0,0,0,0,0,30,0,580,601.0044406337935,325.445763010066,1232.8882760048145,2578.0
1791187567,0,GET,Public: /posts,0.400000,0.000000,0,0,0,0,0,0,0,0,0,0,0,21,0,350,620.6801736663606,170.55653499846812,2986.5540099999635,27520.0
1791187567,0,GET,Public: wttr.in/Novosibirsk,0.400000,0.000000,0,0,0,0,0,0,0,0,0,0,0,18,0,2000,2429.3571708872655,750.698061005096,6903.610150999157,39654.0
1791187567,0,,Aggregated,2.500000,0.000000,0,0,0,0,0,0,0,0,0,0,0,115,0,620,931.4096883132943,170.55653499846812,6903.610150999157,12935.826086956522
1791187568,0,GET,BMC: PowerState,0.700000,0.000000,0,0,0,0,0,0,0,0,0,0,0,46,0,600,702.5927872619714,336.4688909932738,1667.7300919982372,2578.0
1791187568,0,GET,BMC: system information,1.000000,0.000000,0,0,0,0,0,0,0,0,0,0,0,30,0,580,601.0044406337935,325.445763010066,1232.8882760048145,2578.0
1791187568,0,GET,Public: /posts,0.400000,0.000000,0,0,0,0,0,0,0,0,0,0,0,21,0,350,620.6801736663606,170.55653499846812,2986.5540099999635,27520.0
1791187568,0,GET,Public: wttr.in/Novosibirsk,0.400000,0.000000,0,0,0,0,0,0,0,0,0,0,0,18,0,2000,2429.3571708872655,750.698061005096,6903.610150999157,39654.0
1791187568,0,,Aggregated,2.500000,0.000000,0,0,0,0,0,0,0,0,0,0,0,115,0,620,931.4096883132943,170.55653499846812,6903.610150999157,12935.826086956522
1791187569,0,GET,BMC: PowerState,0.700000,0.000000,0,0,0,0,0,0,0,0,0,0,0,46,0,600,702.5927872619714,336.4688909932738,1667.7300919982372,2578.0
1791187569,0,GET,BMC: system information,1.000000,0.000000,0,0,0,0,0,0,0,0,0,0,0,30,0,580,601.0044406337935,325.445763010066,1232.8882760048145,2578.0
1791187569,0,GET,Public: /posts,0.400000,0.000000,0,0,0,0,0,0,0,0,0,0,0,21,0,350,620.6801736663606,170.55653499846812,2986.5540099999635,27520.0
1791187569,0,GET,Public: wttr.in/Novosibirsk,0.400000,0.000000,0,0,0,0,0,0,0,0,0,0,0,18,0,2000,2429.3571708872655,750.698061005096,6903.610150999157,39654.0
1791187569,0,,Aggregated,2.500000,0.000000,0,0,0,0,0,0,0,0,0,0,0,115,0,620,931.4096883132943,170.55653499846812,6903.610150999157,12935.826086956522
1791187570,0,GET,BMC: PowerState,0.700000,0.000000,0,0,0,0,0,0,0,0,0,0,0,46,0,600,702.5927872619714,336.4688909932738,1667.7300919982372,2578.0
1791187570,0,GET,BMC: system information,1.000000,0.000000,0,0,0,0,0,0,0,0,0,0,0,30,0,580,601.0044406337935,325.445763010066,1232.8882760048145,2578.0
1791187570,0,GET,Public: /posts,0.400000,0.000000,0,0,0,0,0,0,0,0,0,0,0,21,0,350,620.6801736663606,170.55653499846812,2986.5540099999635,27520.0
1791187570,0,GET,Public: wttr.in/Novosibirsk,0.400000,0.000000,0,0,0,0,0,0,0,0,0,0,0,18,0,2000,2429.3571708872655,750.698061005096,6903.610150999157,39654.0
1791187570,0,,Aggregated,2.500000,0.000000,0,0,0,0,0,0,0,0,0,0,0,115,0,620,931.4096883132943,170.55653499846812,6903.610150999157,12935.826086956522
1791187571,0,GET,BMC: PowerState,0.700000,0.000000,0,0,0,0,0,0,0,0,0,0,0,46,0,600,702.5927872619714,336.4688909932738,1667.7300919982372,2578.0
1791187571,0,GET,BMC: system information,1.000000,0.000000,0,0,0,0,0,0,0,0,0,0,0,30,0,580,601.0044406337935,325.445763010066,1232.8882760048145,2578.0
1791187571,0,GET,Public: /posts,0.400000,0.000000,0,0,0,0,0,0,0,0,0,0,0,21,0,350,620.6801736663606,170.55653499846812,2986.5540099999635,27520.0
1791187571,0,GET,Public: wttr.in/Novosibirsk,0.400000,0.000000,0,0,0,0,0,0,0,0,0,0,0,18,0,2000,2429.3571708872655,750.698061005096,6903.610150999157,39654.0
1791187571,0,,Aggregated,2.500000,0.000000,0,0,0,0,0,0,0,0,0,0,0,115,0,620,931.4096883132943,170.55653499846812,6903.610150999157,12935.826086956522
1791187572,0,GET,BMC: PowerState,0.700000,0.000000,0,0,0,0,0,0,0,0,0,0,0,46,0,600,702.5927872619714,336.4688909932738,1667.7300919982372,2578.0
1791187572,0,GET,BMC: system information,1.000000,0.000000,0,0,0,0,0,0,0,0,0,0,0,30,0,580,601.0044406337935,325.445763010066,1232.8882760048145,2578.0
1791187572,0,GET,Public: /posts,0.400000,0.000000,0,0,0,0,0,0,0,0,0,0,0,21,0,350,620.6801736663606,170.55653499846812,2986.5540099999635,27520.0
1791187572,0,GET,Public: wttr.in/Novosibirsk,0.400000,0.000000,0,0,0,0,0,0,0,0,0,0,0,18,0,2000,2429.3571708872655,750.698061005096,6903.610150999157,39654.0
1791187572,0,,Aggregated,2.500000,0.000000,0,0,0,0,0,0,0,0,0,0,0,115,0,620,931.4096883132943,170.55653499846812,6903.610150999157,12935.826086956522
1791187573,0,GET,BMC: PowerState,0.700000,0.000000,0,0,0,0,0,0,0,0,0,0,0,46,0,600,702.5927872619714,336.4688909932738,1667.7300919982372,2578.0
1791187573,0,GET,BMC: system information,1.000000,0.000000,0,0,0,0,0,0,0,0,0,0,0,30,0,580,601.0044406337935,325.445763010066,1232.8882760048145,2578.0
1791187573,0,GET,Public: /posts,0.400000,0.000000,0,0,0,0,0,0,0,0,0,0,0,21,0,350,620.6801736663606,170.55653499846812,2986.5540099999635,27520.0
1791187573,0,GET,Public: wttr.in/Novosibirsk,0.400000,0.000000,0,0,0,0,0,0,0,0,0,0,0,18,0,2000,2429.3571708872655,750.698061005096,6903.610150999157,39654.0
1791187573,0,,Aggregated,2.500000,0.000000,0,0,0,0,0,0,0,0,0,0,0,115,0,620,931.4096883132943,170.55653499846812,6903.610150999157,12935.826086956522
1791187574,0,GET,BMC: PowerState,0.700000,0.000000,0,0,0,0,0,0,0,0,0,0,0,46,0,600,702.5927872619714,336.4688909932738,1667.7300919982372,2578.0
1791187574,0,GET,BMC: system information,1.000000,0.000000,0,0,0,0,0,0,0,0,0,0,0,30,0,580,601.0044406337935,325.445763010066,1232.8882760048145,2578.0
1791187574,0,GET,Public: /posts,0.400000,0.000000,0,0,0,0,0,0,0,0,0,0,0,21,0,350,620.6801736663606,170.55653499846812,2986.5540099999635,27520.0
1791187574,0,GET,Public: wttr.in/Novosibirsk,0.400000,0.000000,0,0,0,0,0,0,0,0,0,0,0,18,0,2000,2429.3571708872655,750.698061005096,6903.610150999157,39654.0
1791187574,0,,Aggregated,2.500000,0.000000,0,0,0,0,0,0,0,0,0,0,0,115,0,620,931.4096883132943,170.55653499846812,6903.610150999157,12935.826086956522
1791187575,0,GET,BMC: PowerState,0.700000,0.000000,0,0,0,0,0,0,0,0,0,0,0,46,0,600,702.5927872619714,336.4688909932738,1667.7300919982372,2578.0
1791187575,0,GET,BMC: system information,1.000000,0.000000,0,0,0,0,0,0,0,0,0,0,0,30,0,580,601.0044406337935,325.445763010066,1232.8882760048145,2578.0
1791187575,0,GET,Public: /posts,0.400000,0.000000,0,0,0,0,0,0,0,0,0,0,0,21,0,350,620.6801736663606,170.55653499846812,2986.5540099999635,27520.0
1791187575,0,GET,Public: wttr.in/Novosibirsk,0.400000,0.000000,0,0,0,0,0,0,0,0,0,0,0,18,0,2000,2429.3571708872655,750.698061005096,6903.610150999157,39654.0
1791187575,0,,Aggregated,2.500000,0.000000,0,0,0,0,0,0,0,0,0,0,0,115,0,620,931.4096883132943,170.55653499846812,6903.610150999157,12935.826086956522
1791187576,0,GET,BMC: PowerState,0.700000,0.000000,0,0,0,0,0,0,0,0,0,0,0,46,0,600,702.5927872619714,336.4688909932738,1667.7300919982372,2578.0
1791187576,0,GET,BMC: system information,1.000000,0.000000,0,0,0,0,0,0,0,0,0,0,0,30,0,580,601.0044406337935,325.445763010066,1232.8882760048145,2578.0
1791187576,0,GET,Public: /posts,0.400000,0.000000,0,0,0,0,0,0,0,0,0,0,0,21,0,350,620.6801736663606,170.55653499846812,2986.5540099999635,27520.0
1791187576,0,GET,Public: wttr.in/Novosibirsk,0.400000,0.000000,0,0,0,0,0,0,0,0,0,0,0,18,0,2000,2429.3571708872655,750.698061005096,6903.610150999157,39654.0
1791187576,0,,Aggregated,2.500000,0.000000,0,0,0,0,0,0,0,0,0,0,0,115,0,620,931.4096883132943,170.55653499846812,6903.610150999157,12935.826086956522
1791187577,0,GET,BMC: PowerState,0.700000,0.000000,0,0,0,0,0,0,0,0,0,0,0,46,0,600,702.5927872619714,336.4688909932738,1667.7300919982372,2578.0
1791187577,0,GET,BMC: system information,1.000000,0.000000,0,0,0,0,0,0,0,0,0,0,0,30,0,580,601.0044406337935,325.445763010066,1232.8882760048145,2578.0
1791187577,0,GET,Public: /posts,0.400000,0.000000,0,0,0,0,0,0,0,0,0,0,0,21,0,350,620.6801736663606,170.55653499846812,2986.5540099999635,27520.0
1791187577,0,GET,Public: wttr.in/Novosibirsk,0.400000,0.000000,0,0,0,0,0,0,0,0,0,0,0,18,0,2000,2429.3571708872655,750.698061005096,6903.610150999157,39654.0
1791187577,0,,Aggregated,2.500000,0.000000,0,0,0,0,0,0,0,0,0,0,0,115,0,620,931.4096883132943,170.55653499846812,6903.610150999157,12935.826086956522
1791187578,0,GET,BMC: PowerState,0.700000,0.000000,0,0,0,0,0,0,0,0,0,0,0,46,0,600,702.5927872619714,336.4688909932738,1667.7300919982372,2578.0
1791187578,0,GET,BMC: system information,1.000000,0.000000,0,0,0,0,0,0,0,0,0,0,0,30,0,580,601.0044406337935,325.445763010066,1232.8882760048145,2578.0
1791187578,0,GET,Public: /posts,0.400000,0.000000,0,0,0,0,0,0,0,0,0,0,0,21,0,350,620.6801736663606,170.55653499846812,2986.5540099999635,27520.0
1791187578,0,GET,Public: wttr.in/Novosibirsk,0.400000,0.000000,0,0,0,0,0,0,0,0,0,0,0,18,0,2000,2429.3571708872655,750.698061005096,6903.610150999157,39654.0
1791187578,0,,Aggregated,2.500000,0.000000,0,0,0,0,0,0,0,0,0,0,0,115,0,620,931.4096883132943,170.55653499846812,6903.610150999157,12935.826086956522
1791187579,0,GET,BMC: PowerState,0.700000,0.000000,0,0,0,0,0,0,0,0,0,0,0,46,0,600,702.5927872619714,336.4688909932738,1667.7300919982372,2578.0
1791187579,0,GET,BMC: system information,1.000000,0.000000,0,0,0,0,0,0,0,0,0,0,0,30,0,580,601.0044406337935,325.445763010066,1232.8882760048145,2578.0
1791187579,0,GET,Public: /posts,0.400000,0.000000,0,0,0,0,0,0,0,0,0,0,0,21,0,350,620.6801736663606,170.55653499846812,2986.5540099999635,27520.0
1791187579,0,GET,Public: wttr.in/Novosibirsk,0.400000,0.000000,0,0,0,0,0,0,0,0,0,0,0,18,0,2000,2429.3571708872655,750.698061005096,6903.610150999157,39654.0
1791187579,0,,Aggregated,2.500000,0.000000,0,0,0,0,0,0,0,0,0,0,0,115,0,620,931.4096883132943,170.55653499846812,6903.610150999157,12935.826086956522
1791187580,0,GET,BMC: PowerState,0.700000,0.000000,0,0,0,0,0,0,0,0,0,0,0,46,0,600,702.5927872619714,336.4688909932738,1667.7300919982372,2578.0
1791187580,0,GET,BMC: system information,1.000000,0.000000,0,0,0,0,0,0,0,0,0,0,0,30,0,580,601.0044406337935,325.445763010066,1232.8882760048145,2578.0
1791187580,0,GET,Public: /posts,0.400000,0.000000,0,0,0,0,0,0,0,0,0,0,0,21,0,350,620.6801736663606,170.55653499846812,2986.5540099999635,27520.0
1791187580,0,GET,Public: wttr.in/Novosibirsk,0.400000,0.000000,0,0,0,0,0,0,0,0,0,0,0,18,0,2000,2429.3571708872655,750.698061005096,6903.610150999157,39654.0
1791187580,0,,Aggregated,2.500000,0.000000,0,0,0,0,0,0,0,0,0,0,0,115,0,620,931.4096883132943,170.55653499846812,6903.610150999157,12935.826086956522
1791187581,0,GET,BMC: PowerState,0.700000,0.000000,0,0,0,0,0,0,0,0,0,0,0,46,0,600,702.5927872619714,336.4688909932738,1667.7300919982372,2578.0
1791187581,0,GET,BMC: system information,1.000000,0.000000,0,0,0,0,0,0,0,0,0,0,0,30,0,580,601.0044406337935,325.445763010066,1232.8882760048145,2578.0
1791187581,0,GET,Public: /posts,0.400000,0.000000,0,0,0,0,0,0,0,0,0,0,0,21,0,350,620.6801736663606,170.55653499846812,2986.5540099999635,27520.0
1791187581,0,GET,Public: wttr.in/Novosibirsk,0.400000,0.000000,0,0,0,0,0,0,0,0,0,0,0,18,0,2000,2429.3571708872655,750.698061005096,6903.610150999157,39654.0
1791187581,0,,Aggregated,2.500000,0.000000,0,0,0,0,0,0,0,0,0,0,0,115,0,620,931.4096883132943,170.55653499846812,6903.610150999157,12935.826086956522
1791187582,0,GET,BMC: PowerState,0.700000,0.000000,0,0,0,0,0,0,0,0,0,0,0,46,0,600,702.5927872619714,336.4688909932738,1667.7300919982372,2578.0
1791187582,0,GET,BMC: system information,1.000000,0.000000,0,0,0,0,0,0,0,0,0,0,0,30,0,580,601.0044406337935,325.445763010066,1232.8882760048145,2578.0
1791187582,0,GET,Public: /posts,0.400000,0.000000,0,0,0,0,0,0,0,0,0,0,0,21,0,350,620.6801736663606,170.55653499846812,2986.5540099999635,27520.0
1791187582,0,GET,Public: wttr.in/Novosibirsk,0.400000,0.000000,0,0,0,0,0,0,0,0,0,0,0,18,0,2000,2429.3571708872655,750.698061005096,6903.610150999157,39654.0
1791187582,0,,Aggregated,2.500000,0.000000,0,0,0,0,0,0,0,0,0,0,0,115,0,620,931.4096883132943,170.55653499846812,6903.610150999157,12935.826086956522
1791187583,0,GET,BMC: PowerState,0.700000,0.000000,0,0,0,0,0,0,0,0,0,0,0,46,0,600,702.5927872619714,336.4688909932738,1667.7300919982372,2578.0
1791187583,0,GET,BMC: system information,1.000000,0.000000,0,0,0,0,0,0,0,0,0,0,0,30,0,580,601.0044406337935,325.445763010066,1232.8882760048145,2578.0
1791187583,0,GET,Public: /posts,0.400000,0.000000,0,0,0,0,0,0,0,0,0,0,0,21,0,350,620.6801736663606,170.55653499846812,2986.5540099999635,27520.0
1791187583,0,GET,Public: wttr.in/Novosibirsk,0.400000,0.000000,0,0,0,0,0,0,0,0,0,0,0,18,0,2000,2429.3571708872655,750.698061005096,6903.610150999157,39654.0
1791187583,0,,Aggregated,2.500000,0.000000,0,0,0,0,0,0,0,0,0,0,0,115,0,620,931.4096883132943,170.55653499846812,6903.610150999157,12935.826086956522
1791187584,0,GET,BMC: PowerState,0.700000,0.000000,0,0,0,0,0,0,0,0,0,0,0,46,0,600,702.5927872619714,336.4688909932738,1667.7300919982372,2578.0
1791187584,0,GET,BMC: system information,1.000000,0.000000,0,0,0,0,0,0,0,0,0,0,0,30,0,580,601.0044406337935,325.445763010066,1232.8882760048145,2578.0
1791187584,0,GET,Public: /posts,0.400000,0.000000,0,0,0,0,0,0,0,0,0,0,0,21,0,350,620.6801736663606,170.55653499846812,2986.5540099999635,27520.0
1791187584,0,GET,Public: wttr.in/Novosibirsk,0.400000,0.000000,0,0,0,0,0,0,0,0,0,0,0,18,0,2000,2429.3571708872655,750.698061005096,6903.610150999157,39654.0
1791187584,0,,Aggregated,2.500000,0.000000,0,0,0,0,0,0,0,0,0,0,0,115,0,620,931.4096883132943,170.55653499846812,6903.610150999157,12935.826086956522
1791187585,0,GET,BMC: PowerState,0.700000,0.000000,0,0,0,0,0,0,0,0,0,0,0,46,0,600,702.5927872619714,336.4688909932738,1667.7300919982372,2578.0
1791187585,0,GET,BMC: system information,1.000000,0.000000,0,0,0,0,0,0,0,0,0,0,0,30,0,580,601.0044406337935,325.445763010066,1232.8882760048145,2578.0
1791187585,0,GET,Public: /posts,0.400000,0.000000,0,0,0,0,0,0,0,0,0,0,0,21,0,350,620.6801736663606,170.55653499846812,2986.5540099999635,27520.0
1791187585,0,GET,Public: wttr.in/Novosibirsk,0.400000,0.000000,0,0,0,0,0,0,0,0,0,0,0,18,0,2000,2429.3571708872655,750.698061005096,6903.610150999157,39654.0
1791187585,0,,Aggregated,2.500000,0.000000,0,0,0,0,0,0,0,0,0,0,0,115,0,620,931.4096883132943,170.55653499846812,6903.610150999157,12935.826086956522
1791187586,0,GET,BMC: PowerState,0.700000,0.000000,0,0,0,0,0,0,0,0,0,0,0,46,0,600,702.5927872619714,336.4688909932738,1667.7300919982372,2578.0
1791187586,0,GET,BMC: system information,1.000000,0.000000,0,0,0,0,0,0,0,0,0,0,0,30,0,580,601.0044406337935,325.445763010066,1232.8882760048145,2578.0
1791187586,0,GET,Public: /posts,0.400000,0.000000,0,0,0,0,0,0,0,0,0,0,0,21,0,350,620.6801736663606,170.55653499846812,2986.5540099999635,27520.0
1791187586,0,GET,Public: wttr.in/Novosibirsk,0.400000,0.000000,0,0,0,0,0,0,0,0,0,0,0,18,0,2000,2429.3571708872655,750.698061005096,6903.610150999157,39654.0
1791187586,0,,Aggregated,2.500000,0.000000,0,0,0,0,0,0,0,0,0,0,0,115,0,620,931.4096883132943,170.55653499846812,6903.610150999157,12935.826086956522
1791187587,0,GET,BMC: PowerState,0.700000,0.000000,0,0,0,0,0,0,0,0,0,0,0,46,0,600,702.5927872619714,336.4688909932738,1667.7300919982372,2578.0
1791187587,0,GET,BMC: system information,1.000000,0.000000,0,0,0,0,0,0,0,0,0,0,0,30,0,580,601.0044406337935,325.445763010066,1232.8882760048145,2578.0
1791187587,0,GET,Public: /posts,0.400000,0.000000,0,0,0,0,0,0,0,0,0,0,0,21,0,350,620.6801736663606,170.55653499846812,2986.5540099999635,27520.0
1791187587,0,GET,Public: wttr.in/Novosibirsk,0.400000,0.000000,0,0,0,0,0,0,0,0,0,0,0,18,0,2000,2429.3571708872655,750.698061005096,6903.610150999157,39654.0
1791187587,0,,Aggregated,2.500000,0.000000,0,0,0,0,0,0,0,0,0,0,0,115,0,620,931.4096883132943,170.55653499846812,6903.610150999157,12935.826086956522
1791187588,0,GET,BMC: PowerState,0.700000,0.000000,0,0,0,0,0,0,0,0,0,0,0,46,0,600,702.5927872619714,336.4688909932738,1667.7300919982372,2578.0
1791187588,0,GET,BMC: system information,1.000000,0.000000,0,0,0,0,0,0,0,0,0,0,0,30,0,580,601.0044406337935,325.445763010066,1232.8882760048145,2578.0
1791187588,0,GET,Public: /posts,0.400000,0.000000,0,0,0,0,0,0,0,0,0,0,0,21,0,350,620.6801736663606,170.55653499846812,2986.5540099999635,27520.0
1791187588,0,GET,Public: wttr.in/Novosibirsk,0.400000,0.000000,0,0,0,0,0,0,0,0,0,0,0,18,0,2000,2429.3571708872655,750.698061005096,6903.610150999157,39654.0
1791187588,0,,Aggregated,2.500000,0.000000,0,0,0,0,0,0,0,0,0,0,0,115,0,620,931.4096883132943,170.55653499846812,6903.610150999157,12935.826086956522
1791187589,0,GET,BMC: PowerState,0.700000,0.000000,0,0,0,0,0,0,0,0,0,0,0,46,0,600,702.5927872619714,336.4688909932738,1667.7300919982372,2578.0
1791187589,0,GET,BMC: system information,1.000000,0.000000,0,0,0,0,0,0,0,0,0,0,0,30,0,580,601.0044406337935,325.445763010066,1232.8882760048145,2578.0
1791187589,0,GET,Public: /posts,0.400000,0.000000,0,0,0,0,0,0,0,0,0,0,0,21,0,350,620.6801736663606,170.55653499846812,2986.5540099999635,27520.0
1791187589,0,GET,Public: wttr.in/Novosibirsk,0.400000,0.000000,0,0,0,0,0,0,0,0,0,0,0,18,0,2000,2429.3571708872655,750.698061005096,6903.610150999157,39654.0
1791187589,0,,Aggregated,2.500000,0.000000,0,0,0,0,0,0,0,0,0,0,0,115,0,620,931.4096883132943,170.55653499846812,6903.610150999157,12935.826086956522
1791187590,0,GET,BMC: PowerState,0.700000,0.000000,0,0,0,0,0,0,0,0,0,0,0,46,0,600,702.5927872619714,336.4688909932738,1667.7300919982372,2578.0
1791187590,0,GET,BMC: system information,1.000000,0.000000,0,0,0,0,0,0,0,0,0,0,0,30,0,580,601.0044406337935,325.445763010066,1232.8882760048145,2578.0
1791187590,0,GET,Public: /posts,0.400000,0.000000,0,0,0,0,0,0,0,0,0,0,0,21,0,350,620.6801736663606,170.55653499846812,2986.5540099999635,27520.0
1791187590,0,GET,Public: wttr.in/Novosibirsk,0.400000,0.000000,0,0,0,0,0,0,0,0,0,0,0,18,0,2000,2429.3571708872655,750.698061005096,6903.610150999157,39654.0
1791187590,0,,Aggregated,2.500000,0.000000,0,0,0,0,0,0,0,0,0,0,0,115,0,620,931.4096883132943,170.55653499846812,6903.610150999157,12935.826086956522
1791187591,0,GET,BMC: PowerState,0.700000,0.000000,0,0,0,0,0,0,0,0,0,0,0,46,0,600,702.5927872619714,336.4688909932738,1667.7300919982372,2578.0
1791187591,0,GET,BMC: system information,1.000000,0.000000,0,0,0,0,0,0,0,0,0,0,0,30,0,580,601.0044406337935,325.445763010066,1232.8882760048145,2578.0
1791187591,0,GET,Public: /posts,0.400000,0.000000,0,0,0,0,0,0,0,0,0,0,0,21,0,350,620.6801736663606,170.55653499846812,2986.5540099999635,27520.0
1791187591,0,GET,Public: wttr.in/Novosibirsk,0.400000,0.000000,0,0,0,0,0,0,0,0,0,0,0,18,0,2000,2429.3571708872655,750.698061005096,6903.610150999157,39654.0
1791187591,0,,Aggregated,2.500000,0.000000,0,0,0,0,0,0,0,0,0,0,0,115,0,620,931.4096883132943,170.55653499846812,6903.610150999157,12935.826086956522
1791187592,0,GET,BMC: PowerState,0.700000,0.000000,0,0,0,0,0,0,0,0,0,0,0,46,0,600,702.5927872619714,336.4688909932738,1667.7300919982372,2578.0
1791187592,0,GET,BMC: system information,1.000000,0.000000,0,0,0,0,0,0,0,0,0,0,0,30,0,580,601.0044406337935,325.445763010066,1232.8882760048145,2578.0
1791187592,0,GET,Public: /posts,0.400000,0.000000,0,0,0,0,0,0,0,0,0,0,0,21,0,350,620.6801736663606,170.55653499846812,2986.5540099999635,27520.0
1791187592,0,GET,Public: wttr.in/Novosibirsk,0.400000,0.000000,0,0,0,0,0,0,0,0,0,0,0,18,0,2000,2429.3571708872655,750.698061005096,6903.610150999157,39654.0
1791187592,0,,Aggregated,2.500000,0.000000,0,0,0,0,0,0,0,0,0,0,0,115,0,620,931.4096883132943,170.55653499846812,6903.610150999157,12935.826086956522
1791187593,0,GET,BMC: PowerState,0.700000,0.000000,0,0,0,0,0,0,0,0,0,0,0,46,0,600,702.5927872619714,336.4688909932738,1667.7300919982372,2578.0
1791187593,0,GET,BMC: system information,1.000000,0.000000,0,0,0,0,0,0,0,0,0,0,0,30,0,580,601.0044406337935,325.445763010066,1232.8882760048145,2578.0
1791187593,0,GET,Public: /posts,0.400000,0.000000,0,0,0,0,0,0,0,0,0,0,0,21,0,350,620.6801736663606,170.55653499846812,2986.5540099999635,27520.0
1791187593,0,GET,Public: wttr.in/Novosibirsk,0.400000,0.000000,0,0,0,0,0,0,0,0,0,0,0,18,0,2000,2429.3571708872655,750.698061005096,6903.610150999157,39654.0
1791187593,0,,Aggregated,2.500000,0.000000,0,0,0,0,0,0,0,0,0,0,0,115,0,620,931.4096883132943,170.55653499846812,6903.610150999157,12935.826086956522
1791187594,0,GET,BMC: PowerState,0.700000,0.000000,0,0,0,0,0,0,0,0,0,0,0,46,0,600,702.5927872619714,336.4688909932738,1667.7300919982372,2578.0
1791187594,0,GET,BMC: system information,1.000000,0.000000,0,0,0,0,0,0,0,0,0,0,0,30,0,580,601.0044406337935,325.445763010066,1232.8882760048145,2578.0
1791187594,0,GET,Public: /posts,0.400000,0.000000,0,0,0,0,0,0,0,0,0,0,0,21,0,350,620.6801736663606,170.55653499846812,2986.5540099999635,27520.0
1791187594,0,GET,Public: wttr.in/Novosibirsk,0.400000,0.000000,0,0,0,0,0,0,0,0,0,0,0,18,0,2000,2429.3571708872655,750.698061005096,6903.610150999157,39654.0
1791187594,0,,Aggregated,2.500000,0.000000,0,0,0,0,0,0,0,0,0,0,0,115,0,620,931.4096883132943,170.55653499846812,6903.610150999157,12935.826086956522
1791187595,0,GET,BMC: PowerState,0.700000,0.000000,0,0,0,0,0,0,0,0,0,0,0,46,0,600,702.5927872619714,336.4688909932738,1667.7300919982372,2578.0
1791187595,0,GET,BMC: system information,1.000000,0.000000,0,0,0,0,0,0,0,0,0,0,0,30,0,580,601.0044406337935,325.445763010066,1232.8882760048145,2578.0
1791187595,0,GET,Public: /posts,0.400000,0.000000,0,0,0,0,0,0,0,0,0,0,0,21,0,350,620.6801736663606,170.55653499846812,2986.5540099999635,27520.0
1791187595,0,GET,Public: wttr.in/Novosibirsk,0.400000,0.000000,0,0,0,0,0,0,0,0,0,0,0,18,0,2000,2429.3571708872655,750.698061005096,6903.610150999157,39654.0
1791187595,0,,Aggregated,2.500000,0.000000,0,0,0,0,0,0,0,0,0,0,0,115,0,620,931.4096883132943,170.55653499846812,6903.610150999157,12935.826086956522
1791187596,0,GET,BMC: PowerState,0.700000,0.000000,0,0,0,0,0,0,0,0,0,0,0,46,0,600,702.5927872619714,336.4688909932738,1667.7300919982372,2578.0
1791187596,0,GET,BMC: system information,1.000000,0.000000,0,0,0,0,0,0,0,0,0,0,0,30,0,580,601.0044406337935,325.445763010066,1232.8882760048145,2578.0
1791187596,0,GET,Public: /posts,0.400000,0.000000,0,0,0,0,0,0,0,0,0,0,0,21,0,350,620.6801736663606,170.55653499846812,2986.5540099999635,27520.0
1791187596,0,GET,Public: wttr.in/Novosibirsk,0.400000,0.000000,0,0,0,0,0,0,0,0,0,0,0,18,0,2000,2429.3571708872655,750.698061005096,6903.610150999157,39654.0
1791187596,0,,Aggregated,2.500000,0.000000,0,0,0,0,0,0,0,0,0,0,0,115,0,620,931.4096883132943,170.55653499846812,6903.610150999157,12935.826086956522
1791187597,0,GET,BMC: PowerState,0.700000,0.000000,0,0,0,0,0,0,0,0,0,0,0,46,0,600,702.5927872619714,336.4688909932738,1667.7300919982372,2578.0
1791187597,0,GET,BMC: system information,1.000000,0.000000,0,0,0,0,0,0,0,0,0,0,0,30,0,580,601.0044406337935,325.445763010066,1232.8882760048145,2578.0
1791187597,0,GET,Public: /posts,0.400000,0.000000,0,0,0,0,0,0,0,0,0,0,0,21,0,350,620.6801736663606,170.55653499846812,2986.5540099999635,27520.0
1791187597,0,GET,Public: wttr.in/Novosibirsk,0.400000,0.000000,0,0,0,0,0,0,0,0,0,0,0,18,0,2000,2429.3571708872655,750.698061005096,6903.610150999157,39654.0
1791187597,0,,Aggregated,2.500000,0.000000,0,0,0,0,0,0,0,0,0,0,0,115,0,620,931.4096883132943,170.55653499846812,6903.610150999157,12935.826086956522
1791187598,0,GET,BMC: PowerState,0.700000,0.000000,0,0,0,0,0,0,0,0,0,0,0,46,0,600,702.5927872619714,336.4688909932738,1667.7300919982372,2578.0
1791187598,0,GET,BMC: system information,1.000000,0.000000,0,0,0,0,0,0,0,0,0,0,0,30,0,580,601.0044406337935,325.445763010066,1232.8882760048145,2578.0
1791187598,0,GET,Public: /posts,0.400000,0.000000,0,0,0,0,0,0,0,0,0,0,0,21,0,350,620.6801736663606,170.55653499846812,2986.5540099999635,27520.0
1791187598,0,GET,Public: wttr.in/Novosibirsk,0.400000,0.000000,0,0,0,0,0,0,0,0,0,0,0,18,0,2000,2429.3571708872655,750.698061005096,6903.610150999157,39654.0
1791187598,0,,Aggregated,2.500000,0.000000,0,0,0,0,0,0,0,0,0,0,0,115,0,620,931.4096883132943,170.55653499846812,6903.610150999157,12935.826086956522
1791187599,0,GET,BMC: PowerState,0.700000,0.000000,0,0,0,0,0,0,0,0,0,0,0,46,0,600,702.5927872619714,336.4688909932738,1667.7300919982372,2578.0
1791187599,0,GET,BMC: system information,1.000000,0.000000,0,0,0,0,0,0,0,0,0,0,0,30,0,580,601.0044406337935,325.445763010066,1232.8882760048145,2578.0
1791187599,0,GET,Public: /posts,0.400000,0.000000,0,0,0,0,0,0,0,0,0,0,0,21,0,350,620.6801736663606,170.55653499846812,2986.5540099999635,27520.0
1791187599,0,GET,Public: wttr.in/Novosibirsk,0.400000,0.000000,0,0,0,0,0,0,0,0,0,0,0,18,0,2000,2429.3571708872655,750.698061005096,6903.610150999157,39654.0
1791187599,0,,Aggregated,2.500000,0.000000,0,0,0,0,0,0,0,0,0,0,0,115,0,620,931.4096883132943,170.55653499846812,6903.610150999157,12935.826086956522
1791187600,0,GET,BMC: PowerState,0.700000,0.000000,0,0,0,0,0,0,0,0,0,0,0,46,0,600,702.5927872619714,336.4688909932738,1667.7300919982372,2578.0
1791187600,0,GET,BMC: system information,1.000000,0.000000,0,0,0,0,0,0,0,0,0,0,0,30,0,580,601.0044406337935,325.445763010066,1232.8882760048145,2578.0
1791187600,0,GET,Public: /posts,0.400000,0.000000,0,0,0,0,0,0,0,0,0,0,0,21,0,350,620.6801736663606,170.55653499846812,2986.5540099999635,27520.0
1791187600,0,GET,Public: wttr.in/Novosibirsk,0.400000,0.000000,0,0,0,0,0,0,0,0,0,0,0,18,0,2000,2429.3571708872655,750.698061005096,6903.610150999157,39654.0
1791187600,0,,Aggregated,2.500000,0.000000,0,0,0,0,0,0,0,0,0,0,0,115,0,620,931.4096883132943,170.55653499846812,6903.610150999157,12935.826086956522
1791187601,0,GET,BMC: PowerState,0.700000,0.000000,0,0,0,0,0,0,0,0,0,0,0,46,0,600,702.5927872619714,336.4688909932738,1667.7300919982372,2578.0
1791187601,0,GET,BMC: system information,1.000000,0.000000,0,0,0,0,0,0,0,0,0,0,0,30,0,580,601.0044406337935,325.445763010066,1232.8882760048145,2578.0
1791187601,0,GET,Public: /posts,0.400000,0.000000,0,0,0,0,0,0,0,0,0,0,0,21,0,350,620.6801736663606,170.55653499846812,2986.5540099999635,27520.0
1791187601,0,GET,Public: wttr.in/Novosibirsk,0.400000,0.000000,0,0,0,0,0,0,0,0,0,0,0,18,0,2000,2429.3571708872655,750.698061005096,6903.610150999157,39654.0
1791187601,0,,Aggregated,2.500000,0.000000,0,0,0,0,0,0,0,0,0,0,0,115,0,620,931.4096883132943,170.55653499846812,6903.610150999157,12935.826086956522
1791187602,0,GET,BMC: PowerState,0.700000,0.000000,0,0,0,0,0,0,0,0,0,0,0,46,0,600,702.5927872619714,336.4688909932738,1667.7300919982372,2578.0
1791187602,0,GET,BMC: system information,1.000000,0.000000,0,0,0,0,0,0,0,0,0,0,0,30,0,580,601.0044406337935,325.445763010066,1232.8882760048145,2578.0
1791187602,0,GET,Public: /posts,0.400000,0.000000,0,0,0,0,0,0,0,0,0,0,0,21,0,350,620.6801736663606,170.55653499846812,2986.5540099999635,27520.0
1791187602,0,GET,Public: wttr.in/Novosibirsk,0.400000,0.000000,0,0,0,0,0,0,0,0,0,0,0,18,0,2000,2429.3571708872655,750.698061005096,6903.610150999157,39654.0
1791187602,0,,Aggregated,2.500000,0.000000,0,0,0,0,0,0,0,0,0,0,0,115,0,620,931.4096883132943,170.55653499846812,6903.610150999157,12935.826086956522
1791187603,0,GET,BMC: PowerState,0.700000,0.000000,0,0,0,0,0,0,0,0,0,0,0,46,0,600,702.5927872619714,336.4688909932738,1667.7300919982372,2578.0
1791187603,0,GET,BMC: system information,1.000000,0.000000,0,0,0,0,0,0,0,0,0,0,0,30,0,580,601.0044406337935,325.445763010066,1232.8882760048145,2578.0
1791187603,0,GET,Public: /posts,0.400000,0.000000,0,0,0,0,0,0,0,0,0,0,0,21,0,350,620.6801736663606,170.55653499846812,2986.5540099999635,27520.0
1791187603,0,GET,Public: wttr.in/Novosibirsk,0.400000,0.000000,0,0,0,0,0,0,0,0,0,0,0,18,0,2000,2429.3571708872655,750.698061005096,6903.610150999157,39654.0
1791187603,0,,Aggregated,2.500000,0.000000,0,0,0,0,0,0,0,0,0,0,0,115,0,620,931.4096883132943,170.55653499846812,6903.610150999157,12935.826086956522
1791187604,0,GET,BMC: PowerState,0.700000,0.000000,0,0,0,0,0,0,0,0,0,0,0,46,0,600,702.5927872619714,336.4688909932738,1667.7300919982372,2578.0
1791187604,0,GET,BMC: system information,1.000000,0.000000,0,0,0,0,0,0,0,0,0,0,0,30,0,580,601.0044406337935,325.445763010066,1232.8882760048145,2578.0
1791187604,0,GET,Public: /posts,0.400000,0.000000,0,0,0,0,0,0,0,0,0,0,0,21,0,350,620.6801736663606,170.55653499846812,2986.5540099999635,27520.0
1791187604,0,GET,Public: wttr.in/Novosibirsk,0.400000,0.000000,0,0,0,0,0,0,0,0,0,0,0,18,0,2000,2429.3571708872655,750.698061005096,6903.610150999157,39654.0
1791187604,0,,Aggregated,2.500000,0.000000,0,0,0,0,0,0,0,0,0,0,0,115,0,620,931.4096883132943,170.55653499846812,6903.610150999157,12935.826086956522
1791187605,0,GET,BMC: PowerState,0.700000,0.000000,0,0,0,0,0,0,0,0,0,0,0,46,0,600,702.5927872619714,336.4688909932738,1667.7300919982372,2578.0
1791187605,0,GET,BMC: system information,1.000000,0.000000,0,0,0,0,0,0,0,0,0,0,0,30,0,580,601.0044406337935,325.445763010066,1232.8882760048145,2578.0
1791187605,0,GET,Public: /posts,0.400000,0.000000,0,0,0,0,0,0,0,0,0,0,0,21,0,350,620.6801736663606,170.55653499846812,2986.5540099999635,27520.0
1791187605,0,GET,Public: wttr.in/Novosibirsk,0.400000,0.000000,0,0,0,0,0,0,0,0,0,0,0,18,0,2000,2429.3571708872655,750.698061005096,6903.610150999157,39654.0
1791187605,0,,Aggregated,2.500000,0.000000,0,0,0,0,0,0,0,0,0,0,0,115,0,620,931.4096883132943,170.55653499846812,6903.610150999157,12935.826086956522
1791187606,0,GET,BMC: PowerState,0.700000,0.000000,0,0,0,0,0,0,0,0,0,0,0,46,0,600,702.5927872619714,336.4688909932738,1667.7300919982372,2578.0
1791187606,0,GET,BMC: system information,1.000000,0.000000,0,0,0,0,0,0,0,0,0,0,0,30,0,580,601.0044406337935,325.445763010066,1232.8882760048145,2578.0
1791187606,0,GET,Public: /posts,0.400000,0.000000,0,0,0,0,0,0,0,0,0,0,0,21,0,350,620.6801736663606,170.55653499846812,2986.5540099999635,27520.0
1791187606,0,GET,Public: wttr.in/Novosibirsk,0.400000,0.000000,0,0,0,0,0,0,0,0,0,0,0,18,0,2000,2429.3571708872655,750.698061005096,6903.610150999157,39654.0
1791187606,0,,Aggregated,2.500000,0.000000,0,0,0,0,0,0,0,0,0,0,0,115,0,620,931.4096883132943,170.55653499846812,6903.610150999157,12935.826086956522
1791187607,0,GET,BMC: PowerState,0.700000,0.000000,0,0,0,0,0,0,0,0,0,0,0,46,0,600,702.5927872619714,336.4688909932738,1667.7300919982372,2578.0
1791187607,0,GET,BMC: system information,1.000000,0.000000,0,0,0,0,0,0,0,0,0,0,0,30,0,580,601.0044406337935,325.445763010066,1232.8882760048145,2578.0
1791187607,0,GET,Public: /posts,0.400000,0.000000,0,0,0,0,0,0,0,0,0,0,0,21,0,350,620.6801736663606,170.55653499846812,2986.5540099999635,27520.0
1791187607,0,GET,Public: wttr.in/Novosibirsk,0.400000,0.000000,0,0,0,0,0,0,0,0,0,0,0,18,0,2000,2429.3571708872655,750.698061005096,6903.610150999157,39654.0
1791187607,0,,Aggregated,2.500000,0.000000,0,0,0,0,0,0,0,0,0,0,0,115,0,620,931.4096883132943,170.55653499846812,6903.610150999157,12935.826086956522
1791187608,0,GET,BMC: PowerState,0.700000,0.000000,0,0,0,0,0,0,0,0,0,0,0,46,0,600,702.5927872619714,336.4688909932738,1667.7300919982372,2578.0
1791187608,0,GET,BMC: system information,1.000000,0.000000,0,0,0,0,0,0,0,0,0,0,0,30,0,580,601.0044406337935,325.445763010066,1232.8882760048145,2578.0
1791187608,0,GET,Public: /posts,0.400000,0.000000,0,0,0,0,0,0,0,0,0,0,0,21,0,350,620.6801736663606,170.55653499846812,2986.5540099999635,27520.0
1791187608,0,GET,Public: wttr.in/Novosibirsk,0.400000,0.000000,0,0,0,0,0,0,0,0,0,0,0,18,0,2000,2429.3571708872655,750.698061005096,6903.610150999157,39654.0
1791187608,0,,Aggregated,2.500000,0.000000,0,0,0,0,0,0,0,0,0,0,0,115,0,620,931.4096883132943,170.55653499846812,6903.610150999157,12935.826086956522
1791187609,0,GET,BMC: PowerState,0.700000,0.000000,0,0,0,0,0,0,0,0,0,0,0,46,0,600,702.5927872619714,336.4688909932738,1667.7300919982372,2578.0
1791187609,0,GET,BMC: system information,1.000000,0.000000,0,0,0,0,0,0,0,0,0,0,0,30,0,580,601.0044406337935,325.445763010066,1232.8882760048145,2578.0
1791187609,0,GET,Public: /posts,0.400000,0.000000,0,0,0,0,0,0,0,0,0,0,0,21,0,350,620.6801736663606,170.55653499846812,2986.5540099999635,27520.0
1791187609,0,GET,Public: wttr.in/Novosibirsk,0.400000,0.000000,0,0,0,0,0,0,0,0,0,0,0,18,0,2000,2429.3571708872655,750.698061005096,6903.610150999157,39654.0
1791187609,0,,Aggregated,2.500000,0.000000,0,0,0,0,0,0,0,0,0,0,0,115,0,620,931.4096883132943,170.55653499846812,6903.610150999157,12935.826086956522
1791187610,0,GET,BMC: PowerState,0.700000,0.000000,0,0,0,0,0,0,0,0,0,0,0,46,0,600,702.5927872619714,336.4688909932738,1667.7300919982372,2578.0
1791187610,0,GET,BMC: system information,1.000000,0.000000,0,0,0,0,0,0,0,0,0,0,0,30,0,580,601.0044406337935,325.445763010066,1232.8882760048145,2578.0
1791187610,0,GET,Public: /posts,0.400000,0.000000,0,0,0,0,0,0,0,0,0,0,0,21,0,350,620.6801736663606,170.55653499846812,2986.5540099999635,27520.0
1791187610,0,GET,Public: wttr.in/Novosibirsk,0.400000,0.000000,0,0,0,0,0,0,0,0,0,0,0,18,0,2000,2429.3571708872655,750.698061005096,6903.610150999157,39654.0
1791187610,0,,Aggregated,2.500000,0.000000,0,0,0,0,0,0,0,0,0,0,0,115,0,620,931.4096883132943,170.55653499846812,6903.610150999157,12935.826086956522
1791187611,0,GET,BMC: PowerState,0.700000,0.000000,0,0,0,0,0,0,0,0,0,0,0,46,0,600,702.5927872619714,336.4688909932738,1667.7300919982372,2578.0
1791187611,0,GET,BMC: system information,1.000000,0.000000,0,0,0,0,0,0,0,0,0,0,0,30,0,580,601.0044406337935,325.445763010066,1232.8882760048145,2578.0
1791187611,0,GET,Public: /posts,0.400000,0.000000,0,0,0,0,0,0,0,0,0,0,0,21,0,350,620.6801736663606,170.55653499846812,2986.5540099999635,27520.0
1791187611,0,GET,Public: wttr.in/Novosibirsk,0.400000,0.000000,0,0,0,0,0,0,0,0,0,0,0,18,0,2000,2429.3571708872655,750.698061005096,6903.610150999157,39654.0
1791187611,0,,Aggregated,2.500000,0.000000,0,0,0,0,0,0,0,0,0,0,0,115,0,620,931.4096883132943,170.55653499846812,6903.610150999157,12935.826086956522
